1,249,261,221,221,257,257,219,222,249,249,523,526,224,224,177,177,240,240,311,311,263,261,265,265,161,161,279,279,220,220,214,214,304,304,340,340,243,247,293,293,252,252,190,190,258,172,539,542,352,358,224,224
1,261,261,221,221,257,257,219,219,249,249,523,523,224,224,177,177,240,240,307,311,263,263,265,265,163,161,279,279,220,220,214,214,304,304,340,340,205,249,293,293,252,252,190,190,258,258,539,542,320,338,224,224
1,255,261,221,221,257,257,219,219,249,251,523,523,224,224,177,177,240,240,307,307,263,263,265,265,163,163,279,279,220,220,214,214,304,304,340,340,221,247,293,293,252,254,190,190,258,258,539,542,320,348,224,224
1,257,257,221,221,257,257,216,219,249,251,523,532,224,224,177,177,240,240,309,311,263,263,265,265,163,157,279,279,220,220,214,214,304,304,340,340,237,249,293,293,252,254,190,190,258,172,539,539,336,352,224,227
1,261,261,221,221,257,257,219,219,249,251,523,523,224,224,177,177,240,240,311,311,263,263,265,265,163,223,279,279,220,220,214,214,304,304,340,340,245,247,293,293,252,254,190,190,258,172,539,539,332,334,224,224
1,257,263,221,221,257,257,219,225,249,249,523,523,224,224,177,177,240,240,307,311,263,261,265,265,163,163,279,279,220,220,214,214,304,304,340,336,205,249,293,293,252,252,190,190,172,172,539,539,338,352,224,224
1,257,257,221,221,257,257,219,222,249,249,523,523,224,224,177,177,240,240,307,307,263,263,265,265,163,161,279,288,220,220,214,214,304,304,340,340,217,249,293,293,252,252,190,190,258,174,539,539,338,352,224,224
1,271,261,221,221,257,257,216,219,249,249,523,523,224,227,177,177,240,240,307,309,263,263,265,265,161,157,279,279,220,220,214,214,304,304,340,330,245,245,293,293,252,252,190,190,168,172,539,542,342,352,-9,-9
1,261,261,221,221,257,257,219,219,249,249,523,523,224,224,177,177,240,240,309,311,263,263,265,265,163,163,279,279,220,220,214,214,304,304,340,340,205,217,293,293,252,252,190,190,258,258,539,542,320,354,224,224
1,241,261,221,221,257,257,219,219,249,249,-9,-9,224,224,177,177,240,240,307,311,263,263,265,265,163,161,279,279,220,220,214,214,304,304,340,340,205,205,293,293,252,252,190,190,172,172,542,542,330,342,224,227
1,261,261,221,221,257,257,222,219,249,249,529,526,224,224,177,177,240,240,307,307,263,259,265,265,163,161,279,279,220,220,214,214,304,304,340,334,245,245,293,293,252,252,190,190,172,258,-9,-9,328,338,224,224
1,261,271,221,221,257,257,219,219,249,249,523,523,224,224,177,177,240,240,307,311,263,263,265,265,163,161,279,279,220,220,214,214,304,304,340,340,207,245,293,293,252,252,190,190,172,168,539,542,328,342,224,227
1,261,267,221,221,257,257,216,219,249,251,523,526,224,224,177,177,240,240,309,309,263,263,265,265,163,161,279,279,220,220,214,214,304,304,340,334,205,249,293,293,252,254,190,190,258,258,539,542,320,336,224,224
2,255,267,221,221,257,257,216,222,249,249,523,523,224,224,177,177,240,240,309,309,263,257,265,265,163,161,279,279,220,220,214,214,304,304,340,332,235,241,293,293,252,252,190,190,172,168,539,539,354,358,224,224
2,255,265,221,221,257,257,216,228,249,249,523,523,224,224,177,177,240,240,309,311,263,263,265,265,163,163,279,279,220,220,214,214,304,304,340,340,243,245,293,293,252,252,190,190,258,258,539,539,330,330,224,224
2,257,265,221,221,257,257,219,222,249,249,532,535,224,224,177,177,240,240,307,307,263,249,265,265,163,157,279,279,220,220,214,214,304,304,340,340,237,237,293,299,252,252,190,190,172,258,-9,-9,338,354,224,224
2,257,267,221,221,257,257,222,222,249,249,523,523,224,224,177,177,240,240,307,309,263,263,265,265,163,157,279,279,220,220,214,214,304,304,340,340,243,245,293,293,252,252,190,190,172,172,539,539,342,342,224,224
2,257,265,221,221,257,257,219,219,249,249,523,523,224,224,177,177,240,240,309,309,263,263,265,265,163,161,279,279,220,220,214,214,304,304,340,340,217,241,293,293,252,252,190,190,172,172,539,542,330,336,224,224
2,253,265,221,221,257,257,219,222,249,249,526,535,224,224,177,177,240,240,307,307,263,263,265,265,163,161,279,279,220,220,214,214,304,304,340,340,205,245,293,299,252,252,190,190,172,172,542,542,344,354,224,221
2,245,273,221,225,257,257,219,222,249,249,523,535,224,224,177,177,240,240,307,307,263,259,265,265,163,163,279,279,220,220,214,214,304,304,340,336,203,203,293,299,252,252,190,190,258,258,539,542,338,340,224,224
2,261,269,221,221,257,257,222,222,249,249,523,523,224,224,177,177,240,240,307,309,263,261,265,265,163,163,279,279,220,220,214,214,304,304,340,336,205,225,293,295,252,252,190,190,258,172,539,539,342,344,224,224
2,273,273,221,221,257,257,216,225,249,249,523,523,224,224,177,177,240,240,307,309,263,263,265,265,163,171,279,279,220,220,214,214,304,304,340,340,227,245,293,299,252,252,190,190,172,172,542,539,348,358,224,224
2,269,269,221,219,257,257,219,228,249,249,523,523,224,224,177,177,240,240,307,309,263,263,265,265,163,161,279,279,220,220,214,214,304,304,340,340,209,225,293,293,252,252,190,190,258,172,539,542,346,354,224,224
2,265,271,221,221,257,257,216,207,249,249,523,523,224,227,177,177,240,240,307,309,263,263,265,265,163,161,279,279,220,220,214,214,304,304,340,340,243,247,293,299,252,252,190,190,258,172,539,539,348,346,224,224
2,259,259,221,221,257,257,219,219,249,249,523,523,224,224,177,177,240,240,309,307,263,263,265,265,163,163,279,279,220,220,214,214,304,304,340,340,215,249,293,293,252,252,190,190,258,258,539,542,332,336,224,224
2,257,261,221,217,257,257,219,222,249,249,526,535,224,224,177,177,240,240,309,309,263,259,265,265,163,223,279,279,220,220,214,214,304,304,340,334,245,245,293,299,252,252,190,190,258,258,542,542,332,348,224,224
2,255,251,221,221,257,257,216,219,249,249,523,523,224,224,177,177,240,240,309,311,263,263,265,265,163,163,279,279,220,220,214,214,304,304,340,336,227,245,293,299,252,252,190,190,172,172,539,539,346,346,224,224
2,257,267,221,221,257,257,216,222,249,249,523,535,224,224,177,177,240,240,307,307,263,263,265,265,161,223,279,279,220,220,214,214,304,304,340,340,245,245,293,293,252,252,190,190,258,258,539,542,330,342,224,224
2,261,269,221,221,257,257,222,222,249,249,526,535,224,224,177,177,240,240,307,309,263,263,265,265,163,161,279,279,220,220,214,214,304,304,340,340,225,241,293,293,252,252,190,190,172,172,542,542,346,346,224,224
2,257,259,221,221,257,257,219,219,249,249,523,523,224,224,177,177,240,240,307,307,263,263,265,265,163,163,279,279,220,220,214,214,304,304,340,340,205,241,293,293,252,252,190,190,258,258,542,539,336,342,224,224
2,261,277,221,221,257,257,219,222,249,249,526,535,224,224,177,177,240,240,307,309,263,263,265,265,163,161,279,279,220,220,214,214,304,304,340,340,211,223,293,293,252,252,190,190,172,258,542,542,330,346,224,224
2,267,267,221,221,257,257,219,222,249,249,-9,-9,224,224,177,177,240,240,307,309,263,263,265,265,163,161,279,279,220,220,214,214,304,304,340,340,225,225,293,293,252,252,190,196,172,258,-9,-9,344,346,-9,-9
2,255,257,221,221,257,257,219,222,249,249,523,523,224,224,177,177,240,240,307,307,263,263,265,265,163,163,279,279,220,220,214,214,304,304,340,340,205,251,293,293,252,252,190,190,258,258,539,542,330,336,224,224
2,259,259,221,221,257,257,219,219,249,249,-9,-9,224,224,177,177,240,240,307,307,263,263,265,265,223,223,279,279,220,220,214,214,304,304,340,334,241,243,293,299,252,246,190,190,258,172,-9,-9,330,346,224,224
2,245,263,221,221,257,257,219,222,249,249,523,523,224,227,177,177,240,240,307,307,263,263,265,262,163,163,279,279,220,220,214,214,304,304,340,340,-9,-9,293,293,252,252,190,190,172,172,539,539,340,346,224,224
2,245,265,221,221,257,257,219,222,249,249,523,523,224,227,177,177,240,240,307,307,263,263,265,265,163,161,279,279,220,220,214,214,304,304,340,340,241,245,293,295,252,252,190,190,172,258,539,542,336,342,224,224
2,267,269,221,221,257,257,222,225,249,249,523,526,224,224,177,177,240,240,307,309,263,263,265,265,163,161,279,279,220,220,214,214,304,304,340,340,241,247,293,293,252,252,190,190,172,258,539,542,346,342,224,224
2,263,267,221,221,257,257,219,219,249,249,526,535,224,224,177,177,240,240,307,309,263,263,265,265,163,161,279,288,220,220,214,214,304,304,340,340,225,217,293,293,252,252,190,196,172,258,542,542,336,338,224,224
3,263,265,221,221,257,257,216,219,249,251,523,535,224,224,177,177,240,240,309,307,263,263,265,265,163,171,279,282,220,220,214,214,304,304,340,340,239,239,293,293,252,254,190,190,172,258,539,539,340,340,224,224
3,261,261,221,241,257,257,219,219,249,249,523,535,224,224,177,177,240,240,309,311,263,263,265,265,223,223,279,276,220,220,214,214,304,304,340,340,215,245,293,293,252,252,190,190,172,172,539,542,336,350,224,224
3,239,269,221,239,257,257,216,219,249,249,523,526,224,224,177,177,240,240,307,333,263,263,265,265,163,171,279,279,220,220,214,214,304,304,340,340,231,245,293,293,252,252,190,190,172,250,539,542,336,350,224,224
3,261,273,221,221,257,257,219,222,249,249,523,526,224,224,177,177,240,240,309,309,263,263,265,265,163,157,279,279,220,220,214,214,304,304,340,340,221,221,293,293,252,252,190,190,172,258,539,542,330,340,224,224
3,265,263,221,221,257,257,219,222,249,249,523,526,224,224,177,177,240,240,309,309,263,263,265,265,163,163,279,279,220,220,214,214,304,304,340,340,245,253,293,293,252,252,190,190,258,176,539,542,340,340,224,224
3,253,273,221,221,257,257,219,222,249,249,523,535,224,224,177,177,240,240,307,307,263,263,265,265,163,163,279,279,220,220,214,214,304,304,340,340,229,245,293,293,252,252,190,190,172,172,539,539,328,330,224,224
3,257,265,221,221,257,257,219,225,249,251,526,526,224,224,177,177,240,240,307,307,263,263,265,265,163,163,279,279,220,220,214,214,304,304,340,340,205,249,293,293,252,254,190,190,172,258,542,542,328,330,224,224
3,265,265,221,221,257,257,222,222,249,251,523,535,224,224,177,177,240,240,309,309,263,263,265,265,163,171,279,279,220,220,214,214,304,304,340,340,245,245,293,293,252,254,190,190,172,258,539,548,330,346,224,224
3,253,255,221,221,257,257,219,222,249,251,526,523,224,224,177,177,240,240,309,311,263,263,265,265,161,163,279,282,220,220,214,214,304,304,340,340,229,245,293,295,252,254,190,190,172,258,539,539,330,340,224,224
3,259,263,221,241,257,257,222,228,249,249,523,535,224,224,177,177,240,240,309,311,263,263,265,265,163,163,279,279,220,220,214,214,304,304,340,340,241,223,293,293,252,274,190,190,172,172,539,539,330,330,224,224
3,251,263,221,221,257,257,219,219,247,247,523,526,224,224,177,177,240,240,309,309,263,263,265,265,163,163,279,279,220,220,214,214,304,304,340,340,205,245,293,293,252,252,190,190,172,176,539,542,342,342,224,224
3,261,265,221,221,257,257,219,219,249,249,523,535,224,224,177,177,240,240,309,307,263,263,265,265,163,171,279,279,220,220,214,214,304,304,340,340,229,237,293,293,252,252,190,190,250,176,539,539,336,356,224,224
3,263,265,221,221,257,257,219,219,249,249,523,535,224,224,177,177,240,240,311,311,263,263,265,265,161,163,279,279,220,220,214,214,304,304,340,340,205,205,293,293,252,252,190,190,172,172,539,539,326,340,224,224
3,259,265,221,221,257,257,219,219,249,249,523,535,224,224,177,177,240,240,307,309,263,263,265,265,171,163,279,279,220,220,214,214,304,304,340,340,239,253,293,293,252,252,190,190,258,258,539,539,342,356,224,224
3,265,265,221,221,257,257,216,219,249,249,535,526,224,224,177,177,240,240,307,311,263,263,265,265,163,171,279,279,220,220,214,214,304,304,340,340,205,245,293,293,252,274,190,190,172,172,539,542,338,350,224,224
3,265,265,221,241,257,257,219,219,249,249,523,529,224,224,177,177,238,240,307,307,263,263,265,265,163,163,279,282,220,220,214,214,304,304,340,340,195,247,293,295,252,252,190,190,172,176,539,542,332,356,224,224
3,267,277,221,221,257,257,216,219,249,249,523,526,224,227,177,177,240,240,311,309,263,263,265,265,163,163,279,282,220,220,214,214,304,304,340,340,231,223,293,293,252,252,190,190,172,172,539,542,340,344,224,224
3,263,265,221,221,257,257,219,222,249,249,526,535,224,224,177,177,240,240,309,311,263,263,265,265,163,223,279,279,220,220,214,214,304,304,340,340,215,239,293,293,252,274,190,190,172,172,-9,-9,330,342,224,224
3,265,275,221,221,257,257,219,219,249,249,523,535,224,224,177,177,240,240,309,307,263,263,265,265,163,171,279,279,220,220,214,214,304,304,340,340,205,245,293,293,252,252,190,190,258,258,539,539,336,350,224,224
3,253,253,221,221,257,257,219,222,249,249,523,535,224,224,177,177,240,240,309,307,263,263,265,265,163,163,279,276,220,220,214,214,304,304,340,340,239,249,293,293,252,252,190,190,172,172,539,539,330,342,224,224
3,251,259,221,221,257,257,216,219,249,249,523,526,224,224,177,177,240,240,309,307,263,263,265,265,163,163,279,279,220,220,214,214,304,304,340,340,229,245,293,293,252,252,190,190,172,172,539,542,340,350,224,224
3,259,269,221,221,257,257,216,219,249,249,523,526,224,224,177,177,240,240,307,309,263,263,265,265,163,171,279,291,220,220,214,214,304,304,340,340,245,249,293,293,252,252,190,190,176,172,539,542,344,350,224,224
4,267,271,221,241,257,257,228,219,251,251,523,535,224,224,177,177,240,240,307,307,263,263,265,265,163,171,279,288,220,220,214,214,304,304,340,340,229,247,293,295,252,252,190,190,172,258,539,539,346,348,224,224
4,261,263,221,241,257,257,219,219,249,251,526,520,224,224,177,177,240,240,307,311,263,263,265,265,163,163,279,279,220,220,214,214,304,304,340,340,245,247,293,293,252,254,190,190,172,172,542,542,350,340,224,224
4,259,271,221,213,257,257,219,228,249,249,523,535,224,224,177,177,240,240,307,307,263,263,265,265,161,163,279,288,220,220,214,214,304,304,340,340,229,207,293,295,252,252,190,190,258,172,539,539,346,346,224,224
4,255,257,221,221,257,257,219,222,249,249,523,523,224,224,177,177,240,240,307,307,263,263,265,265,163,171,279,282,220,220,214,214,304,304,340,340,205,231,293,293,252,252,190,190,258,172,539,539,346,348,224,224
4,265,277,221,221,257,257,219,225,249,249,523,526,224,224,177,177,240,240,309,311,263,263,265,265,163,223,279,279,220,220,214,214,304,304,340,340,229,237,293,293,252,252,190,190,258,258,539,542,338,342,224,227
4,271,277,221,241,257,257,219,219,249,249,523,526,224,224,177,177,240,240,307,309,263,263,265,265,163,171,279,279,220,220,214,214,304,304,340,340,207,217,293,293,252,252,190,190,258,258,539,542,338,346,224,224
4,259,267,221,241,257,257,219,222,249,249,523,532,224,224,177,177,240,240,309,309,263,263,265,265,163,163,279,279,220,220,214,214,304,304,340,340,205,217,293,293,252,252,190,190,172,258,539,539,340,346,224,224
4,241,261,221,241,257,257,216,219,249,249,523,535,224,224,177,177,240,240,307,309,263,263,265,265,163,163,279,279,220,220,214,214,304,304,340,340,227,229,293,293,252,252,190,190,258,258,539,539,354,356,224,224
4,241,241,221,221,257,257,216,219,249,249,523,535,224,224,177,177,240,240,307,333,263,263,265,265,161,163,279,279,220,220,214,214,304,304,340,340,205,225,293,293,252,252,190,190,172,258,539,548,342,350,224,224
4,241,259,221,241,257,257,219,228,249,249,523,523,224,224,177,177,240,240,307,307,263,263,265,265,163,163,279,279,220,220,214,214,304,304,340,340,205,231,293,293,252,252,190,190,172,172,539,539,342,352,224,224
4,255,259,221,221,257,257,219,219,249,251,523,523,224,224,177,177,240,240,307,311,263,263,265,265,223,223,279,282,220,220,214,214,304,304,340,340,243,249,293,295,252,254,190,190,258,172,539,539,342,350,224,227
4,255,261,221,221,257,257,219,219,249,249,523,523,224,224,177,177,240,240,307,309,263,263,265,265,163,223,279,279,220,220,214,214,304,304,340,340,231,231,293,293,252,252,190,190,172,172,539,539,344,346,224,227
4,241,261,221,221,257,257,216,219,249,249,523,535,224,224,177,177,240,240,309,309,263,263,265,265,163,163,279,279,220,220,214,214,304,304,340,340,227,243,293,293,252,252,190,190,172,258,539,542,346,356,224,224
4,263,277,221,241,257,257,219,219,249,249,523,535,224,224,177,177,240,240,311,311,263,263,265,265,163,163,279,279,220,220,214,214,304,304,340,340,241,247,293,293,252,252,190,190,172,172,539,539,340,346,224,224
4,265,277,221,241,257,257,219,225,249,249,523,526,224,224,177,177,240,240,309,311,263,263,265,265,163,223,279,279,220,220,214,214,304,304,340,340,229,237,293,293,252,252,190,190,258,258,539,542,338,340,224,227
4,255,265,221,241,257,257,219,219,249,249,523,535,224,224,177,177,240,240,309,311,263,263,265,265,163,163,279,279,220,220,214,214,304,304,340,340,243,249,293,295,252,252,190,190,258,258,539,539,342,348,224,224
4,263,267,221,221,257,257,219,222,249,249,523,526,224,224,177,177,240,240,307,307,263,263,265,265,163,163,279,279,220,220,214,214,304,304,340,340,219,249,293,293,252,252,190,190,172,258,539,542,338,352,224,224
4,259,267,221,221,257,257,219,219,249,251,523,535,224,224,177,177,240,240,309,311,263,263,265,265,163,223,279,282,220,220,214,214,304,304,340,340,243,245,293,293,252,254,190,190,172,258,539,542,342,346,224,227
4,267,273,221,221,257,257,219,219,249,249,523,526,224,224,177,177,240,240,309,309,263,263,265,265,163,163,279,279,220,220,214,214,304,304,340,340,207,239,293,293,252,252,190,190,172,172,539,542,342,344,224,224
4,265,275,221,221,257,257,222,222,249,249,523,535,224,224,177,177,240,240,311,307,263,263,265,265,163,163,279,279,220,220,214,214,304,304,340,340,205,221,293,293,252,252,190,190,172,258,539,539,340,340,224,224
4,255,265,221,241,257,257,219,228,249,249,523,535,224,224,177,177,240,240,307,307,263,263,265,265,223,223,279,279,220,220,214,214,304,304,340,340,239,221,293,293,252,252,190,190,172,172,539,548,342,348,224,224
5,255,267,221,221,257,257,216,222,249,249,523,535,224,224,177,177,240,240,309,309,263,263,265,265,163,163,279,279,220,220,214,214,304,304,340,340,227,239,293,295,252,252,190,190,172,258,539,539,340,340,224,224
5,259,267,221,221,257,257,216,219,249,249,523,535,224,224,177,177,240,240,309,309,263,263,265,265,163,163,279,279,220,220,214,214,304,304,340,340,239,241,293,293,252,252,190,190,172,172,539,539,342,342,224,224
5,265,267,221,221,257,257,216,219,249,249,523,526,224,224,177,177,240,240,307,309,263,263,265,265,163,171,279,279,220,220,214,214,304,304,340,340,227,239,293,293,252,252,190,190,172,172,539,542,338,350,224,224
5,257,261,221,241,257,257,219,222,249,249,526,535,224,224,177,177,240,240,307,307,263,263,265,265,163,163,279,285,220,220,214,214,304,304,340,340,227,239,293,293,252,252,190,190,172,172,542,548,342,350,224,224
5,263,273,221,221,257,257,219,219,249,251,526,535,224,224,177,177,240,240,309,309,263,263,265,265,163,223,279,279,220,220,214,214,304,304,340,340,209,237,293,293,252,254,190,190,172,258,542,548,342,342,224,224
5,255,255,221,221,257,257,219,219,249,249,523,526,224,224,177,177,240,240,307,309,263,263,265,265,163,163,279,288,220,220,214,214,304,304,340,340,209,229,293,293,252,252,190,190,250,172,539,542,342,342,224,224
5,241,259,221,221,257,257,216,216,249,249,526,535,224,224,177,177,240,240,311,311,263,263,265,265,163,223,279,279,220,220,214,214,304,304,340,340,209,241,293,293,252,252,190,190,258,258,542,542,340,350,224,224
5,257,265,221,241,257,257,222,225,249,249,538,550,224,224,177,177,240,240,307,307,263,263,265,265,163,163,279,279,220,220,214,214,304,304,340,340,245,245,293,287,252,252,190,190,172,172,539,539,342,356,224,224
5,263,263,221,241,257,257,219,228,249,249,523,535,224,224,177,177,240,240,307,311,263,263,265,265,163,171,279,285,220,220,214,214,304,304,340,340,239,245,293,293,252,252,190,190,172,172,539,548,330,338,224,224
5,259,265,221,221,257,257,225,228,249,249,523,535,224,224,177,177,240,240,307,307,263,263,265,265,163,163,279,279,220,220,214,214,304,304,340,340,239,239,293,293,252,252,190,190,172,250,539,539,330,338,224,227
5,259,269,221,221,257,257,219,222,249,249,526,535,224,227,177,177,240,240,311,309,263,263,265,265,163,163,279,279,220,220,214,214,304,304,340,340,239,239,293,293,252,252,190,190,258,258,542,542,342,348,224,224
5,265,273,221,221,257,257,216,219,249,249,526,535,224,224,177,177,240,240,307,307,263,263,265,265,163,163,279,285,220,220,214,214,304,304,340,340,209,237,293,295,252,252,190,190,172,172,542,542,338,342,224,224
5,257,273,221,241,257,257,216,222,249,249,526,523,224,224,177,177,240,240,307,307,263,263,265,265,163,163,279,279,220,220,214,214,304,304,340,340,237,243,293,295,252,252,190,190,172,172,539,542,340,340,224,224
5,263,265,221,241,257,257,222,222,249,249,523,535,224,224,177,180,240,240,307,309,263,263,265,265,163,163,279,279,220,220,214,214,304,304,340,340,239,251,293,295,252,250,190,190,258,172,539,548,342,348,224,224
5,257,273,221,241,257,257,216,222,249,249,535,535,224,224,177,177,240,240,307,309,263,263,265,265,163,163,279,279,220,220,214,214,304,304,340,340,235,239,293,293,252,252,190,190,258,258,548,548,342,342,224,224
5,257,263,221,221,257,257,222,228,249,249,526,535,224,224,177,177,240,240,307,309,263,263,265,265,163,163,279,279,220,220,214,214,304,304,340,340,239,245,293,293,252,252,190,190,172,258,542,548,330,330,224,227
5,255,265,221,221,257,257,219,219,249,249,526,535,224,227,177,177,240,240,309,309,263,263,265,265,163,171,279,279,220,220,214,214,304,304,340,340,241,247,293,293,252,252,190,190,258,258,542,542,342,342,224,224
5,257,257,221,221,257,245,216,219,249,251,523,535,224,224,177,177,240,240,307,309,263,263,265,265,161,163,279,279,220,220,214,214,304,304,340,340,209,209,293,295,252,254,190,190,172,258,539,548,342,346,224,224
5,263,265,221,221,257,257,219,222,249,249,523,535,224,224,177,177,240,240,307,309,263,263,265,265,163,163,279,279,220,220,214,214,304,304,340,340,209,239,293,293,252,252,190,190,172,258,539,548,330,344,224,227
5,265,267,221,241,257,257,219,222,249,249,523,526,224,224,177,177,240,240,309,311,263,263,265,265,163,163,279,279,220,220,214,214,304,304,340,340,239,241,293,293,252,252,190,190,258,172,539,542,338,348,224,224
5,257,265,221,241,257,257,216,219,249,249,526,535,224,224,177,177,240,240,307,307,263,263,265,265,163,171,279,279,220,220,214,214,304,304,340,340,209,237,293,293,252,252,190,190,172,172,542,542,340,346,224,224
5,257,265,221,221,257,257,219,222,249,249,523,526,224,224,177,177,240,240,307,311,263,263,265,265,163,163,279,285,220,220,214,214,304,304,340,340,239,241,293,293,252,252,190,190,258,258,539,542,340,348,224,224
5,257,265,221,241,257,257,222,222,249,249,523,526,224,224,177,198,240,240,309,311,263,263,265,265,163,163,279,279,220,220,214,214,304,304,340,340,241,245,293,295,252,274,190,190,172,172,539,542,342,348,224,227
5,263,265,221,241,257,257,216,222,249,249,523,535,224,224,177,177,240,240,307,309,263,263,265,265,161,163,279,285,220,220,214,214,304,304,340,340,239,243,293,293,252,252,190,190,172,172,539,539,340,348,224,224
5,265,265,221,221,257,257,219,222,249,249,523,526,224,227,177,177,240,240,309,311,263,263,265,265,163,163,279,279,220,220,214,214,304,304,340,340,245,247,293,295,252,252,190,190,172,258,539,542,342,344,224,224
5,257,273,221,241,257,257,216,219,249,249,523,535,224,224,177,177,240,240,311,309,263,263,265,265,223,223,279,279,220,220,214,214,304,304,340,340,237,239,293,293,252,252,190,190,258,172,539,539,342,346,224,224
5,263,267,221,217,257,257,219,222,249,245,523,523,224,224,177,177,240,240,307,309,263,263,265,265,163,163,279,279,220,220,214,214,304,296,340,332,239,239,293,295,252,252,190,190,172,172,539,548,340,342,224,224
5,255,257,221,221,257,257,219,222,249,249,523,535,224,224,177,177,240,240,307,307,263,263,265,265,163,163,279,279,220,220,214,214,304,304,340,340,209,243,293,293,252,252,190,190,172,172,539,539,344,350,224,224
6,257,257,221,241,257,257,219,225,249,249,523,526,224,224,177,177,240,240,311,333,263,263,265,265,163,161,279,279,220,220,214,214,304,304,340,340,209,239,293,295,252,252,190,190,172,258,539,542,344,350,224,224
6,257,263,221,241,257,257,219,219,249,249,523,523,224,224,177,177,240,240,307,333,263,263,265,265,223,163,279,279,220,220,214,214,304,304,340,340,243,249,293,293,252,252,190,190,172,176,539,539,336,338,224,224
6,243,269,221,241,257,257,219,219,249,249,523,535,224,224,177,177,240,240,307,307,263,263,265,265,163,163,279,279,220,220,214,214,304,304,340,340,215,241,293,293,252,252,190,190,258,176,539,539,336,358,224,224
6,265,269,221,221,257,257,219,228,249,249,523,535,224,224,177,177,240,240,333,333,263,263,265,265,163,163,279,279,220,220,214,214,304,304,340,340,205,215,293,295,252,252,190,190,172,172,539,542,330,336,224,224
6,251,259,221,241,257,257,219,228,-9,-9,523,535,224,224,177,177,240,240,311,311,263,263,265,265,163,163,279,279,220,220,214,214,304,304,340,340,205,243,293,293,274,252,190,190,258,258,539,539,330,338,224,224
6,267,269,221,241,257,257,219,219,249,249,523,535,224,224,177,177,240,240,311,333,263,263,265,265,163,163,279,279,220,220,214,214,304,304,340,340,205,245,293,295,252,252,190,190,172,176,539,539,336,342,224,224
6,265,265,221,221,257,257,228,219,249,249,523,523,224,224,177,177,240,240,307,309,263,263,265,265,163,163,279,279,220,220,214,214,304,304,340,340,241,249,293,293,252,252,190,190,176,172,539,539,330,362,224,224
6,269,279,221,221,257,257,216,219,249,249,526,523,224,224,177,177,240,240,307,311,263,263,265,265,163,163,279,279,220,220,214,214,304,304,340,340,227,239,293,295,252,252,190,190,176,176,542,539,338,358,224,224
6,259,257,221,221,257,257,216,219,-9,-9,523,526,224,224,177,177,240,240,309,311,263,263,265,265,163,163,279,279,220,220,214,214,304,304,340,340,235,241,293,295,274,274,190,190,172,172,539,542,340,352,224,224
6,257,259,221,241,257,257,219,222,249,249,523,535,224,224,177,177,240,240,307,307,263,263,265,265,163,163,279,279,220,220,214,214,304,304,340,340,231,249,293,293,252,252,190,190,172,172,539,539,342,342,224,224
6,263,279,221,221,257,257,216,228,249,249,523,529,224,224,177,177,240,240,333,333,263,263,265,265,163,163,279,279,220,220,214,214,304,304,340,340,211,227,293,293,252,252,190,190,172,172,539,542,330,348,224,224
7,257,265,221,219,257,257,219,219,249,249,523,526,224,224,177,177,240,240,307,307,263,261,265,265,163,163,279,279,220,218,214,214,304,302,340,338,217,247,293,291,252,250,190,190,172,172,539,542,338,342,224,224
7,257,257,221,221,257,257,216,219,249,249,523,526,224,224,177,177,240,240,307,307,263,263,265,265,163,157,279,279,220,220,214,214,304,304,340,340,207,251,293,293,252,252,190,190,172,172,539,542,336,344,224,224
7,251,255,221,221,257,257,216,216,249,249,526,535,224,227,177,177,240,240,333,333,263,263,265,265,161,163,279,279,220,220,214,214,304,304,340,340,207,247,293,293,252,252,190,190,258,258,542,548,342,344,224,224
7,259,261,221,221,257,257,216,222,249,249,523,535,224,227,177,177,240,238,307,333,263,263,265,265,163,157,279,285,220,220,214,214,304,304,340,340,231,251,293,293,252,252,190,190,258,172,539,548,330,330,224,224
7,255,275,221,221,257,257,219,219,249,249,523,535,224,224,177,177,240,240,307,311,263,263,265,265,161,163,279,279,220,220,214,214,304,304,340,340,245,247,293,293,252,252,190,190,172,176,539,548,336,340,224,227
7,259,273,221,221,257,257,216,219,249,251,523,526,224,224,177,177,240,240,307,309,263,263,265,265,163,163,279,279,220,220,214,214,304,304,340,340,225,243,293,293,252,254,190,190,172,176,539,542,348,360,224,224
7,263,275,221,221,257,257,216,219,249,249,535,526,224,224,177,177,240,242,307,307,263,263,265,262,163,163,279,279,220,220,214,214,304,304,340,340,239,247,293,293,252,252,190,190,172,172,539,542,340,342,224,224
7,253,261,221,221,257,257,216,219,249,249,523,526,224,227,177,177,240,240,307,307,263,263,265,265,163,163,279,279,220,220,214,214,304,304,340,340,211,229,293,293,252,252,190,190,172,176,542,539,332,334,224,224
7,257,269,221,221,257,257,219,222,249,249,535,526,224,224,177,174,240,240,309,309,263,263,265,265,163,163,279,279,220,220,214,214,304,304,340,340,227,227,293,293,252,252,190,190,172,258,-9,-9,336,338,224,224
7,261,263,221,227,257,257,216,219,249,249,523,535,224,224,177,177,240,240,307,307,263,263,265,265,163,163,279,279,220,220,214,214,304,304,340,340,227,229,293,293,252,252,190,190,176,258,539,548,332,342,224,224
7,259,271,221,225,257,257,216,222,249,249,523,535,224,224,177,177,240,240,307,333,263,263,265,262,163,157,279,279,220,220,214,214,304,304,340,340,209,229,293,293,252,252,190,190,172,172,542,548,328,346,224,224
7,253,259,221,221,257,257,216,219,249,249,526,535,224,224,177,177,240,240,309,309,263,263,265,265,161,163,279,279,220,220,214,214,304,304,340,340,219,251,293,293,252,252,190,190,172,172,542,542,344,346,224,224
7,259,261,221,221,257,257,216,219,249,249,523,535,224,224,177,177,240,240,309,333,263,263,265,265,163,163,279,279,220,220,214,214,304,304,340,340,217,241,293,293,252,252,190,190,258,258,539,548,338,348,224,224
7,251,251,221,221,257,257,225,228,249,249,526,535,224,224,177,177,240,240,307,307,263,263,265,265,163,163,279,279,220,220,214,214,304,304,340,340,229,231,293,293,252,252,190,190,172,258,542,548,330,334,224,224
7,277,279,221,221,257,257,216,219,249,251,523,535,224,227,177,177,240,240,307,309,263,263,265,265,163,157,279,279,220,220,214,214,304,304,340,340,223,241,293,293,252,254,190,190,258,258,539,548,336,346,224,224
8,263,263,221,221,257,257,213,222,249,249,535,535,224,224,177,177,240,240,307,307,263,261,265,265,163,161,279,279,220,220,214,214,304,304,340,340,213,243,293,293,252,252,190,190,258,176,548,548,340,346,224,224
8,263,267,221,221,257,257,222,222,249,249,556,556,224,224,177,177,240,240,307,307,263,261,265,265,163,161,279,279,220,220,214,214,304,304,340,340,227,243,293,293,252,252,190,190,172,258,545,569,336,342,224,224
8,259,271,221,213,257,248,219,222,249,249,556,535,224,227,177,177,240,230,315,333,263,261,265,265,163,163,279,279,220,220,214,214,304,292,340,340,219,239,293,281,252,242,190,190,172,172,569,569,338,342,224,224
8,251,269,221,221,257,257,219,219,249,251,526,526,224,224,177,177,240,240,307,307,263,263,265,265,163,161,279,279,220,220,214,214,304,304,340,340,227,227,293,293,252,254,190,196,258,258,539,539,336,336,224,224
8,249,263,221,221,257,257,213,222,249,251,526,535,224,224,177,177,240,240,307,309,263,263,265,265,163,161,279,279,220,220,214,214,304,304,340,340,213,221,293,293,252,254,190,190,172,172,542,548,342,348,224,224
8,259,247,221,221,257,257,213,219,249,249,526,556,224,224,177,177,240,240,307,309,263,263,265,265,163,161,279,285,220,220,214,214,304,304,340,340,209,225,293,293,252,252,190,190,172,172,542,548,340,348,224,224
8,263,265,221,215,257,248,210,213,249,251,526,556,224,224,177,177,240,240,307,309,263,263,265,265,163,157,279,279,220,220,214,214,304,304,340,340,213,219,293,283,252,254,190,190,172,176,569,548,330,342,224,224
8,253,259,221,225,257,257,210,225,249,251,553,553,224,224,177,177,240,240,307,311,263,261,265,265,163,163,279,279,220,220,214,214,304,304,340,340,213,217,293,293,252,254,190,190,176,176,560,560,342,344,224,224
8,263,273,221,221,257,257,222,225,249,249,526,556,224,224,177,177,240,240,307,309,263,261,265,265,163,157,279,279,220,220,214,214,304,304,340,340,225,227,293,293,252,252,190,190,172,172,542,548,344,348,224,224
8,255,267,221,221,257,257,219,219,249,249,526,535,224,224,177,177,240,240,309,315,263,261,265,265,161,163,279,279,220,220,214,214,304,304,340,340,213,227,293,293,252,252,190,190,172,258,542,548,342,342,224,224
8,253,257,221,225,257,257,219,219,249,249,526,535,224,224,177,177,240,240,307,307,263,261,265,265,163,161,279,279,220,220,214,214,304,304,340,340,223,225,293,293,252,252,190,190,172,176,536,542,340,346,224,224
8,255,271,221,221,257,257,213,219,249,251,526,535,224,224,177,198,240,240,307,309,263,263,265,265,163,161,279,279,220,220,214,214,304,304,340,340,219,225,293,293,252,254,190,190,172,258,542,548,340,348,224,224
8,253,265,221,225,257,257,219,222,249,249,553,553,224,224,177,177,240,240,307,307,263,261,265,265,161,163,279,279,220,220,214,214,304,304,340,340,209,241,293,293,252,252,190,190,176,258,569,575,336,338,224,224
8,263,271,221,221,257,257,219,222,249,249,526,535,224,224,177,198,240,240,309,309,263,261,265,265,161,161,279,279,220,220,214,214,304,304,340,340,225,241,293,293,252,252,190,190,258,258,542,548,338,346,224,224
8,249,265,221,225,257,257,219,219,249,251,526,535,224,224,177,177,240,240,309,309,263,263,265,265,163,161,279,279,220,220,214,214,304,304,340,340,211,223,293,293,252,254,190,190,172,172,542,548,336,340,224,224
8,265,269,221,221,257,257,213,219,249,249,535,556,224,224,177,177,240,240,307,307,263,261,265,265,163,161,279,279,220,220,214,214,304,304,340,340,213,241,293,293,252,252,190,190,172,176,548,569,340,348,224,224
8,265,271,221,221,257,257,219,222,249,249,556,556,224,224,177,177,240,240,307,307,263,263,265,265,163,161,279,279,220,220,214,214,304,304,340,340,219,219,293,293,252,252,190,190,258,258,575,575,346,348,224,224
8,257,261,221,241,257,257,219,222,249,249,526,535,224,224,177,177,240,240,309,309,263,261,265,265,163,163,279,279,220,220,214,214,304,304,340,340,221,221,293,293,252,254,190,196,172,172,542,548,336,356,224,233
8,253,277,221,221,257,257,219,225,249,249,526,535,224,224,177,177,240,240,311,307,263,263,265,265,163,163,279,279,220,220,214,214,304,304,340,340,213,219,293,293,252,252,190,190,172,258,542,548,348,348,224,224
8,253,253,221,211,257,257,222,225,249,249,526,535,224,224,177,177,240,240,309,307,263,263,265,265,163,163,279,279,220,220,214,214,304,304,340,340,219,219,293,293,252,252,190,196,172,172,542,548,338,348,224,224
9,267,267,221,221,257,257,219,222,249,249,523,535,224,224,177,177,240,240,307,311,263,263,265,262,165,163,279,279,220,220,214,214,304,304,340,340,225,225,293,293,252,252,190,190,172,258,542,542,332,340,224,224
9,255,263,221,227,257,257,219,222,249,249,532,535,224,224,177,177,240,240,307,309,263,263,265,265,165,159,279,279,220,220,214,214,304,304,340,340,219,227,293,293,252,252,190,190,258,258,542,548,334,346,224,224
9,273,275,221,221,257,257,219,222,249,249,526,535,224,224,177,177,240,240,307,307,263,263,265,265,163,225,279,279,220,220,214,214,304,304,340,340,225,227,293,293,252,252,190,190,250,258,542,548,332,334,224,224
9,257,269,221,221,257,257,216,225,249,249,535,523,224,224,177,177,240,240,307,309,263,263,265,262,165,159,279,279,220,220,214,214,304,304,340,340,207,229,293,293,252,252,190,190,172,172,539,548,332,336,224,224
9,249,259,221,221,257,257,219,222,249,249,526,535,224,224,177,177,240,240,309,311,263,263,262,262,165,163,279,279,220,220,214,214,304,304,340,340,225,225,293,293,252,252,190,190,172,172,542,548,332,344,224,224
9,269,273,221,221,257,257,219,219,249,249,514,523,224,224,177,177,240,240,307,307,263,263,265,265,165,163,279,282,220,220,214,214,304,304,340,340,225,225,293,293,252,252,190,190,250,260,542,548,334,342,224,224
9,273,275,221,221,257,257,219,222,249,249,526,529,224,224,177,177,240,240,307,307,263,263,265,265,163,225,279,279,220,220,214,214,304,304,340,340,225,227,293,293,252,252,190,190,250,258,542,548,332,334,224,224
9,269,269,221,217,257,257,219,225,249,249,523,517,224,224,177,177,240,240,307,309,263,263,265,265,165,163,279,279,220,220,214,214,304,304,340,332,231,239,293,287,252,252,190,190,172,172,542,548,332,344,224,224
9,263,269,221,221,257,257,216,225,249,249,523,535,224,224,177,177,240,240,307,307,263,263,265,262,165,165,279,279,220,220,214,214,304,304,340,340,219,225,293,293,252,252,190,190,172,172,536,548,334,338,224,227
9,261,269,221,221,257,257,216,219,249,249,526,535,224,224,177,177,240,240,307,311,263,263,265,265,165,159,279,279,220,220,214,214,304,304,340,340,205,227,293,293,252,252,190,190,258,258,542,548,336,344,224,224
9,261,273,221,227,257,257,219,222,249,249,535,535,224,224,177,177,240,240,307,313,263,263,262,262,165,165,279,279,220,220,214,214,304,304,340,340,225,231,293,293,252,254,190,190,172,258,548,548,332,342,224,224
9,255,273,221,221,257,257,219,222,249,249,520,529,224,224,177,177,240,240,307,307,263,263,265,262,165,169,279,279,220,220,214,214,304,304,340,340,207,225,293,293,252,252,190,190,258,258,542,548,332,346,224,224
9,265,273,221,221,257,257,222,222,249,249,526,535,224,224,177,177,240,240,307,307,263,263,265,262,165,159,279,279,220,220,214,214,304,304,340,340,215,225,293,293,252,252,190,190,172,258,542,548,332,332,224,224
9,257,265,221,221,257,257,219,219,249,249,538,541,224,224,177,177,240,240,307,307,263,263,265,265,159,225,279,279,220,220,214,214,304,304,340,340,201,211,293,293,252,252,190,190,258,258,542,551,-9,-9,224,224
9,263,265,221,221,257,257,216,219,249,249,523,535,224,224,177,177,240,240,307,307,263,261,265,262,165,163,279,279,220,220,214,214,304,304,340,340,225,225,293,293,252,252,190,193,172,176,539,548,330,346,224,224
9,265,271,221,221,257,257,216,222,249,249,523,547,224,224,177,177,240,240,307,307,263,263,265,262,165,165,279,279,220,220,214,214,304,304,340,340,219,225,293,293,252,252,190,193,172,258,539,560,330,332,224,227
9,259,259,221,221,257,257,216,216,249,249,535,535,224,224,177,177,240,240,307,309,263,263,265,262,165,165,279,279,220,220,214,214,304,304,340,340,225,227,293,293,252,252,190,193,172,166,548,548,330,336,224,227
9,249,257,221,221,257,257,216,222,249,249,523,523,224,224,177,177,240,240,307,307,263,263,265,265,165,169,279,279,220,220,214,214,304,304,340,340,225,229,293,293,252,252,190,190,172,172,539,542,330,332,224,224
9,271,277,221,221,257,257,222,225,249,249,529,535,224,224,177,177,240,240,307,307,263,263,262,262,165,159,279,279,220,220,214,214,304,304,340,340,225,227,293,293,252,252,190,190,172,258,542,548,332,334,224,224
9,255,267,221,241,257,257,219,222,249,249,526,535,224,224,177,177,240,240,307,307,263,263,265,262,165,165,279,279,220,220,214,214,304,304,340,340,221,227,293,293,252,252,190,190,258,258,542,548,332,346,224,224
9,249,271,221,221,257,257,219,222,249,249,529,535,224,224,177,177,240,240,307,307,263,263,262,262,163,169,279,279,220,220,214,214,304,304,340,340,225,225,293,293,252,252,190,190,172,172,542,548,332,342,224,224
9,255,261,221,221,257,257,210,219,249,249,523,535,224,224,177,177,240,240,307,307,263,263,262,262,163,225,279,279,220,220,214,214,304,304,340,340,225,227,293,293,252,252,190,190,258,258,539,548,330,350,224,224
9,259,265,221,227,257,257,222,225,249,249,535,526,224,224,177,177,240,240,307,307,263,263,262,262,165,159,279,279,220,220,214,214,304,304,340,340,225,227,293,293,252,252,190,190,172,250,539,542,332,334,224,224
9,259,265,221,227,257,257,222,225,249,249,526,535,224,224,177,177,240,240,307,307,263,263,262,262,165,159,279,279,220,220,214,214,304,304,340,340,225,227,293,293,252,252,190,190,172,250,542,539,332,334,224,224
9,255,267,221,221,257,257,219,222,249,249,535,526,224,224,177,177,240,240,307,307,263,263,265,262,165,159,279,279,220,220,214,214,304,304,340,340,207,225,293,293,252,252,190,190,258,172,539,542,334,352,224,224
9,267,271,221,221,257,257,219,219,249,249,532,523,224,224,177,177,238,240,307,307,263,263,265,262,165,159,279,279,220,220,214,214,304,304,340,340,227,239,293,293,252,252,190,190,172,258,539,548,344,344,224,224
9,259,267,221,221,257,257,222,225,251,249,526,535,224,224,177,177,240,240,307,307,263,263,262,262,165,169,279,279,220,220,214,214,304,304,340,340,225,225,293,293,254,252,190,190,172,250,542,548,332,334,224,224
10,249,249,221,221,257,257,222,222,249,249,523,523,224,224,177,177,240,240,307,311,263,263,265,262,165,165,279,279,220,220,214,214,304,304,340,340,225,225,293,293,252,252,190,190,172,172,542,542,334,334,-9,-9
10,259,265,221,221,257,257,222,216,249,249,532,529,224,224,177,177,240,240,307,307,263,263,265,262,165,165,279,282,220,220,214,214,304,304,340,340,225,231,293,293,252,252,190,190,250,250,542,548,334,332,224,224
10,265,273,221,221,257,257,225,222,249,249,523,526,224,224,177,177,240,240,309,313,263,263,262,262,163,165,279,279,220,220,214,214,304,304,340,332,217,243,293,293,252,252,190,190,258,258,542,548,334,358,224,224
10,261,267,221,221,257,257,216,222,249,249,523,523,224,224,177,177,240,240,309,311,263,263,265,262,165,159,279,279,220,220,214,214,304,304,340,340,225,227,293,293,252,254,190,190,258,258,542,539,330,332,224,224
10,269,269,221,221,257,257,216,225,249,251,526,520,224,224,177,177,240,240,307,311,263,247,265,262,165,159,282,282,220,220,214,214,304,304,340,318,225,227,293,293,252,254,190,190,258,172,542,542,332,336,224,224
10,267,277,221,221,257,257,222,225,249,249,523,526,224,224,177,177,240,240,311,313,263,263,265,262,165,165,279,279,220,220,214,214,304,304,340,340,213,227,293,293,252,252,190,190,258,172,542,542,330,334,224,224
10,263,273,221,221,257,257,216,225,249,249,523,526,224,224,177,177,240,240,309,309,263,263,265,262,165,165,279,279,220,220,214,214,304,304,340,340,225,229,293,293,252,252,190,190,258,258,542,539,330,332,224,224
10,249,263,221,221,257,257,222,222,249,249,523,523,224,224,177,177,240,240,307,307,263,263,262,262,165,169,279,279,220,220,214,214,304,304,340,340,225,227,293,293,252,252,190,190,258,258,542,548,332,334,224,224
10,249,253,221,221,257,257,222,222,249,249,523,523,224,224,177,177,240,240,307,307,263,263,262,262,163,165,279,279,220,220,214,214,304,304,340,340,225,229,293,293,252,252,190,190,258,172,539,539,332,332,224,224
10,259,259,221,221,257,257,216,222,249,249,523,538,224,224,177,177,238,238,307,307,263,263,265,265,165,165,279,282,220,220,214,214,304,304,340,340,225,229,293,293,252,254,190,190,258,258,548,539,328,340,224,227
10,253,261,221,221,257,257,219,216,249,249,523,523,224,224,177,177,240,240,307,307,263,263,265,262,163,165,279,279,220,220,214,214,304,304,340,340,225,231,293,293,252,254,190,172,172,172,539,542,342,342,224,224
10,249,249,221,221,257,257,222,222,249,249,523,523,224,224,177,177,240,240,309,311,263,263,262,262,163,165,279,279,220,220,214,214,304,304,340,324,225,227,293,293,252,252,190,190,258,172,548,539,332,332,224,224
10,251,277,221,221,257,257,222,222,249,249,523,523,224,224,177,177,240,240,307,311,263,263,265,262,165,165,279,279,220,220,214,214,304,304,340,340,225,225,293,293,252,252,190,190,250,172,539,548,334,332,224,224
10,253,259,221,221,257,257,216,222,249,249,547,547,224,224,177,177,240,240,307,307,263,263,265,262,165,165,279,279,220,220,214,214,304,304,340,340,225,227,293,293,252,252,190,190,258,258,-9,-9,334,334,224,224
10,259,273,221,221,257,257,216,222,249,249,526,535,224,224,177,177,240,240,307,307,263,263,262,262,165,165,279,279,220,220,214,214,304,304,340,340,227,227,293,293,252,252,190,190,258,258,542,548,332,334,224,224
10,257,259,221,241,257,257,216,219,249,249,523,535,224,224,177,177,240,240,307,307,263,263,262,262,165,165,279,279,220,220,214,214,304,304,340,340,229,231,293,293,252,252,190,190,172,172,539,548,332,334,224,224
10,259,273,221,221,257,257,216,216,249,249,541,553,224,224,177,177,240,240,307,307,263,263,262,262,165,165,279,279,220,220,214,214,304,304,340,340,225,227,293,293,252,252,190,190,258,172,539,542,330,334,224,224
10,249,263,221,221,257,257,222,222,249,249,523,535,224,224,177,177,240,228,307,307,263,263,262,265,165,165,279,279,220,220,214,214,304,304,340,340,225,227,293,293,252,252,190,190,172,172,539,548,332,332,224,224
10,249,271,221,221,257,257,216,222,249,249,523,535,224,224,177,177,240,228,307,311,263,263,262,262,165,165,279,279,220,220,214,214,304,304,340,340,213,225,293,293,252,252,190,190,258,172,542,548,332,334,224,224
10,259,269,221,241,257,257,222,222,249,249,526,535,224,224,177,177,240,228,307,311,263,263,262,265,165,165,279,279,220,220,214,214,304,304,340,340,225,225,293,293,252,254,190,190,172,172,548,539,332,332,224,224
11,249,269,221,221,257,257,222,222,249,249,523,535,224,224,177,177,240,240,307,307,263,263,265,262,165,165,279,279,220,220,214,214,304,304,340,340,227,233,293,293,252,252,190,190,172,258,539,548,330,332,-9,-9
11,261,277,221,221,257,257,225,222,249,249,526,535,224,224,177,177,240,240,307,309,263,263,262,262,165,165,279,279,220,220,214,214,304,304,340,340,223,231,293,293,252,252,190,190,172,258,542,548,332,334,224,224
11,251,269,221,221,257,257,222,222,249,249,523,523,224,224,177,177,240,240,307,307,263,263,265,262,163,165,279,279,220,220,214,214,304,304,340,340,205,225,293,293,252,252,190,190,172,172,539,548,334,334,224,224
11,249,265,221,221,257,257,216,222,249,249,526,535,224,224,177,171,240,240,307,307,263,263,265,262,165,165,279,279,220,220,214,214,304,304,340,340,225,225,293,293,252,252,190,190,258,172,542,548,332,338,224,224
11,263,277,221,221,257,257,222,222,249,249,526,535,224,224,177,177,240,240,307,307,263,263,265,262,165,165,279,279,220,220,214,214,304,304,340,340,227,227,293,293,252,252,190,190,172,172,542,542,332,334,224,224
11,265,265,221,221,257,257,225,222,249,249,523,541,224,224,177,177,240,248,307,307,263,263,265,265,165,159,279,279,220,220,214,214,304,304,340,340,225,229,293,293,252,252,190,190,258,258,539,539,332,338,-9,-9
11,271,281,221,221,257,257,222,222,249,249,532,532,224,224,177,177,240,240,307,307,263,263,265,262,165,165,279,279,220,220,214,214,304,304,340,340,223,225,293,293,252,252,190,190,172,172,548,548,332,332,224,224
11,253,271,221,221,257,257,216,219,249,249,526,535,224,224,177,177,240,240,307,307,263,263,265,265,165,165,279,279,220,220,214,214,304,304,340,340,223,231,293,293,252,252,190,190,258,172,542,542,330,344,224,224
11,255,271,221,221,257,257,222,222,249,249,523,529,224,224,177,177,240,240,309,311,263,263,265,262,163,165,279,279,220,220,214,214,304,304,340,332,225,227,293,293,252,252,190,190,258,258,542,539,332,332,224,224
11,265,271,221,221,257,257,225,222,249,249,523,523,224,224,177,177,240,240,307,311,263,263,265,265,165,225,279,282,220,220,214,214,304,304,340,330,203,227,293,293,252,252,190,190,258,258,539,542,332,332,224,224
11,255,259,221,227,257,257,222,225,249,251,526,535,224,224,177,177,240,240,307,307,263,263,265,265,165,225,279,279,220,220,214,214,304,304,340,340,225,231,293,293,252,254,190,190,258,258,542,548,334,342,224,224
11,263,271,221,227,257,257,216,222,249,251,547,547,224,224,177,177,240,240,307,307,263,263,262,262,165,225,279,279,220,220,214,214,304,304,340,340,213,225,293,293,252,254,190,190,258,258,548,548,330,332,224,224
11,267,267,221,221,257,257,216,219,249,249,523,547,224,224,177,177,240,240,307,311,263,263,265,265,165,165,279,279,220,220,214,214,304,304,340,340,227,229,293,293,252,252,190,190,172,258,560,560,342,342,224,224
11,263,271,221,221,257,257,219,225,251,251,523,523,224,224,177,177,240,240,307,307,263,263,265,262,163,165,279,279,220,220,214,214,304,304,340,340,223,225,293,293,254,254,190,190,258,258,539,542,332,342,224,224
12,275,275,227,213,257,257,219,219,249,249,-9,-9,224,224,177,177,236,236,307,307,263,263,265,265,159,165,279,279,220,220,214,214,304,304,340,340,225,231,293,293,252,252,190,190,258,258,539,539,330,330,224,224
12,261,275,221,221,257,257,222,222,249,249,523,523,224,224,177,177,240,240,307,307,263,263,265,265,165,225,279,279,220,220,214,214,304,304,340,340,227,231,293,293,252,252,190,190,172,258,539,542,332,332,224,224
12,271,265,221,221,257,257,222,225,249,249,523,523,224,224,177,177,240,240,307,307,263,263,262,262,165,163,279,279,220,220,214,214,304,304,340,328,225,217,293,293,252,252,190,190,258,258,539,539,332,332,224,224
12,263,263,221,221,257,266,228,228,249,249,-9,-9,224,224,177,177,240,240,307,307,263,263,265,265,159,159,279,282,220,220,214,214,304,304,-9,-9,225,225,293,293,252,252,190,190,172,258,539,539,330,330,224,224
12,259,265,221,221,257,257,219,222,249,249,526,544,224,224,177,177,240,240,307,307,263,263,265,262,163,163,279,282,220,220,214,214,304,304,340,340,225,225,293,293,252,252,190,190,258,258,542,548,332,334,224,224
12,249,263,221,221,257,257,216,219,249,249,523,544,224,224,177,177,240,240,307,307,263,263,265,262,165,153,279,279,220,220,214,214,304,304,340,340,225,227,293,293,252,252,190,190,258,258,539,548,330,340,224,224
12,271,271,221,221,257,257,222,225,249,249,523,523,224,224,177,177,240,240,307,307,263,263,265,262,163,165,279,279,220,220,214,214,304,304,340,340,225,225,293,293,252,252,190,190,258,250,539,539,332,334,224,224
12,249,263,221,241,257,257,225,219,249,249,523,535,224,224,177,177,240,240,307,307,263,263,262,262,163,165,279,279,220,220,214,214,304,304,340,340,225,227,293,293,252,252,190,190,258,258,539,548,332,340,224,224
13,259,259,221,221,257,257,216,222,249,249,523,535,224,224,177,177,240,240,307,307,263,263,265,265,165,165,279,282,220,220,214,214,304,300,340,340,225,229,293,293,252,252,190,190,172,172,548,548,332,334,224,224
13,259,265,221,221,257,257,216,222,249,249,526,535,224,224,177,177,240,240,307,307,263,263,265,262,165,163,279,279,220,220,214,214,304,304,340,340,225,227,293,293,252,252,190,190,172,172,542,542,332,334,224,224
13,259,265,221,221,257,257,219,225,249,249,523,535,224,224,177,177,240,240,307,307,263,263,265,262,165,165,279,279,220,220,214,214,304,304,340,340,225,225,293,293,252,252,-9,-9,172,172,539,539,332,342,224,224
13,253,259,221,221,257,257,216,219,249,251,526,535,224,224,177,177,240,240,307,307,263,263,262,262,165,165,279,282,220,220,214,214,304,304,340,340,225,225,293,293,252,254,190,190,172,172,542,548,336,342,224,224
13,253,263,221,221,257,260,216,222,249,249,523,526,224,224,177,177,240,240,307,311,263,263,262,262,165,159,279,282,220,220,214,214,304,304,340,340,225,225,293,293,252,252,190,190,172,258,539,542,332,336,224,224
13,251,253,221,221,257,257,216,219,249,251,526,535,224,224,177,177,240,240,307,311,263,263,262,262,165,165,279,282,220,220,214,214,304,304,340,340,227,225,293,293,252,254,190,190,250,172,542,542,336,342,224,224
13,253,267,221,221,257,257,216,219,249,249,523,526,224,224,177,177,240,240,307,307,263,263,262,262,165,165,279,282,220,220,214,214,304,304,340,340,225,227,293,293,252,252,190,190,172,172,539,542,336,346,224,224
13,253,265,221,221,257,257,216,222,249,249,526,535,224,224,177,177,240,240,307,307,263,263,265,265,165,159,279,279,220,220,214,214,304,304,340,340,225,225,293,293,252,252,190,190,172,172,542,542,330,334,224,212
13,253,269,221,241,257,257,228,228,249,251,526,535,224,224,177,177,240,240,311,313,263,263,262,262,165,165,282,282,220,220,214,214,304,304,340,340,225,227,293,293,252,254,190,190,172,172,542,542,332,332,224,224
14,265,265,221,221,257,257,222,222,249,251,529,538,224,224,177,177,240,240,307,307,263,263,265,265,165,163,279,279,220,220,214,214,304,304,340,340,225,227,293,293,252,254,190,190,172,258,542,548,332,344,224,224
14,265,265,221,221,257,257,222,222,249,251,526,535,224,224,177,198,240,240,307,307,263,263,265,265,165,165,279,279,220,220,214,214,304,304,340,340,225,227,293,293,252,254,190,190,258,258,542,548,332,332,224,224
14,255,249,221,227,257,257,222,225,249,251,526,535,224,224,177,177,240,240,307,307,263,263,265,265,165,165,279,279,220,220,214,214,304,304,340,340,219,225,293,293,252,254,190,190,172,258,-9,-9,332,334,224,224
14,265,265,221,221,257,257,222,222,249,251,526,535,224,224,177,177,240,240,309,309,263,263,265,265,165,165,279,279,220,220,214,214,304,304,340,340,225,227,293,293,252,254,190,190,258,258,542,542,332,332,224,224
14,265,279,221,221,257,257,222,219,249,249,523,526,224,224,177,177,240,240,307,311,263,263,265,262,165,165,279,279,220,220,214,214,304,304,340,340,211,223,293,293,252,252,190,190,258,258,542,548,332,334,224,224
14,261,261,221,221,257,257,219,222,249,249,526,535,224,224,177,177,240,240,311,311,263,263,262,262,165,163,279,279,220,220,214,214,304,304,340,340,225,227,293,293,252,252,190,190,172,258,-9,-9,332,344,224,224
14,265,265,221,221,257,257,222,222,249,251,526,535,224,224,177,177,240,240,307,307,263,263,265,265,165,169,279,279,220,220,214,214,304,304,340,340,225,227,293,293,252,254,190,190,258,258,542,548,332,332,224,224
14,249,255,221,227,257,257,222,225,249,251,526,535,224,224,177,177,240,240,307,307,263,263,265,265,165,165,279,279,220,220,214,214,304,304,340,340,219,225,293,293,252,254,190,190,172,258,542,548,332,334,224,224
14,265,265,221,221,257,257,222,222,249,251,526,535,224,224,177,177,240,240,307,307,263,263,265,265,165,165,279,279,220,220,214,214,304,304,340,340,225,227,293,293,252,254,190,190,258,258,542,548,332,332,224,224
14,251,265,221,221,257,257,225,222,249,251,523,535,224,224,177,177,240,240,307,307,263,263,265,262,165,159,279,279,220,220,214,214,304,304,340,340,225,235,293,293,252,254,190,190,172,250,563,575,332,332,224,224
14,251,265,221,221,257,257,225,225,249,251,523,535,224,224,177,177,240,240,307,309,263,263,265,262,165,159,279,279,220,220,214,214,304,304,340,340,225,235,293,293,252,254,190,190,172,250,539,548,332,332,224,224
14,251,265,221,221,257,257,225,222,249,251,523,535,224,224,177,177,240,240,307,307,263,263,265,262,165,159,279,279,220,220,214,214,304,304,340,340,225,235,293,293,252,254,190,190,172,250,539,548,332,332,224,224
14,263,271,221,221,257,257,222,225,249,251,523,535,224,224,177,177,240,240,311,313,263,263,265,265,165,165,279,279,220,220,214,214,304,304,340,340,225,227,293,293,252,254,190,190,172,172,539,548,334,334,224,227
14,251,265,221,221,257,257,225,225,249,251,523,535,224,224,177,177,240,240,307,309,263,263,265,262,165,159,279,279,220,220,214,214,304,304,340,340,225,235,293,293,252,254,190,190,172,250,539,548,332,332,224,224
14,265,265,221,221,257,257,222,222,249,249,526,535,224,224,177,177,240,240,307,307,263,263,265,265,165,165,279,279,220,220,214,214,304,304,340,340,225,227,293,293,252,254,190,190,258,258,542,548,332,332,224,224
14,265,265,221,221,257,257,222,222,249,249,526,535,224,224,177,177,240,240,307,309,263,263,265,265,165,165,279,279,220,220,214,214,304,304,340,340,225,227,293,293,252,254,190,190,258,258,542,548,332,332,224,224
14,263,267,221,221,257,257,219,222,249,249,526,535,224,224,177,177,240,240,307,311,263,263,265,265,165,163,279,279,220,220,214,214,304,304,340,340,225,225,293,293,252,252,190,190,172,172,542,548,332,332,224,224
14,261,265,221,227,257,257,216,225,249,249,523,535,224,224,177,177,240,240,307,311,263,263,265,265,165,165,279,279,220,220,214,214,304,304,340,340,215,241,293,293,252,252,190,190,172,172,539,542,330,344,224,227
14,261,273,221,241,257,257,225,225,249,249,523,535,224,224,177,177,240,240,307,307,263,263,265,262,165,165,279,279,220,220,214,214,304,304,340,340,213,213,293,293,252,252,190,190,258,172,539,548,332,334,224,224
14,265,265,221,221,257,257,222,222,249,249,526,535,224,224,177,177,240,240,309,301,263,263,265,265,165,165,279,279,220,220,214,214,304,304,340,340,225,227,293,293,252,254,190,190,258,258,542,548,332,332,224,218
14,263,271,221,221,257,257,222,222,249,249,523,535,224,224,177,177,240,240,309,311,263,263,265,265,165,165,279,279,220,220,214,214,304,304,340,340,225,227,293,293,252,254,190,190,172,172,539,548,334,334,224,227
15,259,259,221,221,257,257,219,225,249,247,526,535,224,224,177,177,240,240,307,307,263,263,265,262,165,159,279,279,220,220,214,214,304,304,340,340,223,231,293,293,252,252,190,190,172,258,542,542,332,342,224,224
15,247,275,221,221,257,257,225,225,249,249,526,535,224,224,177,177,240,240,307,307,263,263,262,262,165,159,279,279,220,220,214,214,304,304,340,340,217,231,293,293,252,252,190,190,172,258,542,548,332,332,224,224
15,247,259,221,221,257,257,216,225,249,249,523,523,224,224,177,177,240,240,307,307,263,263,265,262,165,225,279,279,220,220,214,214,304,304,340,340,223,231,293,293,252,252,190,190,172,172,539,539,332,336,224,224
15,263,275,221,219,257,257,222,225,249,249,-9,-9,224,224,177,177,240,240,307,307,263,263,262,262,163,163,279,279,220,220,214,214,304,304,340,340,223,217,293,293,252,252,190,187,172,250,542,542,332,332,224,224
15,259,259,221,221,257,257,219,225,249,249,526,535,224,224,177,177,240,240,307,307,263,263,265,262,163,165,279,279,220,220,214,214,304,304,340,340,223,217,293,293,252,252,190,181,172,172,542,548,332,342,224,224
15,259,269,221,221,257,257,225,225,249,249,526,535,224,224,177,177,240,240,307,307,263,259,265,262,163,165,279,279,220,220,214,214,304,304,340,334,231,231,293,293,252,252,190,190,172,172,542,548,332,332,224,224
15,259,259,221,221,257,257,219,225,249,249,523,523,224,224,177,177,240,240,307,307,263,263,262,262,163,165,279,279,220,220,214,214,304,304,340,340,231,231,293,293,252,254,190,190,172,258,539,539,332,342,224,224
15,259,269,221,221,257,257,225,225,249,249,523,526,224,224,177,177,240,240,307,307,263,263,265,262,163,165,279,279,220,220,214,214,304,304,340,340,223,223,293,293,252,252,190,190,258,258,542,539,332,332,224,224
15,269,269,221,221,257,257,219,222,249,249,526,535,224,224,177,177,240,240,307,307,263,263,262,262,163,165,279,279,220,220,214,214,304,304,340,340,227,217,293,293,252,252,190,190,172,172,542,548,340,332,224,224
16,255,255,221,219,257,257,216,222,249,249,526,535,224,224,177,177,240,240,307,299,263,263,265,262,165,165,279,279,220,220,214,214,304,304,340,340,225,223,293,293,252,252,190,190,174,258,542,548,330,334,224,224
16,255,269,219,215,257,257,222,222,249,249,526,535,224,224,177,177,240,240,307,307,263,263,262,262,165,165,279,279,220,220,214,214,304,304,340,338,223,223,293,293,252,252,190,190,258,258,542,548,332,334,224,224
16,249,253,221,219,257,257,219,225,249,249,526,535,224,224,177,177,240,240,307,307,263,263,265,262,163,163,279,279,220,220,214,214,304,304,340,340,223,223,293,293,252,252,190,190,258,258,542,548,332,346,224,224
16,255,263,221,221,257,257,222,219,249,249,526,523,224,224,177,177,240,240,307,307,263,263,265,265,165,163,279,276,220,220,214,214,304,304,340,340,223,217,293,293,252,252,190,190,172,258,539,542,332,346,224,224
16,255,277,221,221,257,248,219,225,249,249,526,535,224,224,177,177,240,240,307,303,263,255,265,265,165,159,279,279,220,220,214,214,304,294,340,340,223,217,293,283,252,244,190,190,258,258,542,548,318,324,224,224
16,259,269,221,221,257,257,222,222,249,249,526,535,224,224,177,177,240,240,307,307,263,263,262,262,165,165,279,279,220,220,214,214,304,304,340,340,217,245,293,293,252,252,190,190,258,258,539,542,332,334,224,224
16,253,263,221,219,257,257,219,222,249,249,526,535,224,224,177,177,240,240,307,307,263,263,262,265,165,159,279,279,220,220,214,214,304,304,340,340,227,227,293,293,252,252,190,190,258,258,542,542,332,344,224,224
16,249,269,221,221,257,257,222,222,249,249,526,535,224,224,177,177,240,240,311,311,263,263,265,262,165,165,279,279,220,220,214,214,304,304,340,340,227,247,293,293,252,242,190,190,258,258,542,548,332,338,224,224
16,255,257,221,219,257,257,216,219,249,249,526,535,224,224,177,177,240,240,307,307,263,263,265,262,165,165,279,279,220,220,214,214,304,304,340,340,223,247,293,293,252,252,190,190,258,172,542,542,330,338,224,224
16,251,251,221,221,257,257,222,222,249,249,526,535,224,224,177,177,240,240,307,307,263,263,265,265,165,165,279,279,220,220,214,214,304,304,340,340,223,223,293,293,252,252,190,190,250,250,539,548,332,338,224,224
16,255,269,221,221,257,257,219,222,249,249,523,523,224,224,177,177,240,240,307,313,263,263,265,265,165,165,279,279,220,220,214,214,304,304,340,340,227,227,293,293,252,252,190,190,258,258,539,542,338,340,224,224
16,249,255,221,221,257,257,219,222,249,249,526,535,224,224,177,177,240,240,307,307,263,263,265,262,165,165,279,279,220,220,214,214,304,304,340,340,223,223,293,293,252,252,190,190,258,258,542,548,336,344,224,224
16,263,271,227,219,257,257,219,219,249,249,526,535,224,224,177,177,240,240,307,307,263,263,265,262,165,165,279,279,220,220,214,214,304,304,340,340,223,223,293,293,252,252,190,190,258,172,542,545,346,346,224,224
16,251,259,221,221,257,257,219,222,249,249,529,535,224,224,177,177,240,240,307,307,263,263,265,265,165,165,279,279,220,220,214,214,304,304,340,340,231,223,293,293,252,252,190,190,172,258,542,548,332,336,224,227
16,273,275,221,221,257,257,216,216,249,249,523,535,224,224,177,177,240,240,307,311,263,263,265,262,165,163,279,279,220,220,214,214,304,304,340,340,223,231,293,293,252,252,190,190,258,258,539,542,330,336,224,224
16,249,253,221,221,257,257,222,225,249,249,526,535,224,224,177,177,240,240,307,311,263,263,265,265,165,159,279,279,220,220,214,214,304,304,340,340,227,247,293,293,252,252,190,190,258,258,542,548,332,342,224,224
16,249,263,221,219,257,257,219,222,249,249,526,526,224,224,177,177,240,240,307,307,263,263,265,262,165,159,279,279,220,220,214,214,304,304,340,340,223,223,293,293,252,252,190,196,258,172,539,539,332,346,224,224
16,249,253,221,221,257,263,222,225,249,249,526,535,224,224,177,177,240,240,307,307,263,263,265,265,165,159,279,279,220,220,214,214,304,304,340,340,227,247,293,293,252,252,190,190,258,258,542,548,332,342,224,224
16,263,263,221,221,257,257,219,225,249,249,526,535,224,224,177,177,240,240,307,307,263,263,265,265,165,165,279,279,220,220,214,214,304,304,340,340,225,223,293,293,252,254,190,190,172,172,542,548,330,338,224,227
16,251,255,221,221,257,257,219,225,249,249,526,529,224,224,177,177,240,240,307,307,263,263,265,262,165,165,279,279,220,220,214,214,304,304,340,340,225,223,293,293,252,252,190,190,258,172,542,548,332,336,224,227
16,255,255,221,227,257,257,222,225,249,249,523,523,224,224,177,177,240,240,307,307,263,263,262,262,165,165,279,279,220,220,214,216,304,308,340,340,225,223,293,293,252,254,190,190,258,172,539,542,332,334,224,227
16,255,261,221,221,257,257,219,222,249,249,526,535,224,224,177,177,240,240,307,311,263,263,265,265,165,225,279,279,220,220,214,214,304,304,340,340,223,223,293,293,252,252,190,190,250,250,542,542,336,338,224,224
17,255,269,221,221,257,257,219,225,249,251,526,526,224,224,177,177,240,240,307,307,263,263,265,265,163,165,279,279,220,220,214,214,304,304,340,340,219,247,293,311,252,254,190,190,258,258,542,542,332,344,224,224
17,253,263,221,221,257,257,225,225,251,251,526,535,224,224,177,177,240,240,307,313,263,263,265,262,163,165,279,279,220,220,214,214,304,304,340,340,209,243,293,293,254,254,190,190,172,172,542,542,332,334,224,224
17,269,269,221,221,257,257,222,225,249,251,523,523,224,224,177,177,240,240,307,307,263,263,265,265,165,159,279,279,220,220,214,214,304,304,340,340,227,227,293,293,252,254,190,190,250,250,539,545,332,352,224,224
17,269,271,221,221,257,257,222,225,249,249,526,526,224,224,177,177,240,240,307,307,263,263,265,265,165,225,279,279,220,220,214,214,304,304,340,330,229,233,293,311,252,252,190,190,172,258,542,542,330,352,224,224
17,261,271,221,221,257,257,225,225,249,251,532,550,224,224,177,177,240,240,307,307,263,263,265,265,163,165,279,279,220,220,214,214,304,304,340,340,229,239,293,311,252,254,190,190,250,258,548,563,332,334,224,224
17,253,269,221,217,257,257,222,225,251,251,526,526,224,224,177,177,240,240,309,313,263,263,265,265,159,165,279,279,220,220,214,214,304,304,340,340,209,227,293,293,252,254,190,187,258,258,545,542,332,332,224,224
17,255,261,221,215,257,257,225,225,249,251,532,550,224,224,177,177,240,240,307,307,263,263,265,265,163,165,279,279,220,220,214,214,304,304,340,340,227,239,293,311,252,254,190,190,250,258,548,563,332,334,224,224
17,253,269,221,215,257,257,222,225,251,251,526,526,224,224,177,177,240,240,309,313,263,263,265,265,165,159,279,279,220,220,214,214,304,304,340,340,209,227,293,293,254,254,190,187,258,258,545,542,332,332,224,224
17,253,263,221,221,257,257,216,225,249,249,526,544,224,224,177,177,240,240,307,309,263,263,265,265,165,165,279,279,220,220,214,214,304,304,340,340,219,233,293,293,252,252,190,190,172,250,542,542,332,334,224,224
17,253,257,221,221,257,257,225,225,251,251,523,523,224,224,177,177,240,240,307,307,263,259,265,265,225,225,279,279,220,220,214,214,304,304,340,336,213,233,293,293,254,254,190,190,172,250,539,539,332,332,224,221
17,269,279,221,221,257,257,222,225,251,251,523,523,224,224,177,177,240,240,307,307,263,263,265,265,165,163,279,279,220,220,214,214,304,304,340,338,227,239,293,293,254,254,190,187,250,172,539,542,332,352,224,221
17,261,261,221,221,257,257,222,225,251,251,526,529,224,224,177,177,240,240,307,307,263,263,265,265,165,159,279,279,220,220,214,214,304,304,340,340,227,227,293,293,254,254,190,190,258,258,542,545,332,332,224,224
17,263,269,221,221,257,257,222,225,251,251,526,526,224,224,177,177,240,240,307,307,263,263,265,265,165,159,279,279,220,220,214,214,304,304,340,340,209,233,293,293,254,254,190,190,250,250,542,542,332,332,224,221
17,267,267,221,221,257,257,219,225,251,251,526,541,224,224,177,177,240,240,307,307,263,263,265,262,165,159,279,279,220,220,214,214,304,304,340,340,227,245,293,293,254,254,190,190,250,258,542,542,330,340,224,224
17,269,277,221,221,257,257,219,225,249,251,526,535,224,224,177,177,240,240,309,307,263,263,265,265,165,165,279,282,220,220,214,214,304,304,340,340,213,229,293,293,252,254,190,190,250,172,539,542,330,336,224,227
17,257,257,221,221,257,257,225,225,249,251,523,535,224,224,177,177,242,238,307,309,263,263,265,265,165,165,279,279,220,220,214,218,304,304,340,340,213,239,293,293,254,254,190,190,250,258,539,545,330,332,221,227
17,253,257,221,221,257,257,225,225,249,251,523,535,224,224,177,177,240,242,307,309,263,263,265,262,165,159,279,279,220,220,214,214,304,304,340,340,213,233,293,293,254,254,190,190,172,250,539,548,332,332,224,221
17,263,269,221,221,257,257,222,225,249,251,523,523,224,224,177,177,240,228,307,307,263,263,265,265,165,159,279,279,220,220,214,214,304,304,340,340,209,233,293,293,254,254,190,190,250,250,539,539,332,332,224,221
17,245,269,221,221,257,257,222,222,249,251,523,529,224,224,177,177,240,228,307,307,263,263,265,265,165,165,279,279,220,220,214,214,304,304,340,340,233,245,293,293,252,254,190,190,250,250,545,539,332,332,224,224
17,245,269,221,221,257,257,222,222,249,251,526,535,224,224,177,177,240,228,307,307,263,263,265,265,165,165,279,279,220,220,214,214,304,304,340,340,227,229,293,293,254,254,190,190,250,172,542,548,344,352,224,224
17,253,269,221,241,257,257,225,228,249,251,526,535,224,224,177,177,240,240,307,307,263,263,265,265,165,165,279,279,220,220,214,214,304,304,340,340,227,233,293,293,252,254,190,190,172,258,542,548,330,330,224,224
17,253,263,221,221,257,257,225,225,249,251,526,535,224,224,177,177,242,228,307,307,263,263,262,265,165,165,279,279,220,220,214,214,304,304,340,340,209,243,293,293,254,254,190,190,172,172,542,548,332,334,224,224
17,261,263,221,221,257,257,222,225,249,251,523,535,224,224,177,177,240,240,307,307,263,263,265,265,165,163,279,279,220,220,214,214,304,304,340,340,209,229,293,293,254,254,190,190,250,172,539,542,334,352,224,224
17,269,269,221,221,257,257,222,219,249,251,526,535,224,224,177,177,240,240,307,309,263,263,265,265,165,163,279,279,220,220,214,214,304,304,340,340,209,247,293,293,254,254,190,190,258,172,542,548,352,342,224,224
17,255,255,221,221,257,257,219,225,249,251,526,535,224,224,177,177,240,240,307,307,263,263,265,265,165,163,279,279,220,220,214,214,304,304,340,340,219,247,293,311,252,254,190,190,258,258,539,539,332,342,224,224
17,269,277,221,221,257,257,222,225,249,251,523,526,224,224,177,177,240,228,307,307,263,263,265,265,165,163,279,279,220,216,214,214,304,304,340,340,227,239,293,293,254,254,190,190,250,250,539,542,332,352,224,221
17,255,261,221,221,257,257,225,225,249,251,550,532,224,224,177,177,240,240,307,307,263,263,265,265,165,163,279,279,220,220,214,214,304,304,340,340,227,239,293,311,252,254,190,190,250,258,563,548,332,334,224,224
17,253,263,221,221,257,257,216,225,249,249,526,535,224,224,177,177,240,240,307,307,263,263,265,265,165,165,279,279,220,220,214,214,304,304,340,340,219,233,293,293,252,252,190,190,172,250,542,548,332,334,224,224
17,261,269,221,221,257,257,222,222,249,251,526,535,224,224,177,177,-9,-9,307,309,263,263,265,265,165,159,279,279,220,220,214,214,304,304,340,340,227,227,293,293,252,254,190,190,172,172,542,539,332,332,224,224
17,255,255,221,221,257,257,222,225,249,251,523,523,224,224,177,177,240,228,307,309,263,263,265,265,165,163,279,279,220,220,214,214,304,304,340,340,229,247,293,293,252,254,190,190,250,172,539,539,330,344,224,224
17,257,257,221,221,257,257,219,222,249,251,523,523,224,224,177,177,240,238,313,313,263,263,265,265,165,165,279,282,220,220,214,214,304,304,340,340,229,233,293,293,252,254,190,190,250,258,539,539,332,344,224,227
18,257,265,221,221,257,257,219,222,249,251,523,529,224,224,177,177,240,240,307,309,263,263,265,265,165,159,279,279,220,220,214,214,304,304,340,340,221,221,293,295,252,254,190,190,258,258,545,539,340,350,224,224
18,247,255,221,201,257,257,219,219,249,249,-9,-9,224,227,177,177,240,240,309,309,263,263,265,265,165,217,279,276,220,220,214,214,304,304,340,340,221,221,293,293,252,252,190,190,250,258,539,539,340,346,-9,-9
18,257,257,221,221,257,257,219,219,251,251,523,535,224,224,177,177,240,240,309,309,263,263,265,265,165,159,279,279,220,220,214,214,304,304,340,340,221,211,293,295,254,254,190,190,172,258,539,539,340,346,224,224
18,265,271,221,221,257,257,219,222,249,251,523,526,224,224,177,177,240,240,309,309,263,263,265,265,165,163,279,279,220,220,214,214,304,304,340,340,221,227,293,293,252,254,190,190,174,258,539,539,342,346,224,224
18,253,275,221,221,257,257,219,219,251,251,526,535,224,224,177,177,240,240,307,309,263,263,265,265,165,159,279,285,220,220,214,214,304,304,340,340,221,227,293,295,254,254,190,190,250,250,542,548,336,346,224,224
18,265,269,221,221,257,257,219,219,251,251,526,529,224,224,177,177,240,240,307,309,263,263,265,265,165,159,279,279,220,220,214,214,304,304,340,340,221,227,293,293,254,254,190,190,258,258,542,545,340,346,224,224
18,261,269,221,221,257,257,219,222,249,251,526,526,224,224,177,177,240,240,309,309,263,263,265,265,165,159,279,279,220,220,214,214,304,304,340,340,221,221,293,293,252,254,190,190,174,258,-9,-9,346,354,224,224
18,253,267,221,221,257,257,219,228,249,251,523,529,224,224,177,177,240,240,307,311,263,263,265,265,165,159,279,285,220,220,214,214,304,304,340,340,221,229,293,293,252,254,190,190,174,250,539,545,338,338,224,224
18,269,271,221,221,257,257,219,222,251,251,523,529,224,224,177,177,240,240,307,309,263,263,265,265,165,159,279,285,220,220,214,214,304,304,340,340,221,221,293,293,254,254,190,190,174,172,539,545,344,346,224,224
18,265,281,221,221,257,257,222,225,251,251,526,535,224,224,177,177,240,240,307,307,263,263,265,265,165,225,279,279,220,220,214,214,304,304,340,340,221,231,293,293,254,254,190,190,174,250,542,548,332,342,224,224
18,257,267,221,221,257,257,225,228,249,249,523,523,224,224,177,177,240,240,311,311,263,263,265,265,165,159,279,279,220,220,214,214,304,304,340,340,221,227,293,293,252,252,190,190,174,250,539,539,332,338,224,224
18,249,265,221,221,257,257,216,225,251,251,526,526,224,224,177,177,240,240,307,307,263,263,265,265,165,165,279,279,220,220,214,214,304,304,340,340,221,227,293,293,254,254,190,190,250,172,539,539,332,336,224,224
18,263,265,221,221,257,257,219,225,251,251,526,526,224,224,177,177,240,240,307,311,263,263,265,265,165,165,279,279,220,220,214,214,304,304,340,340,227,229,293,293,254,254,190,190,250,258,539,539,336,342,224,224
18,255,255,221,221,257,257,225,225,249,251,529,526,224,224,177,177,240,240,309,309,263,263,265,265,165,225,279,285,220,220,214,214,304,304,340,340,221,221,293,293,252,254,190,190,172,250,539,545,332,350,224,224
18,249,263,221,221,257,257,216,219,251,251,526,526,224,224,177,198,240,240,307,307,263,263,265,265,165,165,279,279,220,220,214,214,304,304,340,340,221,227,293,311,254,254,190,190,250,250,539,539,336,336,224,224
18,265,269,221,227,257,257,219,219,251,251,526,526,224,224,177,177,240,240,307,311,263,263,265,265,165,163,279,279,220,220,214,214,304,304,340,340,221,229,293,293,254,254,190,190,250,250,539,539,338,346,224,224
18,253,265,221,221,257,257,219,225,249,251,523,529,224,224,177,177,240,240,307,311,263,263,265,265,165,165,279,279,220,220,214,218,304,304,340,340,221,221,293,293,252,254,190,190,174,250,539,545,334,346,224,224
18,263,273,221,221,257,257,216,219,249,251,526,526,224,224,177,177,240,240,307,309,263,263,265,265,165,165,279,279,220,220,214,214,304,304,340,340,221,221,293,293,252,254,190,190,174,250,539,539,336,344,224,224
18,267,273,221,221,257,257,225,225,249,251,523,529,224,224,177,177,240,240,309,309,263,263,265,265,165,165,279,279,220,220,214,214,304,304,340,340,221,221,293,293,252,254,190,190,250,250,539,545,332,342,224,224
18,255,273,221,217,257,257,216,225,249,249,514,526,224,224,177,177,240,240,307,307,263,259,265,265,165,159,279,279,220,220,214,214,304,304,340,332,221,241,293,311,252,252,190,190,250,250,539,545,336,342,224,224
18,267,273,221,221,257,257,219,219,249,251,523,529,224,224,177,177,240,240,307,309,263,263,265,265,165,165,279,285,220,220,214,214,304,304,340,340,221,221,293,293,252,254,190,190,174,250,539,545,346,346,224,224
