1,2,2,4,4,1,1,1,1,2,4,2,2,1,3,3,3,2,4,-9,-9,2,2,1,1,4,4,2,4,2,2,4,4,4,4,2,2,4,4,1,1,1,1,2,2,2,4,2,2,2,2,4,4,2,4,2,3,2,4,3,3,3,3,4,4,1,1
1,2,2,4,4,1,1,1,1,4,4,2,4,1,3,1,3,2,4,3,4,2,4,1,3,-9,-9,2,2,2,2,4,4,4,4,2,2,4,4,1,1,1,1,2,2,4,4,2,2,2,2,4,4,2,4,2,3,2,4,1,3,3,3,4,4,3,3
1,2,2,4,4,1,1,1,1,4,4,2,4,1,3,1,3,2,4,3,4,2,4,1,3,3,3,2,2,2,2,4,4,4,4,2,2,4,4,1,3,1,1,2,2,4,4,2,2,2,2,4,4,2,4,2,3,2,2,1,3,3,3,4,4,1,3
1,2,2,-9,-9,1,1,1,1,4,4,4,4,3,3,3,3,4,4,3,3,2,4,1,3,4,4,2,2,2,2,4,4,2,2,2,2,4,4,-9,-9,1,1,2,2,2,4,2,2,2,2,4,4,2,2,3,3,2,2,3,3,3,3,4,4,1,3
1,2,2,4,4,1,1,1,1,2,4,4,4,3,3,3,3,4,4,3,3,4,4,1,3,3,3,2,2,2,2,4,4,4,4,2,2,4,4,1,1,1,1,2,2,4,4,2,2,2,2,4,4,2,2,3,3,2,4,3,3,3,3,4,4,3,3
1,4,4,4,4,1,1,1,1,2,2,2,4,1,3,1,3,2,4,3,4,2,4,1,1,4,4,2,2,2,2,4,4,4,4,2,2,4,4,3,3,1,1,1,2,4,4,2,2,2,2,1,4,2,4,2,3,2,4,3,3,3,3,4,4,3,3
1,2,4,4,4,1,1,1,1,2,4,4,4,3,3,3,3,4,4,3,3,2,2,1,1,3,3,2,2,2,2,4,4,4,4,2,2,4,4,1,1,1,1,2,2,2,4,2,2,2,2,4,4,2,2,3,3,2,4,3,3,3,3,4,4,3,3
1,2,2,4,4,-9,-9,1,1,4,4,2,4,1,3,1,3,2,2,3,4,2,4,1,1,3,3,2,2,-9,-9,4,4,4,4,2,2,4,4,1,3,1,1,2,2,4,4,2,2,2,2,4,4,2,4,2,3,2,4,-9,-9,-9,-9,4,4,1,3
1,2,4,4,4,1,1,1,1,4,4,2,4,1,3,1,3,2,4,3,4,2,4,1,3,4,4,2,2,2,2,4,4,4,4,2,2,4,4,-9,-9,1,1,2,2,4,4,2,2,2,2,4,4,2,4,2,3,2,4,1,3,3,3,4,4,1,3
1,2,4,4,4,1,1,1,1,4,4,2,4,3,3,1,3,2,4,3,4,2,2,1,1,3,3,2,2,2,2,4,4,4,4,2,2,4,4,1,1,1,1,1,2,2,4,2,2,2,2,4,4,2,4,2,3,2,4,3,3,3,3,4,4,3,3
1,2,4,4,4,1,1,1,1,2,4,4,4,3,3,1,3,4,4,3,4,2,4,1,3,-9,-9,2,4,2,2,4,4,4,4,2,2,4,4,1,3,1,1,2,2,2,4,2,2,2,2,4,4,2,2,3,3,2,4,3,3,3,3,4,4,3,3
1,2,4,4,4,1,1,1,1,4,4,2,4,1,3,1,3,2,4,3,4,2,2,1,1,4,4,2,2,2,2,4,4,4,4,2,4,2,4,1,3,1,1,2,2,4,4,2,2,2,2,4,4,2,4,2,3,2,2,3,3,3,3,4,4,1,3
1,2,4,4,4,1,1,1,1,4,4,2,4,1,3,1,3,2,4,3,4,2,4,1,1,3,3,2,2,2,2,4,4,4,4,2,2,4,4,1,1,1,1,2,2,4,4,2,2,2,2,4,4,2,4,2,3,2,4,3,3,3,3,4,4,1,3
1,2,4,4,4,1,1,1,1,4,4,2,4,1,3,1,3,2,4,3,4,2,4,1,1,4,4,2,2,2,2,4,4,4,4,2,4,2,4,1,1,1,1,2,2,4,4,2,2,2,2,4,4,2,4,2,3,2,4,3,3,3,3,4,4,1,3
1,2,2,4,4,1,1,1,1,2,4,4,4,3,3,3,3,4,4,3,3,2,4,1,3,3,3,2,2,2,2,4,4,4,4,4,4,2,2,1,1,1,1,1,1,4,4,2,4,2,4,1,1,2,2,2,3,2,4,3,3,1,3,1,4,1,1
2,2,4,2,4,1,1,1,1,4,4,2,2,1,1,1,1,2,2,4,4,2,2,1,1,3,3,2,2,2,2,4,4,4,4,2,2,4,4,1,3,1,1,2,2,2,4,2,2,2,2,4,4,4,4,2,2,2,4,1,3,3,3,4,4,3,3
2,2,4,4,4,1,1,1,1,2,4,2,2,1,3,1,3,2,4,3,4,2,4,1,3,3,4,2,2,2,2,4,4,4,4,2,2,4,4,1,3,1,1,2,2,4,4,2,2,2,2,4,4,2,4,2,3,2,4,3,3,3,3,4,4,1,3
2,2,4,4,4,1,1,1,1,4,4,2,4,1,3,1,3,2,4,3,4,4,4,3,3,3,3,2,2,2,2,4,4,4,4,2,2,4,4,1,3,1,1,1,2,4,4,2,2,2,2,1,4,2,4,2,3,2,2,3,3,3,3,4,4,3,3
2,2,2,4,4,1,1,1,1,4,4,4,4,3,3,3,3,4,4,3,3,2,4,1,1,3,4,2,2,2,2,4,4,4,4,2,2,4,4,1,1,1,1,2,2,2,4,2,2,2,2,4,4,2,2,3,3,2,2,3,3,3,3,4,4,1,3
2,4,4,4,4,1,1,1,1,2,4,4,4,3,3,3,3,4,4,3,3,2,4,1,1,-9,-9,2,2,2,2,4,4,4,4,2,4,2,4,1,1,1,1,2,2,4,4,2,2,2,2,4,4,2,2,3,3,2,4,3,3,3,3,1,4,1,3
2,2,2,4,4,1,1,1,1,2,4,4,4,1,1,1,3,2,4,3,4,2,4,1,3,-9,-9,2,2,2,2,4,4,4,4,2,2,4,4,-9,-9,1,1,1,2,4,4,-9,-9,2,2,1,4,2,4,2,3,2,2,3,3,3,3,4,4,1,3
2,-9,-9,4,4,1,1,1,1,2,2,2,4,1,3,1,3,2,4,3,4,2,2,1,1,3,3,2,2,2,2,4,4,4,4,2,2,4,4,1,1,1,1,2,2,4,4,2,2,2,2,4,4,2,4,2,2,2,4,1,3,3,3,4,4,3,3
2,2,4,2,4,1,1,1,1,4,4,2,2,1,1,1,1,2,2,4,4,2,4,1,1,3,3,2,2,2,2,4,4,4,4,2,2,4,4,1,3,1,1,2,2,4,4,2,2,2,2,4,4,4,4,2,2,2,2,3,3,3,3,4,4,3,3
2,2,2,2,4,1,1,1,1,4,4,4,4,3,3,3,3,4,4,3,3,2,4,1,1,3,3,2,2,2,2,4,4,4,4,2,2,4,4,1,3,1,1,1,1,4,4,2,2,2,2,1,1,2,2,3,3,2,4,3,3,3,3,4,4,1,3
2,2,2,2,4,1,1,1,1,2,4,2,2,1,3,1,3,2,4,3,4,2,4,1,3,3,4,2,2,2,2,4,4,4,4,2,2,4,4,1,1,1,1,2,2,2,4,2,2,2,2,4,4,2,4,2,3,2,4,3,3,3,3,4,4,3,3
2,2,2,4,4,1,1,1,1,4,4,2,4,3,3,1,3,2,4,3,4,4,4,1,1,3,3,2,2,2,2,4,4,4,4,2,2,4,4,1,3,1,1,2,2,4,4,2,2,2,2,4,4,2,4,2,3,2,2,3,3,3,3,4,4,3,3
2,2,4,4,4,1,1,1,1,4,4,2,4,1,3,1,3,2,2,3,4,2,2,1,1,3,3,2,2,2,2,4,4,4,4,2,2,4,4,1,1,1,1,2,2,4,4,2,2,2,2,4,4,2,4,2,3,2,4,3,3,3,3,4,4,1,3
2,2,2,2,4,1,1,1,1,2,4,2,2,1,1,1,1,2,2,4,4,2,4,1,3,3,3,2,2,2,2,4,4,4,4,2,2,4,4,1,1,1,1,2,2,2,2,2,2,2,2,4,4,4,4,2,2,2,4,3,3,3,3,4,4,1,3
2,2,4,2,4,1,1,1,1,2,4,2,4,1,3,1,1,2,2,4,4,2,4,-9,-9,3,4,2,2,2,2,4,4,4,4,2,2,4,4,1,1,1,1,1,2,-9,-9,2,2,2,2,1,4,2,4,2,2,-9,-9,1,3,3,3,4,4,3,3
3,4,4,4,4,1,1,1,1,2,4,2,4,1,3,1,3,2,4,3,4,4,4,1,1,4,4,2,2,2,2,4,4,4,4,2,4,2,4,1,3,1,1,2,2,4,4,2,2,2,2,4,4,2,4,2,3,2,4,3,3,1,3,4,4,1,3
3,2,4,4,4,1,1,1,1,4,4,4,4,3,3,3,3,4,4,3,3,4,4,1,3,3,4,2,2,2,2,4,4,4,4,2,2,4,4,1,1,1,1,2,2,4,4,2,2,2,2,4,4,2,2,3,3,2,4,3,3,3,3,4,4,3,3
3,2,4,4,4,1,1,1,1,4,4,4,4,3,3,3,3,2,4,3,3,4,4,1,3,3,3,2,2,2,2,4,4,4,4,2,2,4,4,1,1,1,1,2,2,4,4,2,2,2,2,4,4,2,2,2,3,2,4,3,3,3,3,4,4,3,3
3,4,4,4,4,1,1,1,1,2,4,2,4,1,3,1,3,2,4,3,4,2,4,1,1,3,4,2,2,2,2,4,4,4,4,2,4,2,4,1,3,1,1,2,2,4,4,2,2,2,2,4,4,2,4,2,3,2,4,3,3,1,3,4,4,1,3
3,2,2,4,4,1,1,1,1,4,4,2,4,1,1,1,1,2,2,4,4,2,2,1,1,3,3,2,2,2,2,4,4,4,4,2,2,4,4,1,3,1,1,1,2,2,4,2,2,2,2,1,4,2,4,2,2,2,2,3,3,3,3,4,4,1,3
3,2,4,4,4,1,1,1,1,4,4,2,4,1,3,1,3,2,4,3,4,2,2,1,1,3,4,2,2,2,2,4,4,4,4,2,4,2,4,1,3,1,1,2,2,4,4,2,2,2,2,4,4,2,4,2,3,2,2,3,3,3,3,4,4,1,3
3,2,4,4,4,1,1,1,1,4,4,2,4,1,3,1,3,2,4,3,4,2,4,1,1,3,3,2,2,2,2,4,4,4,4,2,2,4,4,1,3,1,1,2,2,4,4,2,2,2,2,4,4,2,4,2,3,2,2,3,3,1,3,4,4,1,3
3,2,2,4,4,1,1,1,1,2,4,4,4,3,3,3,3,2,4,3,3,2,2,1,1,4,4,4,4,2,2,4,4,4,4,2,2,4,4,1,3,1,1,2,2,2,4,2,2,2,2,4,4,2,2,2,3,2,2,3,3,3,3,4,4,3,3
3,2,2,4,4,1,1,1,1,4,4,4,4,3,3,3,3,4,4,3,3,4,4,1,3,3,3,2,2,2,2,4,4,4,4,2,4,2,4,1,3,1,1,2,2,4,4,2,2,2,2,4,4,2,2,3,3,2,4,3,3,3,3,1,4,3,3
3,2,2,2,4,1,1,1,1,4,4,2,4,1,3,1,3,2,4,3,4,4,4,1,3,3,3,2,2,2,2,4,4,4,4,2,2,4,4,1,1,1,1,2,2,4,4,2,2,2,2,4,4,2,4,2,3,2,4,3,3,3,3,4,4,3,3
3,2,2,4,4,1,1,1,1,4,4,4,4,1,3,1,3,2,2,3,4,2,2,1,3,3,3,2,2,2,2,4,4,4,4,2,2,4,4,1,3,1,1,1,2,2,4,2,2,2,2,1,4,2,2,2,2,2,4,3,3,1,3,4,4,3,3
3,2,4,4,4,1,1,1,1,4,4,2,4,1,3,1,3,2,4,3,4,2,4,-9,-9,3,3,2,2,2,2,4,4,4,4,2,2,4,4,1,1,1,1,1,2,-9,-9,2,2,2,2,1,4,2,4,2,3,-9,-9,3,3,3,3,4,4,1,3
3,2,2,4,4,1,1,1,1,2,4,2,4,1,3,1,3,2,4,3,4,2,2,1,1,3,3,2,2,2,2,4,4,4,4,2,2,4,4,1,3,1,1,1,2,4,4,2,2,2,2,1,4,2,4,2,3,2,4,3,3,3,3,4,4,1,3
3,2,4,4,4,1,1,1,1,2,4,2,4,3,3,1,3,2,4,3,4,2,4,1,1,3,3,2,2,2,2,4,4,4,4,2,2,4,4,1,3,1,1,2,2,2,4,2,2,2,2,4,4,2,4,2,3,2,2,3,3,3,3,1,4,3,3
3,2,2,4,4,1,1,1,1,4,4,4,4,3,3,3,3,2,4,3,3,4,4,1,3,3,3,2,2,2,2,4,4,4,4,2,4,2,4,1,1,1,1,2,2,2,4,2,2,2,2,4,4,2,2,3,3,2,2,3,3,3,3,4,4,3,3
4,2,4,4,4,1,1,1,1,4,4,2,4,1,3,1,3,2,4,3,4,2,4,1,1,3,3,2,2,2,2,4,4,4,4,2,4,2,4,1,1,1,1,1,2,4,4,2,2,2,2,1,4,2,4,2,3,2,2,3,3,3,3,4,4,1,3
4,2,2,4,4,1,1,1,1,2,2,2,4,1,3,1,3,2,4,3,4,2,4,1,1,3,4,2,2,2,2,4,4,4,4,2,4,2,4,1,1,1,1,2,2,4,4,2,2,2,2,4,4,2,4,2,3,2,4,3,3,3,3,4,4,3,3
4,2,2,2,4,1,1,1,1,4,4,2,2,1,3,1,3,2,4,3,4,2,2,1,3,4,4,2,2,2,2,4,4,4,4,2,4,2,4,1,3,1,1,2,2,4,4,2,2,2,2,4,4,2,4,2,3,2,4,3,3,3,3,4,4,1,3
4,2,4,4,4,1,1,1,1,2,4,2,4,1,3,3,3,2,4,3,4,2,4,1,1,3,3,2,2,2,2,4,4,4,4,2,2,4,4,1,1,1,1,2,2,4,4,2,2,2,2,4,4,2,4,2,3,2,4,3,3,3,3,4,4,3,3
4,2,2,4,4,1,1,1,1,2,4,4,4,3,3,3,3,4,4,3,3,2,4,1,3,3,3,2,2,2,2,4,4,4,4,4,4,2,2,1,1,1,1,1,1,4,4,2,2,2,2,1,1,2,2,3,3,2,4,3,3,3,3,4,4,3,3
4,2,4,4,4,1,1,1,1,2,4,2,4,1,3,1,3,2,4,3,4,2,4,1,1,3,4,2,2,2,2,4,4,4,4,2,2,4,4,1,1,1,1,1,2,4,4,2,2,2,2,1,4,2,4,2,3,2,4,3,3,3,3,4,4,3,3
4,2,4,4,4,1,1,1,1,4,4,2,4,1,3,1,3,2,4,3,4,4,4,1,1,3,3,2,2,2,2,4,4,4,4,2,2,4,4,1,1,1,1,2,2,2,4,2,2,2,2,4,4,2,4,2,3,2,4,3,3,3,3,4,4,3,3
4,2,4,4,4,1,1,1,1,2,4,2,4,1,3,1,3,2,4,3,4,4,4,1,3,3,3,2,2,2,4,2,4,2,4,2,2,4,4,1,1,1,3,1,2,4,4,2,4,2,4,1,4,2,4,2,3,2,4,3,3,3,3,1,4,3,3
4,2,4,4,4,1,1,1,1,4,4,-9,-9,-9,-9,3,3,4,4,3,3,2,4,1,1,3,3,2,2,2,2,4,4,4,4,2,4,-9,-9,-9,-9,1,1,2,2,4,4,2,2,2,2,4,4,2,2,3,3,2,2,3,3,3,3,4,4,1,3
4,4,4,4,4,1,1,1,1,2,2,4,4,3,3,3,3,4,4,3,3,2,4,1,1,3,3,2,2,2,2,4,4,4,4,2,4,2,4,1,3,1,1,1,2,4,4,2,2,2,2,1,4,2,2,3,3,2,2,3,3,3,3,4,4,1,3
4,2,4,4,4,1,1,1,1,4,4,2,4,3,3,1,3,2,4,3,4,2,2,1,1,-9,-9,2,2,2,2,4,4,4,4,2,2,4,4,3,3,1,1,2,2,4,4,2,2,2,2,4,4,2,4,2,3,2,2,1,3,3,3,4,4,1,3
4,2,2,2,4,1,1,1,1,2,4,2,2,1,1,1,1,2,2,4,4,2,2,1,1,3,3,2,2,2,2,4,4,4,4,2,2,4,4,1,1,1,1,1,2,4,4,2,2,2,2,1,4,4,4,2,2,2,4,3,3,1,1,4,4,1,3
4,2,4,4,4,1,1,1,1,2,4,4,4,3,3,3,3,4,4,3,3,2,4,3,3,3,3,2,2,2,2,4,4,4,4,2,4,2,4,1,1,1,1,2,2,4,4,2,2,2,2,4,4,2,2,3,3,2,4,3,3,3,3,4,4,3,3
4,2,2,4,4,1,1,1,1,4,4,2,4,1,1,1,3,2,2,3,4,2,2,1,1,-9,-9,2,2,2,2,4,4,4,4,2,2,4,4,1,1,1,1,2,2,2,4,2,2,2,2,4,4,2,4,2,2,2,4,3,3,3,3,4,4,1,3
4,2,2,2,4,1,1,1,1,2,4,2,2,-9,-9,1,3,2,4,4,4,2,4,1,3,-9,-9,2,2,2,2,4,4,4,4,2,2,4,4,1,1,-9,-9,2,2,-9,-9,-9,-9,2,2,4,4,2,4,2,3,2,4,3,3,3,3,4,4,1,3
5,2,2,4,4,1,1,1,1,4,4,2,4,1,3,1,3,2,4,3,4,2,4,1,3,3,3,2,2,2,2,4,4,4,4,2,4,4,4,1,1,1,1,2,2,4,4,2,2,2,2,4,4,2,4,2,3,2,2,1,3,3,3,4,4,1,3
5,2,2,4,4,1,1,1,1,2,4,2,4,3,3,1,3,2,4,3,4,2,4,1,3,-9,-9,2,2,2,2,4,4,4,4,2,2,4,4,1,1,1,1,2,2,4,4,2,2,2,2,4,4,2,4,2,3,2,2,3,3,3,3,4,4,3,3
5,2,4,4,4,1,1,1,1,4,4,4,4,3,3,3,3,4,4,3,3,2,4,1,3,-9,-9,2,2,2,2,4,4,4,4,2,2,4,4,1,3,1,1,2,2,2,4,2,2,2,2,4,4,2,2,3,3,2,4,3,3,3,3,4,4,1,3
5,2,2,2,4,1,1,1,1,4,4,4,4,3,3,3,3,4,4,3,3,2,2,1,1,4,4,2,2,2,2,4,4,4,4,2,2,4,4,1,1,1,1,2,2,4,4,2,2,2,2,4,4,2,2,3,3,2,4,3,3,3,3,4,4,1,3
5,2,2,4,4,1,1,1,1,4,4,4,4,3,3,3,3,4,4,3,3,4,4,1,3,3,4,2,2,2,2,4,4,4,4,2,4,2,4,1,3,1,1,2,2,4,4,2,2,2,2,4,4,2,2,3,3,2,4,3,3,3,3,4,4,3,3
5,4,4,4,4,-9,-9,1,1,2,4,2,4,1,3,1,3,2,4,3,4,2,4,1,3,3,3,2,2,-9,-9,4,4,4,4,2,4,2,4,1,3,1,1,2,2,4,4,2,2,2,2,4,4,2,4,2,3,2,2,-9,-9,-9,-9,4,4,3,3
5,2,2,4,4,1,1,1,1,4,4,2,4,1,3,1,3,2,4,3,4,2,4,1,1,4,4,2,2,2,2,4,4,4,4,2,4,2,4,1,1,1,1,2,2,4,4,2,2,2,2,4,4,2,4,2,3,2,2,3,3,3,3,4,4,1,3
5,2,4,2,4,1,1,1,1,4,4,4,4,3,3,3,3,4,4,3,3,2,2,1,1,3,4,2,2,2,2,4,4,4,4,2,2,4,4,1,1,1,1,1,2,4,4,2,2,2,2,1,4,2,2,3,3,2,4,3,3,3,3,4,4,3,3
5,2,4,4,4,1,1,1,1,2,4,2,4,1,3,1,3,2,4,3,4,2,2,1,1,3,3,2,2,2,2,4,4,4,4,2,2,4,4,1,1,1,1,2,2,4,4,2,2,2,2,4,4,2,4,2,3,2,2,3,3,3,3,4,4,3,3
5,2,4,4,4,1,1,1,1,2,4,2,4,1,3,1,3,2,4,3,4,2,4,1,3,4,4,2,2,2,2,4,4,4,4,4,4,2,2,1,3,1,1,2,2,2,2,2,2,2,2,4,4,2,4,2,3,2,4,1,3,3,3,4,4,3,3
5,2,2,2,4,1,1,1,1,4,4,2,4,1,3,1,3,2,4,3,4,2,2,1,1,3,3,2,2,2,2,4,4,4,4,2,2,4,4,1,1,1,1,2,2,4,4,2,2,2,2,4,4,2,4,2,3,2,4,3,3,3,3,4,4,1,3
5,4,4,4,4,1,1,1,1,2,4,4,4,3,3,3,3,4,4,3,3,4,4,1,1,3,4,2,2,2,2,4,4,4,4,2,2,4,4,3,3,1,1,2,2,4,4,2,2,2,2,4,4,2,2,3,3,2,4,1,1,3,3,4,4,3,3
5,2,4,4,4,1,1,1,1,2,4,4,4,3,3,3,3,4,4,3,3,2,4,1,1,3,4,2,2,2,2,4,4,4,4,2,4,2,4,1,1,1,1,2,2,2,4,2,2,2,2,4,4,2,2,3,3,2,4,1,3,3,3,4,4,1,3
5,2,2,4,4,1,1,1,1,2,4,2,4,1,3,1,3,2,4,3,4,2,2,1,3,3,4,4,4,2,2,4,4,4,4,2,4,2,4,1,1,1,1,2,2,2,4,2,2,2,2,4,4,2,4,2,3,2,4,3,3,3,3,4,4,3,3
5,2,4,4,4,1,1,1,1,2,4,4,4,3,3,3,3,4,4,3,3,4,4,3,3,3,3,2,2,2,2,4,4,4,4,2,4,2,4,3,3,1,1,2,2,4,4,2,2,2,2,4,4,2,2,3,3,2,2,3,3,3,3,4,4,3,3
6,4,4,4,4,1,1,1,1,4,4,4,4,3,3,3,3,2,2,3,3,2,2,3,3,3,4,2,2,2,4,2,4,2,4,4,4,2,2,1,3,1,3,1,1,4,4,2,4,2,4,1,1,2,2,2,2,2,4,3,3,1,3,4,4,1,1
6,2,4,4,4,1,1,1,1,2,4,2,4,1,3,1,3,2,2,3,4,2,4,1,3,3,4,2,2,2,2,4,4,4,4,4,4,2,2,1,3,1,3,1,2,4,4,2,4,2,4,1,4,2,2,2,2,2,2,3,3,1,3,4,4,1,3
6,2,4,4,4,1,1,1,1,4,4,4,4,3,3,3,3,2,4,3,3,4,4,1,3,3,4,2,2,2,2,4,4,4,4,2,4,2,4,1,3,3,3,1,1,4,4,4,4,4,4,1,1,2,2,2,3,2,4,3,3,1,3,4,4,3,3
6,2,4,4,4,1,1,1,1,4,4,4,4,3,3,3,3,2,4,3,3,4,4,1,3,3,3,2,2,2,2,4,4,4,4,2,4,2,4,1,3,3,3,1,1,4,4,4,4,4,4,1,1,2,2,2,3,2,4,3,3,1,3,4,4,3,3
6,2,2,4,4,1,1,1,1,2,4,4,4,3,3,3,3,4,4,3,3,2,4,1,1,3,3,2,2,2,4,2,4,2,4,2,2,4,4,1,3,1,1,1,2,4,4,2,2,2,2,4,4,2,2,3,3,2,4,3,3,3,3,4,4,3,3
6,2,4,4,4,1,1,1,1,2,4,4,4,3,3,3,3,2,4,3,3,2,4,1,1,3,3,2,2,2,4,2,4,2,4,2,2,4,4,1,1,1,3,1,2,4,4,2,4,2,4,1,4,2,2,3,3,2,4,3,3,3,3,4,4,3,3
6,2,4,4,4,1,1,1,1,4,4,2,2,1,1,1,1,2,2,4,4,4,4,1,1,-9,-9,2,2,2,2,4,4,4,4,2,4,2,4,3,3,1,3,1,2,4,4,2,2,2,4,1,4,2,4,2,2,2,2,3,3,3,3,4,4,3,3
6,4,4,4,4,1,1,1,1,2,4,2,4,1,3,1,3,2,4,3,4,2,2,1,3,3,4,2,2,2,4,2,4,2,4,2,4,2,4,1,1,1,1,1,2,4,4,2,2,2,2,1,4,2,4,2,3,2,4,3,3,1,3,4,4,1,3
6,4,4,4,4,1,1,1,1,2,4,2,4,1,3,1,3,2,4,3,4,2,2,1,3,3,3,2,2,2,4,2,4,2,4,2,4,2,4,1,1,1,1,1,2,4,4,2,2,2,2,1,4,2,4,2,3,2,4,3,3,1,3,4,4,1,3
6,2,2,4,4,1,1,1,1,2,4,4,4,3,3,3,3,2,4,3,3,4,4,1,1,3,4,4,4,2,2,4,4,4,4,2,4,2,4,3,3,1,1,1,2,4,4,2,2,2,2,1,4,2,2,2,3,2,2,3,3,3,3,1,4,3,3
6,2,4,4,4,1,1,1,1,2,4,4,4,3,3,3,3,2,4,3,3,2,2,1,1,3,4,2,2,2,4,2,4,2,4,2,2,4,4,1,1,1,1,1,2,2,4,2,4,2,4,1,4,2,2,3,3,2,2,1,3,1,3,1,1,1,3
6,2,4,4,4,1,1,1,1,2,2,4,4,3,3,3,3,2,4,3,3,2,4,1,3,3,3,2,2,2,2,4,4,4,4,2,2,4,4,1,1,1,1,2,2,4,4,2,2,2,2,4,4,2,2,2,3,2,4,3,3,1,3,4,4,1,3
6,2,2,4,4,1,1,1,1,2,4,2,4,1,3,1,3,2,4,3,4,2,2,1,1,3,3,2,2,2,2,4,4,4,4,2,4,2,4,1,1,1,3,1,2,4,4,2,4,-9,-9,1,4,2,4,-9,-9,2,4,1,3,1,3,-9,-9,1,3
6,2,4,4,4,1,1,1,1,4,4,2,4,1,3,1,3,2,4,3,4,2,4,1,3,3,4,2,4,2,2,4,4,4,4,2,2,4,4,1,1,1,1,2,2,2,4,2,2,2,2,4,4,2,4,2,3,2,4,3,3,3,3,4,4,1,3
6,2,2,4,4,1,1,1,1,2,4,2,4,1,3,1,3,2,4,3,4,2,4,1,3,4,4,2,4,2,2,4,4,4,4,2,2,4,4,1,3,1,1,2,2,4,4,2,2,2,2,4,4,2,4,2,3,2,2,3,3,1,1,4,4,3,3
7,2,2,4,4,1,1,1,1,2,4,4,4,3,3,3,3,4,4,3,3,4,4,1,1,3,3,-9,-9,2,2,4,4,4,4,2,2,4,4,1,1,1,1,1,2,4,4,2,2,2,2,1,4,2,2,3,3,2,4,3,3,3,3,4,4,3,3
7,2,2,2,4,1,1,1,1,4,4,2,4,1,3,1,3,2,4,3,4,4,4,1,1,3,4,2,2,2,2,4,4,4,4,2,2,4,4,1,3,1,1,1,2,4,4,2,2,2,2,1,4,2,4,2,3,2,4,3,3,3,3,4,4,3,3
7,2,4,4,4,1,1,1,1,2,4,2,2,1,3,1,3,2,4,3,4,2,4,1,1,3,4,2,2,2,2,4,4,4,4,2,2,4,4,1,3,1,1,2,2,4,4,2,2,2,2,4,4,2,4,2,3,2,4,1,3,3,3,4,4,3,3
7,2,4,4,4,1,1,1,1,2,4,2,4,1,3,1,3,2,4,3,4,2,4,1,3,3,3,2,2,2,2,4,4,4,4,2,2,4,4,1,3,1,1,2,2,2,4,2,2,2,2,4,4,2,4,2,3,2,4,3,3,3,3,4,4,3,3
7,2,4,4,4,1,1,1,1,2,4,2,4,1,3,1,3,2,4,3,4,2,4,1,3,3,3,2,2,2,2,4,4,4,4,2,2,4,4,1,3,1,1,2,2,2,4,2,2,2,2,4,4,2,4,2,3,2,4,3,3,3,3,4,4,3,3
7,2,4,4,4,1,1,1,1,4,4,2,2,1,1,1,1,2,2,4,4,2,4,1,1,3,3,2,2,2,2,4,4,4,4,2,2,4,4,1,1,1,1,1,2,4,4,2,2,2,2,1,4,4,4,2,2,2,4,3,3,3,3,4,4,3,3
7,2,2,4,4,1,1,1,1,2,4,4,4,3,3,3,3,4,4,3,3,2,4,1,3,4,4,2,2,2,2,4,4,4,4,2,2,4,4,1,1,1,1,2,2,4,4,2,2,2,2,4,4,2,2,3,3,2,4,3,3,3,3,4,4,3,3
7,2,2,2,4,1,1,1,1,4,4,2,2,3,3,1,3,2,4,3,4,2,2,1,1,3,4,2,2,2,2,4,4,4,4,2,2,4,4,1,3,1,1,2,2,2,2,2,2,2,2,4,4,2,4,2,3,2,2,3,3,3,3,1,4,1,1
7,2,2,4,4,1,1,1,1,2,4,4,4,3,3,3,3,4,4,3,3,2,4,1,3,3,3,2,2,2,2,4,4,4,4,2,2,4,4,1,1,1,1,2,2,2,4,2,2,2,2,4,4,2,2,3,3,2,4,3,3,3,3,4,4,3,3
7,2,4,4,4,1,1,1,1,4,4,2,2,3,3,1,3,2,4,3,4,4,4,1,3,3,3,2,2,2,2,4,4,4,4,2,2,4,4,1,1,1,1,2,2,2,4,2,2,2,2,4,4,2,4,2,3,2,2,3,3,3,3,4,4,3,3
7,2,4,4,4,1,1,1,1,2,4,2,4,1,3,1,3,2,4,3,4,4,4,1,3,3,3,2,2,2,2,4,4,4,4,2,2,4,4,1,3,1,1,2,2,4,4,2,2,2,2,4,4,2,4,2,3,2,4,1,3,3,3,4,4,3,3
7,2,2,2,2,1,1,1,1,2,4,2,4,1,3,1,3,2,4,3,4,4,4,1,1,3,3,2,2,2,2,4,4,4,4,2,2,4,4,1,1,1,1,1,2,4,4,2,2,2,2,1,4,2,4,-9,-9,2,4,3,3,3,3,1,1,3,3
8,2,2,4,4,1,1,1,1,2,4,2,4,1,3,1,3,2,4,3,4,4,4,3,3,3,3,2,2,2,2,4,4,4,4,2,2,4,4,1,1,1,1,1,2,4,4,2,2,2,2,1,4,2,4,2,3,2,2,1,3,3,3,4,4,3,3
8,2,2,4,4,1,1,1,1,4,4,2,4,1,3,1,3,2,4,3,4,4,4,1,1,3,3,2,2,2,2,4,4,4,4,2,2,4,4,1,1,1,1,2,2,4,4,2,2,2,2,4,4,2,4,2,3,2,4,3,3,3,3,4,4,3,3
8,2,2,4,4,1,1,1,1,2,4,4,4,3,3,3,3,4,4,3,3,2,4,1,3,4,4,2,2,2,2,4,4,4,4,2,2,4,4,1,3,1,1,1,2,4,4,2,2,2,2,1,4,2,2,3,3,2,4,3,3,3,3,4,4,1,3
8,4,4,4,4,1,1,1,1,2,4,-9,-9,3,3,1,3,2,4,3,4,2,2,1,1,4,4,2,2,2,2,4,4,4,4,2,2,4,4,1,1,1,1,2,2,2,4,2,2,2,2,4,4,2,4,2,3,2,4,3,3,3,3,4,4,1,3
8,4,4,4,4,1,1,1,1,4,4,2,4,1,3,1,3,2,4,3,4,2,2,1,1,3,3,2,2,2,2,4,4,4,4,2,4,2,4,1,1,1,1,2,2,2,4,2,2,2,2,4,4,2,4,2,3,2,4,3,3,3,3,4,4,3,3
8,2,4,4,4,1,1,1,1,2,4,4,4,3,3,3,3,4,4,3,3,2,2,1,1,3,3,2,2,2,2,4,4,4,4,2,2,4,4,1,1,1,1,1,2,2,4,2,2,2,2,1,4,2,2,3,3,4,4,3,3,3,3,4,4,1,3
8,2,4,4,4,1,1,1,1,2,4,2,2,1,1,1,1,2,2,4,4,2,4,1,3,3,3,2,2,2,2,4,4,4,4,2,2,4,4,1,1,1,1,2,2,4,4,2,2,2,2,4,4,4,4,2,2,2,4,1,3,3,3,4,4,3,3
8,2,2,4,4,1,1,1,1,4,4,4,4,3,3,3,3,4,4,3,3,4,4,1,1,3,3,2,4,2,2,4,4,4,4,2,2,4,4,1,3,1,1,2,2,4,4,2,2,2,2,4,4,2,2,3,3,2,2,3,3,3,3,4,4,3,3
8,2,4,4,4,1,1,1,1,2,4,2,4,1,3,1,3,2,4,3,4,4,4,1,1,3,3,2,2,2,2,4,4,4,4,2,2,4,4,1,1,1,1,2,2,4,4,2,2,2,2,4,4,2,4,2,3,2,2,3,3,3,3,4,4,3,3
8,2,2,4,4,1,1,1,1,2,2,2,2,1,1,3,3,4,4,3,3,4,4,3,3,3,4,2,2,2,2,4,4,4,4,2,2,2,2,1,1,1,1,1,2,2,4,2,2,2,2,1,4,2,2,3,3,2,4,1,3,3,3,4,4,3,3
8,2,2,4,4,1,1,1,1,4,4,-9,-9,-9,-9,1,1,2,2,4,4,2,2,1,1,3,3,2,2,2,2,4,4,4,4,2,2,-9,-9,-9,-9,1,1,2,2,4,4,2,2,2,2,4,4,4,4,2,2,2,4,3,3,3,3,4,4,1,3
8,2,4,2,4,1,1,1,1,4,4,2,4,-9,-9,1,3,2,4,3,4,2,4,3,3,4,4,2,2,2,2,4,4,4,4,2,2,4,4,-9,-9,1,1,2,2,4,4,2,2,2,2,4,4,2,4,2,3,2,4,3,3,3,3,4,4,1,1
8,2,2,4,4,1,1,1,1,4,4,4,4,3,3,3,3,4,4,3,3,2,4,1,1,3,4,4,4,2,2,4,4,4,4,2,2,4,4,1,1,1,1,1,2,4,4,2,2,2,2,1,4,2,2,3,3,2,2,3,3,3,3,4,4,1,3
8,2,2,4,4,1,1,1,1,4,4,2,4,3,3,1,3,2,4,3,4,4,4,1,3,3,3,2,2,2,2,4,4,4,4,2,4,2,4,1,1,1,1,1,2,4,4,2,2,2,2,1,4,2,4,2,3,2,2,3,3,3,3,4,4,3,3
8,2,4,4,4,1,1,1,1,2,4,4,4,3,3,3,3,4,4,3,3,2,2,1,3,3,3,2,2,2,2,4,4,4,4,2,2,4,4,1,3,1,1,2,2,2,4,2,2,2,2,4,4,2,2,3,3,2,4,3,3,3,3,4,4,1,1
9,2,2,4,4,1,1,1,1,4,4,2,4,3,3,1,3,2,4,3,4,2,4,-9,-9,-9,-9,2,2,2,2,4,4,4,4,2,2,4,4,-9,-9,1,1,1,2,-9,-9,2,2,2,2,1,4,2,4,2,3,-9,-9,3,3,3,3,4,4,1,3
9,2,2,4,4,1,1,1,1,4,4,4,4,3,3,3,3,4,4,3,3,2,4,1,3,3,4,4,4,2,2,4,4,4,4,2,2,4,4,1,1,1,1,1,2,4,4,2,2,2,2,1,4,2,2,3,3,2,2,3,3,3,3,4,4,1,3
9,2,4,4,4,1,1,1,1,4,4,4,4,3,3,3,3,2,4,3,3,2,4,1,1,3,3,2,2,2,2,4,4,4,4,2,2,4,4,1,3,1,1,2,2,4,4,2,2,2,2,4,4,2,2,2,3,2,2,3,3,3,3,4,4,1,3
9,2,2,2,4,1,1,1,1,2,4,4,4,3,3,3,3,4,4,3,3,4,4,1,3,3,3,2,2,2,2,4,4,4,4,2,2,4,4,3,3,1,1,2,2,2,4,2,2,2,2,4,4,2,2,3,3,2,2,3,3,3,3,4,4,3,3
9,2,2,2,4,1,1,1,1,4,4,4,4,1,3,1,3,2,4,3,4,2,4,1,3,3,3,2,2,2,2,4,4,4,4,2,4,2,4,1,1,1,1,2,2,4,4,2,2,2,2,4,4,2,4,2,3,2,2,3,3,1,3,4,4,3,3
9,2,2,2,4,1,1,1,1,2,4,4,4,3,3,3,3,4,4,3,3,2,4,1,1,3,4,2,2,2,2,4,4,4,4,2,4,2,4,1,1,1,1,2,2,4,4,2,2,2,2,4,4,2,2,3,3,2,4,3,3,3,3,4,4,3,3
9,2,2,4,4,1,1,1,1,2,4,2,2,1,3,1,3,2,4,3,4,2,2,1,3,4,4,2,4,2,2,4,4,4,4,2,2,4,4,1,1,1,1,1,2,2,4,2,2,2,2,1,4,2,4,2,3,2,4,3,3,3,3,4,4,3,3
9,2,2,2,4,1,1,1,1,4,4,2,2,1,1,1,1,2,2,4,4,2,2,1,3,3,3,2,2,2,2,4,4,4,4,2,2,4,4,1,1,1,1,2,2,4,4,2,2,2,2,4,4,4,4,2,2,2,4,3,3,3,3,4,4,1,3
9,2,4,4,4,1,1,1,1,4,4,2,4,1,3,1,3,2,4,3,4,2,4,1,1,3,4,2,2,2,2,4,4,4,4,2,4,2,4,1,1,1,1,2,2,2,4,2,2,2,2,4,4,2,4,2,3,2,4,3,3,3,3,4,4,3,3
9,4,4,4,4,1,1,1,1,2,4,2,4,1,3,1,3,2,4,3,4,2,4,1,3,3,3,2,2,2,2,4,4,4,4,2,2,4,4,1,3,1,1,1,2,4,4,2,2,2,2,1,4,2,4,2,3,2,2,3,3,3,3,4,4,-9,-9
9,2,2,4,4,1,1,1,1,4,4,2,2,1,1,1,3,2,4,3,4,2,2,1,3,-9,-9,2,2,2,2,4,4,4,4,2,2,4,4,1,1,1,1,2,2,2,2,2,2,2,2,4,4,2,4,2,3,2,2,3,3,3,3,4,4,1,3
9,2,2,4,4,1,1,1,1,2,4,4,4,-9,-9,3,3,4,4,3,3,2,2,1,1,-9,-9,-9,-9,2,2,4,4,4,4,2,4,2,4,1,1,1,1,1,2,4,4,2,2,2,2,1,4,2,2,3,3,2,2,3,3,3,3,4,4,1,3
9,4,4,4,4,1,1,1,1,2,4,2,4,1,1,1,1,2,2,4,4,2,4,1,3,3,3,2,2,2,2,4,4,4,4,2,2,4,4,1,3,1,1,2,2,2,4,2,2,2,2,4,4,2,4,2,2,2,4,3,3,3,3,4,4,3,3
9,2,4,4,4,1,1,1,1,2,4,4,4,3,3,3,3,4,4,3,3,4,4,1,1,4,4,2,2,2,2,4,4,4,4,2,2,4,4,1,1,1,1,1,2,4,4,2,2,2,2,1,4,2,2,3,3,2,2,3,3,3,3,4,4,3,3
9,2,2,4,4,1,1,1,1,2,4,4,4,-9,-9,3,3,4,4,3,3,4,4,1,1,4,4,2,2,2,2,4,4,4,4,2,2,4,4,1,1,1,1,2,2,4,4,-9,-9,2,2,4,4,2,2,3,3,2,2,3,3,3,3,4,4,3,3
10,2,4,4,4,1,1,1,1,4,4,2,4,1,3,1,3,2,4,3,4,2,2,1,1,3,3,2,2,2,2,4,4,4,4,2,2,4,4,1,1,1,1,2,2,4,4,2,2,2,2,4,4,2,4,2,3,2,2,1,3,3,3,4,4,1,3
10,2,4,4,4,1,1,1,1,4,4,4,4,3,3,3,3,4,4,3,3,2,2,1,1,3,3,2,2,2,2,4,4,4,4,2,2,4,4,1,3,1,1,2,2,2,4,2,2,2,2,4,4,2,2,3,3,2,4,3,3,3,3,4,4,1,3
10,4,4,4,4,1,1,1,1,2,2,2,4,1,3,1,3,2,4,3,4,2,4,1,1,3,4,2,2,2,2,4,4,4,4,2,2,4,4,1,3,1,1,2,2,4,4,2,2,2,2,4,4,2,4,2,3,2,4,1,3,3,3,4,4,1,3
10,2,4,4,4,1,1,1,1,4,4,4,4,3,3,3,3,4,4,3,3,2,4,1,3,3,3,2,2,2,2,4,4,4,4,2,2,4,4,1,1,1,1,1,2,4,4,2,2,2,2,1,4,2,2,3,3,2,4,3,3,3,3,4,4,3,3
10,2,4,4,4,1,1,1,1,2,4,4,4,3,3,3,3,2,4,3,3,2,4,1,1,3,3,2,2,2,2,4,4,4,4,2,4,2,4,1,1,1,1,2,2,4,4,2,2,2,2,4,4,2,2,2,3,2,4,1,3,3,3,4,4,3,3
10,2,4,4,4,1,1,1,1,2,4,4,4,3,3,3,3,4,4,3,3,2,2,1,3,3,3,2,2,2,2,4,4,4,4,2,4,2,4,1,1,1,1,1,1,4,4,2,4,2,4,1,1,2,2,2,3,2,2,3,3,3,3,1,4,1,1
10,2,4,4,4,1,1,1,1,4,4,4,4,3,3,3,3,4,4,3,3,2,4,1,3,3,3,2,2,2,2,4,4,4,4,2,4,2,4,1,1,1,1,1,2,4,4,2,2,2,2,1,4,2,2,3,3,2,4,3,3,3,3,4,4,1,3
10,2,4,4,4,1,1,1,1,2,4,2,4,1,3,1,3,2,4,3,4,4,4,1,3,3,4,2,2,2,2,4,4,4,4,4,4,2,2,1,1,1,1,1,2,4,4,2,4,2,4,4,4,2,4,2,2,2,2,3,3,1,3,1,4,1,3
10,2,2,2,4,-9,-9,1,1,4,4,2,4,1,3,1,3,2,4,3,4,2,4,1,1,4,4,2,4,-9,-9,4,4,4,4,2,2,4,4,3,3,1,1,1,2,4,4,2,2,2,2,1,4,2,4,2,3,2,4,-9,-9,-9,-9,4,4,3,3
10,2,4,4,4,1,1,1,1,4,4,2,4,1,3,1,3,2,4,3,4,2,4,1,3,3,3,2,2,2,2,4,4,4,4,2,4,2,4,1,1,1,1,1,2,4,4,2,2,2,2,1,4,2,4,2,3,2,4,3,3,3,3,4,4,1,3
10,2,4,4,4,1,1,1,1,4,4,2,4,1,3,1,3,2,4,3,4,2,4,1,1,3,3,2,2,2,2,4,4,4,4,2,4,2,4,1,1,1,1,2,2,2,4,2,2,2,2,4,4,2,4,2,3,2,2,3,3,3,3,4,4,1,3
10,2,4,4,4,1,1,1,1,2,4,2,4,1,3,1,3,2,4,3,4,2,4,1,1,3,4,2,2,2,2,4,4,4,4,2,2,4,4,1,3,1,1,1,2,4,4,2,2,2,2,1,4,2,4,2,3,2,4,3,3,3,3,4,4,3,3
10,2,2,2,4,1,1,1,1,4,4,2,4,1,1,1,1,2,2,4,4,4,4,1,3,3,3,2,2,2,2,4,4,4,4,2,4,2,4,1,1,1,1,2,2,4,4,2,2,2,2,4,4,2,4,2,2,2,4,3,3,3,3,4,4,3,3
10,2,2,4,4,1,1,1,1,4,4,4,4,3,3,1,3,2,4,3,4,2,2,1,1,3,3,2,2,2,2,4,4,4,4,2,2,4,4,1,3,1,1,1,2,4,4,2,2,2,2,1,4,2,4,2,3,2,2,3,3,3,3,4,4,3,3
11,-9,-9,4,4,1,1,-9,-9,4,4,2,2,1,1,1,1,2,2,4,4,2,4,1,3,3,3,2,2,2,2,4,4,4,4,2,4,2,4,1,1,1,1,2,2,2,4,2,2,-9,-9,4,4,4,4,-9,-9,-9,-9,1,3,3,3,1,1,-9,-9
11,2,2,4,4,1,1,-9,-9,-9,-9,2,2,1,1,3,3,2,2,-9,-9,2,4,-9,-9,4,4,2,2,-9,-9,-9,-9,-9,-9,-9,-9,4,4,-9,-9,-9,-9,1,2,-9,-9,2,2,4,4,-9,-9,-9,-9,-9,-9,-9,-9,-9,-9,3,3,1,1,1,1
11,2,2,4,4,1,1,1,1,4,4,-9,-9,3,3,3,3,4,4,3,3,4,4,1,3,3,3,2,2,2,2,4,4,4,4,2,4,2,4,1,1,1,1,1,2,4,4,2,2,2,2,1,4,2,2,3,3,2,4,1,3,3,3,4,4,3,3
11,2,2,4,4,1,1,1,1,2,4,-9,-9,-9,-9,1,1,2,2,4,4,2,2,1,1,4,4,2,2,2,2,4,4,4,4,4,4,-9,-9,-9,-9,1,1,2,2,2,4,2,2,2,2,4,4,4,4,2,2,2,4,3,3,3,3,4,4,1,3
11,2,2,4,4,1,1,1,1,2,4,-9,-9,-9,-9,1,1,2,2,4,4,2,4,1,3,-9,-9,2,2,2,2,4,4,4,4,2,2,-9,-9,-9,-9,1,1,1,2,2,4,2,2,2,2,1,4,4,4,2,2,2,2,3,3,3,3,4,4,3,3
11,2,4,2,4,-9,-9,1,1,4,4,-9,-9,-9,-9,1,3,2,4,3,4,2,2,1,1,3,3,2,2,-9,-9,4,4,4,4,2,2,-9,-9,-9,-9,1,1,2,2,4,4,2,2,2,2,4,4,2,4,2,3,2,4,-9,-9,-9,-9,4,4,1,3
11,2,2,4,4,1,1,1,1,2,4,-9,-9,-9,-9,1,1,2,2,4,4,2,4,1,3,3,3,2,2,2,2,4,4,4,4,2,4,-9,-9,-9,-9,1,1,2,2,2,4,2,2,2,2,4,4,4,4,2,2,2,2,3,3,3,3,4,4,3,3
11,2,4,4,4,1,1,1,1,2,4,2,2,1,3,1,1,2,2,4,4,2,4,3,3,3,4,2,2,2,2,4,4,4,4,2,2,4,4,1,3,-9,-9,1,2,4,4,2,2,2,2,1,4,4,4,2,2,2,4,3,3,3,3,4,4,3,3
11,2,4,2,4,1,1,1,1,2,4,4,4,1,3,1,3,2,4,3,4,2,2,1,1,3,3,2,2,2,2,4,4,4,4,2,2,4,4,1,1,1,1,2,2,2,2,2,2,2,2,4,4,2,4,2,3,2,4,3,3,3,3,4,4,3,3
11,2,2,4,4,1,1,1,1,4,4,4,4,3,3,3,3,4,4,3,3,2,4,1,3,-9,-9,2,2,2,2,4,4,4,4,2,2,4,4,-9,-9,1,1,1,2,4,4,2,2,2,2,1,4,2,2,3,3,2,2,1,3,3,3,4,4,1,3
11,2,4,4,4,1,1,1,1,2,4,2,4,1,3,1,3,2,4,3,4,4,4,3,3,3,4,4,4,2,2,4,4,4,4,2,2,4,4,1,1,1,1,1,2,4,4,2,2,2,2,1,4,2,4,2,3,2,4,3,3,3,3,4,4,3,3
11,2,2,2,4,1,1,1,1,2,4,4,4,3,3,3,3,4,4,3,3,2,4,1,3,3,3,2,2,2,2,4,4,4,4,2,2,4,4,1,1,1,1,2,2,2,4,2,2,2,2,4,4,2,2,3,3,2,4,3,3,3,3,4,4,3,3
11,2,2,4,4,1,1,1,1,4,4,2,4,3,3,1,3,2,4,3,4,2,4,1,3,3,4,4,4,2,2,4,4,4,4,2,2,4,4,1,1,1,1,1,2,4,4,2,2,2,2,1,4,2,4,2,3,2,4,1,3,1,3,4,4,3,3
12,2,2,4,4,1,1,1,1,2,4,2,2,1,3,1,3,2,4,3,4,2,2,1,3,3,3,2,2,2,2,4,4,4,4,2,2,4,4,1,3,1,1,2,2,2,4,2,2,2,2,4,4,2,4,2,3,2,4,3,3,3,3,4,4,1,3
12,2,2,4,4,1,1,1,1,4,4,2,4,1,3,1,3,2,4,3,4,2,4,1,3,3,3,2,2,2,2,4,4,4,4,2,4,2,4,1,3,1,1,2,2,2,4,2,2,2,2,4,4,2,4,2,3,2,2,3,3,3,3,4,4,3,3
12,2,2,4,4,1,1,1,1,4,4,2,4,1,3,1,3,2,4,3,4,2,4,1,3,4,4,2,2,2,2,4,4,4,4,2,4,2,4,1,3,1,1,2,2,2,4,2,2,2,2,4,4,2,4,2,3,2,2,3,3,3,3,4,4,3,3
12,2,2,4,4,1,1,1,1,4,4,2,2,1,1,1,1,2,2,4,4,4,4,3,3,3,4,2,2,2,2,4,4,4,4,2,2,4,4,1,3,1,1,2,2,4,4,-9,-9,2,2,4,4,4,4,2,2,2,2,3,3,3,3,4,4,3,3
12,2,2,4,4,1,1,1,1,4,4,2,2,1,1,1,1,2,2,4,4,4,4,3,3,4,4,2,2,2,2,4,4,4,4,2,2,4,4,1,3,1,1,2,2,4,4,2,2,2,2,4,4,4,4,2,2,2,2,3,3,3,3,4,4,3,3
12,2,2,4,4,1,1,1,1,4,4,2,4,1,3,1,3,2,4,3,4,2,4,1,1,3,3,2,2,2,2,4,4,4,4,2,2,4,4,1,1,1,1,1,2,4,4,2,2,2,2,1,4,2,4,2,3,2,2,3,3,3,3,4,4,3,3
12,2,2,4,4,1,1,1,1,2,4,4,4,3,3,3,3,4,4,3,3,2,2,1,3,3,3,2,2,2,2,4,4,4,4,2,2,4,4,1,3,1,1,2,2,4,4,2,2,2,2,4,4,2,2,3,3,2,2,1,3,3,3,4,4,3,3
12,2,2,4,4,1,1,1,1,2,4,2,4,1,3,1,3,2,4,3,4,2,4,1,1,4,4,2,2,2,2,4,4,4,4,2,2,4,4,1,1,1,1,2,2,2,4,2,2,2,2,4,4,2,4,2,3,2,4,3,3,3,3,4,4,3,3
12,2,2,2,4,1,1,1,1,4,4,2,4,1,3,1,3,2,4,3,4,4,4,1,3,3,4,2,4,2,2,4,4,4,4,2,2,4,4,1,3,1,1,1,2,4,4,2,2,2,2,1,4,2,4,2,3,2,4,3,3,3,3,4,4,3,3
12,2,2,4,4,1,1,1,1,4,4,2,4,1,3,1,3,2,4,3,4,2,4,1,1,3,3,2,2,2,2,4,4,4,4,2,2,4,4,1,1,1,1,1,2,4,4,2,2,2,2,1,4,2,4,2,3,2,2,3,3,3,3,4,4,3,3
12,2,2,2,4,1,1,1,1,4,4,2,4,1,3,1,3,2,4,3,4,4,4,1,3,4,4,2,4,2,2,4,4,4,4,2,2,4,4,1,3,1,1,1,2,4,4,2,2,2,2,1,4,2,4,2,3,2,4,3,3,3,3,4,4,3,3
12,2,2,4,4,1,1,1,1,2,4,4,4,3,3,3,3,4,4,3,3,2,2,1,3,-9,-9,2,2,2,2,4,4,4,4,2,2,4,4,1,1,1,1,2,2,4,4,2,2,2,2,4,4,2,2,3,3,2,2,1,3,3,3,4,4,3,3
12,2,2,4,4,1,1,1,1,4,4,2,4,1,3,1,3,2,4,3,4,4,4,3,3,3,3,2,2,2,2,4,4,4,4,2,2,4,4,1,1,1,1,2,2,4,4,2,2,2,2,4,4,2,4,2,3,2,4,3,3,3,3,4,4,3,3
12,2,2,4,4,1,1,1,1,4,4,2,4,3,3,1,1,-9,-9,4,4,4,4,3,3,4,4,2,2,2,2,4,4,4,4,2,2,4,4,-9,-9,1,1,2,2,4,4,-9,-9,2,2,4,4,2,4,2,3,2,4,3,3,3,3,4,4,1,1
13,2,4,4,4,1,1,1,1,4,4,2,4,3,3,1,3,2,4,3,4,2,2,1,1,3,3,2,2,2,2,4,4,4,4,2,2,4,4,1,1,1,1,1,2,2,4,2,2,2,2,1,4,2,4,2,3,2,4,3,3,3,3,4,4,1,3
13,2,4,4,4,1,1,1,1,2,4,2,4,1,3,1,3,2,4,3,4,2,4,1,1,3,3,2,2,2,4,2,4,2,4,2,2,4,4,1,1,1,1,2,2,2,4,2,2,2,2,4,4,2,4,2,3,2,4,1,3,3,3,4,4,3,3
13,2,2,4,4,1,1,1,1,2,4,2,2,1,1,1,1,2,2,4,4,2,4,1,1,3,3,2,2,2,2,4,4,4,4,2,4,2,4,1,3,1,1,2,2,2,4,2,2,-9,-9,4,4,4,4,-9,-9,2,4,3,3,3,3,-9,-9,3,3
13,4,4,4,4,1,1,1,1,4,4,2,4,1,3,1,3,2,4,3,4,2,4,1,3,3,3,2,2,2,2,4,4,4,4,2,2,4,4,1,1,1,1,2,2,2,4,2,2,2,2,4,4,2,4,2,3,2,4,3,3,1,3,4,4,1,3
13,2,2,4,4,1,1,1,1,2,4,4,4,1,3,1,3,2,4,3,4,2,2,1,1,3,3,2,2,2,2,4,4,4,4,2,2,4,4,1,1,1,1,1,1,4,4,2,2,2,2,1,1,2,4,2,3,2,4,3,3,3,3,4,4,1,1
13,2,2,2,4,1,1,1,1,2,4,2,4,1,3,1,3,2,4,3,4,2,4,1,3,3,4,2,4,2,2,4,4,4,4,2,2,4,4,1,1,1,1,2,2,4,4,2,2,2,2,4,4,2,4,2,3,2,4,1,3,3,3,4,4,3,3
13,2,4,4,4,1,1,1,1,4,4,2,4,1,3,1,3,2,4,3,4,2,4,1,1,3,4,2,4,2,2,4,4,4,4,2,2,4,4,1,1,1,1,2,2,2,4,2,2,2,2,4,4,2,4,2,3,2,4,3,3,3,3,4,4,1,3
13,2,2,4,4,1,1,1,1,2,4,2,2,1,1,1,1,2,2,4,4,2,4,3,3,-9,-9,2,2,2,2,4,4,4,4,2,2,4,4,1,3,1,1,2,2,2,4,2,2,2,2,4,4,4,4,2,2,2,4,1,3,3,3,4,4,1,3
13,4,4,4,4,1,1,1,1,2,4,4,4,1,3,1,3,4,4,3,4,4,4,1,1,3,3,2,2,2,2,4,4,4,4,2,2,4,4,1,3,1,1,1,2,4,4,2,2,2,2,4,4,2,2,2,3,2,4,3,3,3,3,4,4,3,3
13,2,2,2,2,1,1,1,1,2,4,4,4,3,3,3,3,4,4,3,3,2,4,3,3,3,3,2,2,2,2,4,4,4,4,2,2,4,4,1,3,1,1,1,2,2,4,2,2,2,2,1,4,2,2,3,3,2,2,3,3,3,3,4,4,3,3
13,2,2,2,4,1,1,1,1,2,4,2,2,1,1,1,1,2,2,4,4,4,4,1,3,3,4,4,4,2,2,4,4,4,4,2,2,4,4,1,1,1,1,2,2,4,4,2,2,2,2,4,4,4,4,2,2,2,4,3,3,3,3,4,4,3,3
13,4,4,2,2,1,1,1,1,4,4,2,4,3,3,1,3,2,4,3,4,2,4,1,1,3,3,2,2,2,2,4,4,4,4,2,2,4,4,1,3,1,1,2,2,4,4,2,2,2,2,4,4,2,4,2,3,2,2,3,3,3,3,4,4,3,3
14,2,4,2,4,1,1,1,1,2,4,2,2,1,3,1,3,2,4,3,4,2,4,1,1,3,4,2,2,2,2,4,4,4,4,2,2,4,4,1,1,1,1,1,2,4,4,2,2,2,2,1,4,2,4,2,3,2,4,3,3,3,3,4,4,3,3
14,2,2,2,4,1,1,1,1,2,4,4,4,3,3,3,3,4,4,3,3,2,2,1,1,3,3,2,2,2,2,4,4,4,4,2,4,2,4,1,1,1,1,1,2,4,4,2,2,2,2,1,4,2,2,3,3,2,4,3,3,3,3,4,4,1,1
14,2,4,2,4,1,1,1,1,4,4,2,4,1,3,1,3,2,4,3,4,2,2,-9,-9,3,4,4,4,2,2,4,4,4,4,2,2,4,4,1,3,1,1,2,2,-9,-9,2,2,2,2,4,4,2,4,2,3,-9,-9,3,3,3,3,4,4,3,3
14,2,2,4,4,1,1,1,1,2,4,-9,-9,3,3,3,3,2,2,3,3,4,4,1,3,4,4,2,2,2,2,4,4,-9,-9,-9,-9,4,4,1,1,3,3,-9,-9,4,4,2,2,4,4,4,4,2,2,2,3,2,2,3,3,3,3,1,1,1,1
14,2,4,4,4,1,1,1,1,2,4,4,4,-9,-9,3,3,4,4,3,3,2,2,1,1,4,4,2,2,2,2,4,4,4,4,2,2,4,4,-9,-9,1,1,1,2,2,4,2,2,2,2,1,4,2,2,3,3,-9,-9,3,3,3,3,4,4,1,3
14,2,2,4,4,1,1,1,1,4,4,4,4,3,3,3,3,4,4,3,3,2,2,1,3,3,4,2,2,2,2,4,4,4,4,2,4,2,4,1,1,1,1,2,2,2,4,2,2,2,2,4,4,2,2,3,3,2,4,3,3,3,3,4,4,3,3
14,4,4,2,4,1,1,1,1,4,4,4,4,3,3,3,3,4,4,3,3,4,4,1,3,-9,-9,2,2,2,2,4,4,4,4,2,2,4,4,1,1,1,1,1,2,4,4,2,2,2,2,1,4,2,2,3,3,2,4,3,3,3,3,4,4,3,3
14,2,4,2,4,1,1,1,1,2,4,2,4,3,3,1,3,2,4,3,4,4,4,1,3,3,3,2,2,2,2,4,4,4,4,2,4,2,4,1,1,1,1,1,2,2,4,2,2,2,2,1,4,2,4,2,3,2,4,3,3,3,3,4,4,3,3
14,2,2,4,4,1,1,1,1,2,4,2,2,1,1,1,1,2,2,4,4,2,4,1,1,3,3,2,2,2,4,2,4,2,4,2,2,4,4,1,1,1,1,2,2,4,4,2,2,2,2,4,4,4,4,2,2,2,2,3,3,1,3,4,4,3,3
14,4,4,4,4,1,1,1,1,2,2,2,2,1,1,1,1,2,2,4,4,4,4,1,1,3,3,2,2,2,2,4,4,4,4,2,2,4,4,1,1,1,1,2,2,4,4,2,2,2,2,4,4,4,4,2,2,2,4,3,3,1,3,4,4,3,3
14,2,4,4,4,1,1,1,1,4,4,2,4,1,3,1,3,2,2,3,4,2,4,1,3,3,3,2,2,2,2,4,4,4,4,2,4,2,4,1,3,1,1,2,2,4,4,2,2,2,2,4,4,2,4,2,3,2,4,3,3,3,3,4,4,3,3
14,4,4,4,4,1,1,1,1,4,4,2,4,1,3,1,3,2,4,3,4,2,4,1,1,3,3,2,2,2,2,4,4,4,4,4,4,2,2,1,3,1,1,2,2,4,4,2,2,2,2,4,4,2,4,2,3,2,4,3,3,3,3,4,4,3,3
14,2,4,4,4,1,1,1,1,4,4,2,4,1,3,1,3,2,4,3,4,2,4,1,3,3,3,2,2,2,2,4,4,4,4,2,2,4,4,1,3,1,1,2,2,4,4,2,2,2,2,4,4,2,4,2,3,2,4,1,3,3,3,4,4,3,3
14,2,4,4,4,1,1,1,1,2,4,2,4,1,3,1,3,2,4,3,4,2,4,1,1,3,4,2,2,2,2,4,4,4,4,2,2,4,4,1,1,1,1,1,2,4,4,2,2,2,2,1,4,2,4,2,3,2,4,1,3,3,3,4,4,1,1
14,2,2,4,4,1,1,1,1,4,4,2,2,1,1,1,1,2,2,4,4,2,4,1,3,3,4,2,2,2,2,4,4,4,4,2,2,4,4,1,3,1,1,1,2,4,4,2,2,2,2,1,4,4,4,2,2,2,4,3,3,3,3,4,4,3,3
15,2,2,4,4,1,1,1,1,2,4,2,4,1,1,3,3,4,4,3,3,2,4,1,3,4,4,2,2,2,2,4,4,4,4,2,4,2,2,-9,-9,1,1,2,2,4,4,2,2,2,2,4,4,2,2,3,3,2,4,3,3,3,3,4,4,1,3
15,2,2,4,4,1,1,1,1,2,4,2,4,1,3,1,3,2,4,3,4,2,2,1,1,4,4,2,4,2,4,2,4,2,4,2,4,2,4,1,1,1,3,1,2,4,4,2,4,2,4,1,4,2,4,2,3,2,4,1,3,1,3,4,4,1,3
15,2,4,4,4,1,1,1,1,2,4,2,4,1,3,1,3,2,4,3,4,4,4,3,3,4,4,2,2,2,2,4,4,4,4,2,4,2,4,1,1,1,1,2,2,4,4,2,2,2,2,4,4,2,4,2,3,2,4,3,3,3,3,4,4,3,3
15,2,2,4,4,1,1,1,1,4,4,2,2,1,3,1,3,2,4,3,4,2,4,1,3,3,3,2,2,2,2,4,4,4,4,2,2,4,4,1,1,1,1,1,2,4,4,2,2,2,2,1,4,2,4,2,3,2,4,3,3,3,3,4,4,3,3
15,2,4,4,4,1,1,1,1,4,4,2,2,1,3,1,3,2,4,3,4,2,4,1,3,4,4,2,2,2,2,4,4,4,4,2,4,2,4,3,3,1,1,2,2,2,4,2,2,2,2,4,4,2,4,2,3,2,4,1,3,1,3,4,4,3,3
15,2,2,4,4,1,1,1,1,4,4,2,2,3,3,1,3,2,2,3,4,2,4,1,1,3,4,2,2,2,2,4,4,4,4,2,2,4,4,1,3,1,1,2,2,4,4,2,2,2,2,4,4,2,2,2,2,2,4,3,3,3,3,4,4,3,3
15,2,4,4,4,1,1,1,1,4,4,2,4,-9,-9,3,3,-9,-9,3,4,2,4,-9,-9,4,4,-9,-9,2,2,4,4,4,4,2,2,4,4,1,1,1,1,2,2,-9,-9,-9,-9,2,2,4,4,2,4,2,3,-9,-9,1,3,3,3,4,4,-9,-9
15,2,2,4,4,1,1,1,1,-9,-9,4,4,3,3,-9,-9,2,4,-9,-9,2,4,1,3,-9,-9,-9,-9,2,2,4,4,4,4,2,4,2,4,1,1,-9,-9,1,2,4,4,2,4,2,4,4,4,2,4,2,2,2,4,1,3,1,3,1,4,1,3
15,2,2,4,4,1,1,1,1,2,4,2,2,-9,-9,1,1,2,2,4,4,2,2,1,1,-9,-9,2,2,2,2,4,4,-9,-9,2,2,4,4,-9,-9,1,1,1,2,4,4,2,2,2,2,1,4,4,4,2,2,2,2,3,3,3,3,4,4,1,3
15,2,4,4,4,1,1,1,1,4,4,2,4,3,3,1,3,2,4,3,4,2,4,1,3,4,4,2,2,2,2,4,4,4,4,2,4,2,4,1,1,1,1,2,2,4,4,2,2,2,2,4,4,2,4,2,3,2,4,3,3,3,3,4,4,3,3
15,2,2,4,4,1,1,1,1,2,4,2,2,1,1,1,1,2,2,4,4,2,4,1,1,3,4,2,2,2,2,4,4,4,4,2,4,2,4,1,1,1,1,2,2,4,4,2,2,2,2,4,4,4,4,2,2,2,2,3,3,3,3,1,4,3,3
15,4,4,4,4,1,1,1,1,4,4,2,2,1,1,1,1,2,2,4,4,2,4,3,3,3,3,2,2,2,2,4,4,4,4,2,2,4,4,3,3,1,1,1,1,4,4,2,2,2,2,1,1,4,4,2,2,2,4,3,3,1,1,4,4,1,3
15,-9,-9,4,4,1,1,-9,-9,2,4,-9,-9,3,3,3,3,2,2,-9,-9,4,4,1,3,4,4,2,2,2,2,-9,-9,4,4,2,4,4,4,1,1,-9,-9,-9,-9,-9,-9,-9,-9,-9,-9,4,4,2,2,-9,-9,-9,-9,3,3,3,3,-9,-9,-9,-9
16,4,4,4,4,1,1,1,1,4,4,2,4,1,3,1,3,2,4,3,4,2,2,1,1,3,3,2,2,2,2,4,4,4,4,2,2,4,4,1,1,1,1,-9,-9,4,4,2,2,2,2,1,4,2,4,2,3,2,2,1,3,3,3,4,4,1,3
16,2,4,4,4,1,1,1,1,2,4,4,4,3,3,3,3,4,4,3,3,2,2,1,3,3,3,2,2,2,2,4,4,4,4,2,2,4,4,1,1,1,1,2,2,2,4,2,2,2,2,4,4,2,2,3,3,2,4,3,3,3,3,4,4,1,1
16,4,4,2,4,1,1,1,1,2,2,2,4,1,3,1,3,2,4,3,4,2,4,1,3,3,3,2,2,2,2,4,4,4,4,2,2,4,4,1,3,1,1,2,2,4,4,2,2,2,2,4,4,2,4,2,3,2,2,3,3,3,3,4,4,3,3
16,2,2,4,4,1,1,1,1,2,4,2,4,1,3,1,3,2,4,3,4,4,4,1,1,3,3,2,2,2,2,4,4,4,4,2,2,4,4,1,1,1,1,2,2,2,4,2,2,2,2,4,4,2,4,2,3,2,4,1,3,3,3,4,4,3,3
16,2,2,4,4,1,1,1,1,4,4,-9,-9,3,3,3,3,-9,-9,3,3,4,4,3,3,-9,-9,2,2,2,2,4,4,4,4,2,2,2,4,1,1,1,1,1,2,2,4,-9,-9,2,2,1,4,2,2,3,3,2,2,3,3,3,3,4,4,1,3
16,2,4,4,4,1,1,1,1,4,4,2,2,1,3,1,3,2,4,3,4,2,4,1,1,3,3,2,2,2,2,4,4,-9,-9,2,2,4,4,-9,-9,1,1,1,1,4,4,2,2,2,2,1,1,2,4,2,3,2,4,1,3,3,3,4,4,1,3
16,2,4,4,4,1,1,1,1,-9,-9,4,4,3,3,-9,-9,-9,-9,-9,-9,2,4,-9,-9,-9,-9,-9,-9,2,2,4,4,4,4,-9,-9,4,4,1,1,-9,-9,2,2,-9,-9,2,2,2,2,4,4,-9,-9,3,3,-9,-9,3,3,3,3,4,4,1,3
16,2,4,4,4,1,1,1,1,4,4,4,4,3,3,3,3,2,4,3,3,2,2,1,1,3,3,2,2,2,2,4,4,4,4,2,2,4,4,1,1,-9,-9,2,2,4,4,2,2,2,2,4,4,2,2,3,3,-9,-9,3,3,3,3,4,4,1,1
16,2,4,4,4,1,1,1,1,2,2,2,4,1,3,1,3,2,4,3,4,2,4,1,1,3,3,2,2,2,2,4,4,4,4,2,2,4,4,1,1,1,1,2,2,4,4,2,2,2,2,4,4,2,4,2,3,2,2,3,3,3,3,4,4,3,3
16,2,2,2,4,1,1,1,1,-9,-9,2,2,1,1,-9,-9,2,2,-9,-9,2,2,-9,-9,-9,-9,-9,-9,2,2,4,4,4,4,2,2,4,4,1,3,-9,-9,2,2,-9,-9,2,2,2,2,4,4,4,4,2,2,-9,-9,3,3,3,3,4,4,3,3
16,2,2,4,4,1,1,1,1,2,4,4,4,3,3,3,3,4,4,3,3,4,4,3,3,3,3,2,2,2,2,4,4,4,4,2,2,4,4,1,1,1,1,2,2,2,4,2,2,2,2,4,4,2,2,3,3,2,4,3,3,3,3,4,4,3,3
16,2,2,4,4,1,1,1,1,4,4,2,4,1,3,1,3,2,4,3,4,2,4,1,1,3,3,2,2,2,2,4,4,4,4,2,4,2,4,1,1,1,1,2,2,4,4,2,2,2,2,4,4,2,4,2,3,2,4,3,3,3,3,4,4,1,3
16,-9,-9,4,4,1,1,1,1,4,4,2,2,1,1,1,1,2,2,4,4,2,2,1,1,3,4,2,2,2,2,-9,-9,4,4,2,2,4,4,1,3,1,1,2,2,4,4,2,2,2,2,4,4,4,4,2,2,2,4,3,3,3,3,4,4,1,1
16,2,2,4,4,1,1,1,1,2,4,4,4,3,3,3,3,4,4,3,3,2,4,1,1,3,3,2,2,2,2,-9,-9,4,4,4,4,2,2,1,1,1,1,-9,-9,4,4,2,2,2,2,4,4,2,2,3,3,2,4,3,3,3,3,4,4,1,3
16,2,2,2,4,1,1,1,1,4,4,4,4,3,3,3,3,2,4,3,3,4,4,1,1,4,4,2,2,2,2,4,4,4,4,2,4,2,4,1,1,1,1,1,2,4,4,2,2,2,2,1,4,2,2,3,3,2,4,1,1,3,3,4,4,3,3
17,2,4,4,4,1,1,1,1,4,4,4,4,-9,-9,3,3,-9,-9,3,4,2,2,1,3,4,4,2,2,2,2,4,4,-9,-9,2,2,4,4,1,1,1,1,2,2,4,4,2,2,2,2,4,4,2,2,3,3,2,4,3,3,3,3,4,4,1,3
17,2,4,4,4,1,1,1,1,4,4,4,4,1,3,1,3,2,4,3,4,2,4,1,3,3,4,2,2,2,2,4,4,4,4,2,2,4,4,1,1,1,1,1,2,4,4,2,2,2,2,1,4,2,4,2,3,2,4,1,3,3,3,4,4,3,3
17,2,4,4,4,1,1,1,1,4,4,2,4,1,3,1,3,2,4,3,4,2,4,1,1,3,3,2,2,2,2,4,4,4,4,2,2,4,4,1,3,1,1,1,2,4,4,2,2,2,2,1,4,2,4,2,3,2,4,1,3,3,3,4,4,3,3
17,2,2,2,4,1,1,1,1,4,4,4,4,3,3,3,3,4,4,3,3,2,4,1,3,3,4,2,2,2,2,4,4,4,4,2,2,4,4,1,3,1,1,2,2,4,4,2,2,2,2,4,4,2,2,3,3,2,2,3,3,3,3,4,4,3,3
17,2,4,4,4,1,1,1,1,4,4,2,4,1,3,1,3,2,4,3,4,2,4,1,3,4,4,2,4,2,2,4,4,4,4,2,2,4,4,1,1,1,1,1,2,2,4,2,2,2,2,1,4,2,4,2,3,2,4,1,3,3,3,4,4,3,3
17,4,4,2,4,1,1,1,1,2,2,2,4,1,3,1,3,2,2,3,4,2,4,1,1,3,3,2,2,2,2,4,4,4,4,2,4,2,4,1,1,1,1,2,2,4,4,2,2,2,2,4,4,2,4,2,2,2,4,3,3,3,3,1,4,1,3
17,2,2,4,4,1,1,1,1,4,4,4,4,1,3,1,3,2,4,3,4,4,4,1,3,4,4,2,2,2,2,4,4,4,4,2,4,2,4,3,3,1,1,2,2,4,4,2,2,2,2,4,4,2,4,2,3,2,2,1,3,3,3,4,4,3,3
17,4,4,4,4,1,1,1,1,4,4,2,4,1,3,1,3,2,4,3,4,4,4,1,1,3,3,2,2,2,2,4,4,4,4,2,2,4,4,1,3,1,1,2,2,2,4,2,2,2,2,4,4,2,4,2,3,2,4,1,3,3,3,4,4,3,3
17,4,4,4,4,1,1,1,1,4,4,4,4,3,3,3,3,4,4,3,3,2,4,1,1,3,4,2,2,2,2,4,4,4,4,2,2,4,4,1,1,1,1,1,2,4,4,2,2,2,2,1,4,2,2,3,3,2,4,3,3,3,3,4,4,3,3
17,4,4,4,4,1,1,1,1,4,4,4,4,3,3,3,3,4,4,3,3,2,4,1,1,3,3,2,2,2,2,4,4,4,4,2,2,4,4,1,1,1,1,2,2,-9,-9,2,2,2,2,4,4,2,2,3,3,-9,-9,3,3,3,3,4,4,3,3
17,2,4,4,4,1,1,1,1,4,4,4,4,3,3,3,3,4,4,3,3,2,4,1,1,3,3,2,2,2,2,4,4,4,4,2,2,4,4,1,1,1,1,1,2,4,4,2,2,2,2,1,4,2,2,3,3,2,4,3,3,3,3,4,4,3,3
17,2,4,4,4,1,1,1,1,4,4,4,4,3,3,3,3,4,4,3,3,2,4,1,1,-9,-9,2,2,2,2,4,4,4,4,2,2,4,4,1,3,1,1,1,2,4,4,2,2,2,2,1,4,2,2,3,3,2,4,3,3,3,3,4,4,3,3
17,4,4,4,4,1,1,1,1,2,4,2,4,1,3,1,3,2,4,3,4,2,4,1,1,4,4,2,2,2,2,4,4,4,4,2,2,4,4,1,1,-9,-9,2,2,4,4,2,2,2,2,4,4,2,4,2,3,2,4,3,3,3,3,4,4,3,3
17,2,4,4,4,1,1,1,1,4,4,2,4,3,3,3,3,-9,-9,3,3,4,4,1,3,4,4,2,2,2,2,4,4,4,4,-9,-9,4,4,1,1,1,1,2,2,4,4,2,2,2,2,4,4,-9,-9,3,3,2,4,3,3,3,3,4,4,1,3
17,4,4,4,4,1,1,1,1,4,4,-9,-9,1,3,1,3,2,4,3,4,2,4,1,1,3,3,2,2,2,2,4,4,4,4,2,2,4,4,1,3,1,1,1,2,4,4,2,2,2,2,1,4,2,4,2,3,2,4,3,3,3,3,4,4,3,3
18,2,2,4,4,1,1,1,1,2,2,-9,-9,1,3,1,3,2,4,3,4,2,2,1,1,3,4,2,2,2,2,4,4,4,4,2,2,4,4,1,3,1,1,1,2,4,4,2,2,2,2,1,4,2,4,2,3,2,2,3,3,3,3,4,4,3,3
18,2,2,4,4,1,1,1,1,4,4,2,4,-9,-9,-9,-9,-9,-9,-9,-9,2,2,1,3,-9,-9,2,2,2,2,4,4,-9,-9,2,2,2,4,1,1,-9,-9,2,2,4,4,-9,-9,2,2,1,4,2,4,2,3,2,2,1,3,3,3,4,4,1,1
18,2,2,4,4,1,1,1,1,2,2,2,4,1,3,1,3,2,4,3,4,2,4,1,3,4,4,2,2,2,2,4,4,4,4,2,2,4,4,1,1,1,1,1,2,2,4,2,2,2,2,1,4,2,4,2,3,2,2,3,3,3,3,4,4,3,3
18,2,2,4,4,1,1,1,1,2,2,2,2,1,1,1,1,2,2,4,4,2,2,1,1,4,4,2,2,2,2,4,4,4,4,2,4,2,4,1,1,1,1,1,1,4,4,2,2,2,2,1,4,4,4,-9,-9,2,4,1,3,3,3,4,4,1,3
18,2,2,4,4,1,1,1,1,2,4,2,2,1,1,1,1,2,2,4,4,2,2,1,1,3,4,2,2,2,2,4,4,4,4,2,2,4,4,1,1,1,1,1,2,4,4,2,2,2,2,1,4,4,4,2,2,2,4,3,3,3,3,4,4,3,3
18,2,2,2,2,1,1,1,1,2,4,2,4,1,3,1,3,2,4,3,4,2,4,1,3,4,4,2,2,2,2,4,4,4,4,2,2,4,4,1,1,1,1,1,2,2,4,2,2,2,2,1,4,2,4,2,3,2,2,3,3,3,3,4,4,3,3
18,-9,-9,2,2,1,3,4,4,2,4,2,2,1,1,1,1,2,2,4,4,2,4,1,3,4,4,2,2,2,2,4,4,4,4,2,2,4,4,1,1,1,1,2,2,4,4,2,2,2,2,4,4,4,4,2,2,2,2,3,3,3,3,4,4,3,3
18,2,2,2,4,1,1,1,1,2,2,2,2,1,1,1,1,2,2,4,4,2,4,1,1,4,4,2,2,2,2,4,4,4,4,2,2,4,4,1,1,1,1,2,2,2,4,2,2,2,2,4,4,4,4,2,2,2,2,3,3,3,3,4,4,3,3
18,2,2,2,4,1,1,1,1,2,2,2,2,-9,-9,1,1,2,2,4,4,2,4,1,1,-9,-9,2,2,2,2,4,4,4,4,2,2,4,4,-9,-9,1,1,2,2,4,4,2,2,-9,-9,4,4,4,4,-9,-9,2,4,1,3,3,3,-9,-9,1,3
18,2,2,4,4,1,1,1,1,2,4,2,2,-9,-9,1,3,2,2,4,4,2,4,1,1,-9,-9,2,2,2,2,4,4,4,4,2,2,4,4,1,1,1,1,1,2,4,4,2,2,2,2,1,4,4,4,2,2,2,2,3,3,3,3,4,4,1,3
18,2,2,2,2,1,3,1,4,2,2,2,2,1,1,1,1,2,2,4,4,2,2,1,1,3,4,2,2,2,2,4,4,4,4,2,2,4,4,1,1,1,1,2,2,2,4,2,2,2,2,4,4,4,4,2,2,2,2,3,3,3,3,4,4,3,3
18,2,2,2,4,1,3,1,4,2,2,2,2,1,1,1,1,2,2,4,4,2,2,1,1,3,3,2,2,2,2,4,4,4,4,2,2,4,4,1,1,1,1,2,2,2,2,2,2,2,2,4,4,4,4,2,2,2,4,3,3,3,3,4,4,3,3
18,2,2,4,4,1,1,1,1,2,2,2,2,1,1,1,1,2,2,4,4,2,2,1,1,4,4,2,2,2,2,4,4,4,4,2,2,4,4,1,1,1,1,1,2,4,4,2,2,2,2,1,4,4,4,2,2,2,2,3,3,3,3,4,4,1,3
18,2,4,2,4,1,1,1,1,2,2,2,2,1,1,1,1,2,2,4,4,2,2,1,1,3,4,-9,-9,2,2,4,4,4,4,2,2,4,4,1,1,1,1,1,2,4,4,2,2,2,2,1,4,4,4,2,2,2,2,3,3,3,3,4,4,1,3
18,2,2,4,4,1,1,1,1,2,2,2,2,1,1,1,1,2,2,4,4,2,2,1,1,3,3,2,2,2,2,4,4,4,4,2,2,4,4,1,1,1,1,2,2,4,4,2,2,2,2,4,4,4,4,2,2,2,4,3,3,3,3,4,4,1,3
19,2,4,2,2,1,3,1,4,2,2,2,4,1,3,1,3,2,4,3,4,2,2,1,1,3,3,2,2,2,2,4,4,4,4,2,2,4,4,1,1,1,1,2,2,4,4,2,2,2,2,4,4,2,4,2,3,2,2,3,3,3,3,4,4,3,3
19,2,4,4,4,1,1,1,1,2,2,2,2,-9,-9,1,1,2,2,4,4,2,2,1,1,4,4,2,2,2,2,4,4,4,4,2,2,4,4,1,1,1,1,2,2,4,4,2,2,2,2,4,4,4,4,2,2,2,2,3,3,3,3,4,4,-9,-9
19,2,4,2,2,1,3,1,4,2,2,2,4,1,3,1,3,2,4,3,4,2,4,1,1,4,4,2,2,2,2,4,4,4,4,2,2,4,4,1,1,1,1,2,2,4,4,2,2,2,2,4,4,2,4,2,3,2,2,3,3,3,3,4,4,3,3
19,2,2,2,4,1,1,1,1,2,2,2,4,1,3,1,3,2,4,3,4,2,2,1,1,3,3,2,2,2,2,4,4,4,4,2,2,4,4,1,1,1,1,1,2,2,4,2,2,2,2,1,4,2,4,2,3,2,4,3,3,3,3,4,4,3,3
19,2,2,2,2,1,3,1,4,2,2,2,2,1,1,1,1,2,2,4,4,2,2,1,1,3,3,2,2,2,2,4,4,4,4,2,2,4,4,1,1,1,1,2,2,2,4,2,2,2,2,4,4,4,4,2,2,2,4,3,3,3,3,4,4,1,3
19,2,4,4,4,1,1,1,1,2,2,2,2,1,1,1,1,2,2,4,4,2,2,1,1,3,4,2,2,2,2,4,4,4,4,2,2,4,4,1,3,1,1,2,2,2,4,2,2,-9,-9,4,4,4,4,2,2,2,4,3,3,3,3,-9,-9,1,3
19,2,2,4,4,1,1,1,1,2,2,2,2,1,1,1,1,2,2,4,4,2,2,1,1,4,4,2,2,2,2,4,4,4,4,2,2,4,4,1,1,1,1,2,2,4,4,2,2,2,2,4,4,4,4,2,2,2,2,1,3,3,3,4,4,3,3
19,2,4,4,4,1,1,1,1,2,4,2,2,1,1,1,1,2,2,4,4,2,4,1,1,-9,-9,2,2,2,2,4,4,4,4,2,2,4,4,1,1,1,1,2,2,2,2,2,2,2,2,4,4,4,4,2,2,2,2,1,3,3,3,4,4,3,3
19,4,4,2,4,1,3,4,4,2,2,2,2,1,1,1,1,2,2,4,4,2,4,1,3,3,3,2,2,2,2,4,4,4,4,2,2,4,4,1,1,1,1,2,2,2,4,2,2,-9,-9,4,4,4,4,-9,-9,2,4,3,3,3,3,-9,-9,3,3
19,2,2,2,4,1,1,1,1,4,4,2,2,-9,-9,1,3,-9,-9,3,4,2,2,1,1,4,4,2,2,2,2,4,4,4,4,2,2,4,4,-9,-9,1,1,2,2,2,4,-9,-9,2,2,4,4,4,4,2,2,2,2,3,3,3,3,4,4,1,3
20,2,2,2,4,1,3,1,4,2,4,2,2,1,1,1,1,2,2,4,4,2,4,1,1,4,4,2,2,2,2,4,4,4,4,2,2,4,4,1,1,1,1,2,2,2,4,2,2,2,4,4,4,4,4,2,2,2,2,3,3,3,3,4,4,1,3
20,2,2,2,2,1,3,1,4,2,4,-9,-9,1,1,1,1,2,2,4,4,2,4,1,1,-9,-9,2,2,2,2,4,4,4,4,2,2,4,4,1,1,1,1,2,2,2,4,-9,-9,2,2,4,4,4,4,2,2,2,2,3,3,3,3,4,4,1,3
20,2,2,2,2,1,3,1,4,2,4,2,4,1,1,1,1,2,2,4,4,2,4,1,1,3,4,2,2,2,2,4,4,4,4,2,2,4,4,1,1,1,1,2,2,2,4,2,2,2,4,4,4,4,4,2,2,2,2,3,3,3,3,4,4,1,3
20,2,2,2,2,1,3,4,4,2,4,2,2,1,1,1,1,2,2,4,4,2,2,1,1,3,4,2,2,2,2,4,4,4,4,2,2,4,4,1,1,1,1,2,2,2,4,2,2,2,4,4,4,4,4,2,2,2,2,3,3,3,3,4,4,1,1
20,2,4,2,4,1,3,1,4,2,2,2,2,1,1,1,1,2,2,4,4,2,2,1,1,4,4,2,2,2,2,4,4,4,4,2,2,4,4,1,1,1,1,2,2,2,4,2,2,2,4,4,4,4,4,2,2,2,4,3,3,3,3,4,4,1,1
20,2,2,2,4,1,3,1,4,2,4,2,2,1,1,1,1,2,2,4,4,2,2,1,1,4,4,2,2,2,2,4,4,4,4,2,2,4,4,1,1,1,1,2,2,2,4,2,2,2,2,4,4,4,4,2,2,2,4,3,3,3,3,4,4,1,1
20,2,4,2,2,1,3,4,4,4,4,2,2,1,1,1,1,2,2,4,4,2,2,1,1,4,4,2,2,2,2,4,4,4,4,2,2,4,4,1,1,1,1,2,2,2,4,2,2,2,4,4,4,4,4,2,2,2,2,3,3,3,3,4,4,1,1
20,2,4,2,2,1,3,4,4,2,4,2,2,-9,-9,1,1,2,2,4,4,2,2,1,1,3,4,2,2,2,2,4,4,4,4,2,2,4,4,1,1,1,1,2,2,4,4,2,2,2,2,4,4,4,4,2,2,2,4,3,3,3,3,4,4,1,1
20,2,2,2,4,1,3,1,4,2,4,2,2,1,1,1,1,2,2,4,4,2,2,1,1,4,4,2,2,2,2,4,4,4,4,2,2,4,4,1,1,1,1,2,2,4,4,2,2,2,2,4,4,4,4,2,2,2,4,3,3,3,3,4,4,1,1
20,2,2,2,4,1,1,1,1,2,2,2,2,1,1,1,1,2,2,4,4,4,4,1,1,3,3,2,2,2,2,4,4,4,4,2,2,4,4,1,1,1,1,2,2,2,4,2,2,2,2,4,4,4,4,2,2,2,2,3,3,3,3,4,4,3,3
20,2,2,2,4,1,1,1,1,2,2,2,2,1,1,1,1,2,2,4,4,4,4,1,1,3,3,2,2,2,2,4,4,4,4,2,2,4,4,1,1,1,1,2,2,2,4,2,2,2,2,4,4,4,4,2,2,2,2,3,3,3,3,4,4,3,3
20,2,2,4,4,1,1,1,1,2,2,2,2,1,1,1,1,2,2,4,4,2,4,1,1,3,3,2,2,2,2,4,4,4,4,2,2,4,4,1,1,1,1,2,2,4,4,2,2,2,2,4,4,4,4,2,2,2,4,3,3,3,3,4,4,1,3
20,2,2,4,4,1,1,1,1,2,2,2,2,1,1,1,1,2,2,4,4,2,4,1,1,4,4,2,2,2,2,4,4,4,4,2,2,4,4,-9,-9,1,1,2,2,4,4,2,2,2,2,4,4,4,4,2,2,2,4,3,3,3,3,4,4,1,3
21,4,4,4,4,1,3,1,4,2,2,2,2,1,1,1,1,2,2,4,4,2,2,1,1,3,4,2,2,2,2,4,4,4,4,2,2,4,4,1,1,1,1,1,2,4,4,2,2,2,2,1,4,4,4,2,2,2,2,3,3,3,3,4,4,3,3
21,2,4,4,4,1,3,1,4,2,2,2,2,1,1,1,1,2,2,4,4,2,2,1,1,4,4,2,2,2,2,4,4,4,4,2,2,4,4,1,1,1,1,1,2,4,4,2,2,2,2,1,4,4,4,2,2,2,2,3,3,3,3,4,4,3,3
21,4,4,2,4,1,3,1,4,2,2,2,4,1,3,1,3,2,4,3,4,2,2,1,1,3,4,2,2,2,2,4,4,4,4,2,2,4,4,1,1,1,1,2,2,4,4,2,2,2,2,4,4,2,4,2,3,2,4,3,3,3,3,4,4,1,3
21,2,2,4,4,1,1,1,1,2,2,2,2,1,1,1,1,2,2,4,4,2,2,1,1,3,3,2,2,2,2,4,4,4,4,2,2,4,4,1,1,1,1,2,2,4,4,2,2,2,2,4,4,4,4,2,2,2,2,3,3,3,3,4,4,1,1
21,2,2,4,4,1,3,1,4,2,2,2,2,1,1,1,1,2,2,4,4,2,4,1,1,3,4,2,2,2,2,4,4,4,4,2,2,4,4,1,1,1,1,2,2,4,4,2,2,2,2,4,4,4,4,2,2,2,2,3,3,3,3,4,4,1,3
21,2,2,4,4,1,3,1,4,2,2,2,2,1,1,1,1,2,2,4,4,2,4,-9,-9,3,3,2,2,2,2,4,4,4,4,2,2,4,4,1,1,1,1,2,2,-9,-9,2,2,2,2,4,4,4,4,2,2,-9,-9,3,3,3,3,4,4,3,3
21,2,2,4,4,1,1,1,1,2,2,2,4,1,3,1,3,2,4,3,4,2,4,1,1,3,3,2,2,2,2,4,4,4,4,2,2,4,4,1,1,1,1,2,2,4,4,2,2,2,2,4,4,2,4,2,3,2,2,3,3,3,3,4,4,1,3
21,2,2,4,4,1,3,1,4,2,2,2,4,1,3,1,3,2,4,3,4,2,4,1,1,3,3,2,2,2,2,4,4,4,4,2,2,4,4,1,1,1,1,2,2,4,4,2,2,2,2,4,4,2,4,2,3,2,4,3,3,3,3,4,4,3,3
21,2,4,4,4,1,3,1,4,2,2,2,2,1,1,1,1,2,2,4,4,2,2,1,1,3,4,2,2,2,2,4,4,4,4,2,2,4,4,1,1,1,1,2,2,4,4,2,2,2,2,4,4,4,4,2,2,2,2,3,3,3,3,4,4,1,3
21,2,2,2,4,1,3,1,4,2,2,2,4,1,3,1,3,2,4,3,4,2,4,1,1,3,3,2,2,2,2,4,4,4,4,2,2,4,4,1,1,1,1,2,2,4,4,2,2,2,2,4,4,2,4,2,3,2,4,3,3,3,3,4,4,1,3
21,2,2,2,4,1,3,1,4,2,2,2,2,1,1,1,1,2,2,4,4,2,2,-9,-9,3,4,2,2,2,2,4,4,4,4,2,2,4,4,1,1,1,1,2,2,-9,-9,2,2,2,2,4,4,4,4,2,2,-9,-9,3,3,3,3,4,4,3,3
21,2,4,-9,-9,1,1,1,1,2,2,2,2,1,1,1,1,2,2,4,4,4,4,1,1,3,4,2,2,2,2,4,4,4,4,2,2,4,4,1,1,1,1,1,2,4,4,2,2,2,2,1,4,4,4,2,2,2,4,3,3,3,3,4,4,3,3
21,2,2,2,4,1,1,1,1,2,2,2,2,1,1,1,1,2,2,4,4,2,2,1,1,3,3,2,2,2,2,4,4,4,4,2,2,4,4,1,1,1,1,2,2,4,4,2,2,2,2,4,4,4,4,2,2,2,4,3,3,3,3,4,4,3,3
21,2,2,2,4,1,3,1,4,2,2,2,2,1,1,1,1,2,2,4,4,2,4,1,1,3,3,2,2,2,2,4,4,4,4,2,2,4,4,1,1,1,1,1,2,4,4,2,2,2,2,1,4,4,4,2,2,2,4,3,3,3,3,4,4,1,3
21,2,2,2,4,1,3,1,4,2,2,2,2,1,1,1,1,2,2,4,4,2,2,1,1,3,3,2,2,2,2,4,4,4,4,2,2,4,4,1,1,1,1,1,1,4,4,2,2,2,2,1,1,4,4,2,2,2,2,3,3,3,3,4,4,1,3
22,2,2,2,4,1,1,1,1,2,4,2,4,1,3,1,3,2,4,3,4,2,2,1,1,3,4,-9,-9,2,2,4,4,4,4,2,2,4,4,1,3,1,1,2,2,4,4,2,2,2,2,4,4,2,4,2,3,2,2,3,3,3,3,4,4,1,1
22,2,2,4,4,1,1,1,1,2,4,2,2,-9,-9,1,1,2,2,4,4,2,2,1,1,4,4,2,2,2,2,4,4,4,4,2,2,4,4,-9,-9,1,1,2,2,4,4,2,2,2,2,4,4,4,4,2,2,2,4,3,3,3,3,4,4,1,1
22,2,2,2,4,1,3,1,4,2,2,2,2,1,1,1,1,2,2,4,4,2,2,1,1,3,4,2,2,2,2,4,4,4,4,2,4,2,4,1,1,1,1,1,2,4,4,2,2,2,2,1,4,4,4,2,2,2,4,3,3,3,3,4,4,3,3
22,2,2,2,4,1,1,1,1,2,2,2,4,1,1,1,1,2,2,4,4,2,2,1,1,-9,-9,-9,-9,2,2,4,4,4,4,2,2,4,4,1,1,1,1,2,2,4,4,2,2,2,2,4,4,4,4,2,2,2,2,3,3,3,3,4,4,1,1
22,2,2,4,4,1,1,1,1,2,4,4,4,3,3,3,3,4,4,3,3,2,4,1,3,4,4,2,2,2,2,4,4,4,4,2,2,4,4,1,1,1,1,1,2,4,4,2,2,2,4,1,4,2,2,3,3,2,2,3,3,3,3,4,4,3,3
22,2,2,2,4,1,3,1,4,2,4,2,4,1,3,1,3,2,4,3,4,2,4,1,1,3,4,2,2,2,2,4,4,4,4,2,2,4,4,1,3,1,1,2,2,2,2,2,2,4,4,4,4,2,4,2,3,2,4,3,3,3,3,4,4,1,3
22,2,2,2,4,-9,-9,1,1,2,2,2,4,1,3,1,3,2,4,3,4,2,2,1,1,4,4,2,2,-9,-9,4,4,4,4,2,2,4,4,1,1,1,1,2,2,4,4,2,2,2,2,4,4,2,4,2,3,2,2,-9,-9,-9,-9,4,4,1,1
22,2,4,2,4,1,3,1,4,2,2,2,4,1,3,1,3,2,4,3,4,2,2,1,1,4,4,2,2,2,2,4,4,4,4,2,2,4,4,1,1,1,1,2,2,4,4,2,2,2,2,4,4,2,4,2,3,2,2,3,3,3,3,4,4,3,3
22,2,2,2,4,1,3,1,4,2,2,2,4,-9,-9,1,1,2,4,3,4,2,2,1,1,4,4,2,2,2,2,4,4,4,4,2,2,2,4,1,1,1,1,1,2,4,4,2,2,2,2,1,4,2,4,2,3,2,2,3,3,3,3,4,4,1,3
22,2,2,2,4,1,1,1,1,2,2,2,4,3,3,1,3,2,4,3,4,2,2,1,1,3,4,2,2,2,2,4,4,4,4,2,2,4,4,1,1,1,1,1,1,4,4,2,2,2,2,1,1,2,4,2,3,2,4,3,3,3,3,4,4,1,1
22,2,2,2,4,1,1,1,1,2,2,4,4,-9,-9,1,3,-9,-9,3,4,2,2,1,1,4,4,2,2,2,2,4,4,4,4,2,2,4,4,1,1,1,1,2,2,4,4,2,2,2,4,4,4,2,2,3,3,2,2,3,3,3,3,4,4,1,3
22,2,2,2,2,-9,-9,4,4,2,2,2,4,1,3,1,3,2,4,3,4,2,4,1,1,3,4,2,2,-9,-9,4,4,4,4,2,2,4,4,1,1,1,1,2,2,4,4,2,2,2,2,4,4,2,4,2,3,2,2,-9,-9,-9,-9,4,4,1,3
22,2,2,2,4,1,1,1,1,2,2,2,2,1,1,1,1,2,2,4,4,2,2,1,1,-9,-9,2,2,2,2,4,4,4,4,2,2,4,4,1,1,1,1,-9,-9,4,4,-9,-9,2,4,1,4,4,4,2,2,2,2,3,3,3,3,4,4,1,3
22,2,2,2,4,1,1,1,1,2,2,2,2,3,3,1,3,2,2,3,4,2,2,1,1,4,4,2,2,2,2,4,4,4,4,2,2,4,4,1,1,1,1,1,2,4,4,2,2,2,2,1,4,2,4,2,3,2,2,3,3,-9,-9,4,4,1,3
23,2,4,2,4,1,1,1,1,2,4,4,4,3,3,3,3,4,4,3,3,2,4,1,1,4,4,2,2,2,2,4,4,4,4,2,2,4,4,-9,-9,1,1,2,2,4,4,2,2,2,2,4,4,2,2,3,3,2,4,3,3,3,3,4,4,1,3
23,2,2,2,4,1,3,1,4,2,4,2,4,1,1,1,1,2,4,3,4,2,4,1,3,3,3,2,2,2,2,4,4,4,4,2,4,4,4,1,1,1,1,1,2,4,4,2,4,2,2,1,4,2,4,2,2,2,4,3,3,1,3,1,4,3,3
23,2,2,2,4,1,3,1,4,2,4,2,4,1,1,1,1,2,4,3,4,2,4,1,3,3,3,2,2,2,2,4,4,4,4,2,4,4,4,1,1,1,1,1,2,4,4,2,4,2,4,1,4,2,4,2,2,2,4,3,3,1,3,1,4,3,3
23,2,2,2,4,1,3,1,4,2,4,2,4,1,1,1,1,2,4,3,4,2,4,1,3,4,4,2,2,2,2,4,4,4,4,2,4,4,4,1,1,1,1,1,2,4,4,2,4,2,2,1,4,2,4,2,2,2,4,3,3,1,3,4,4,3,3
23,2,2,4,4,1,1,1,1,2,2,2,2,1,1,1,1,2,2,4,4,2,2,1,1,3,3,2,2,2,2,4,4,4,4,2,4,2,4,1,1,1,1,2,2,4,4,2,2,-9,-9,4,4,4,4,-9,-9,2,4,3,3,3,3,-9,-9,3,3
23,2,2,2,4,1,3,1,4,2,4,2,4,1,1,1,1,2,4,3,4,2,4,1,3,3,3,2,2,2,2,4,4,4,4,2,4,4,4,1,1,1,1,1,2,4,4,2,4,2,2,1,4,2,4,2,2,2,4,3,3,1,3,1,4,-9,-9
23,2,2,2,4,1,3,1,4,2,4,4,4,1,1,1,1,2,4,3,4,2,4,1,3,3,4,2,2,2,2,4,4,4,4,2,4,4,4,1,1,1,1,1,2,4,4,2,4,2,2,1,4,2,4,2,2,2,4,3,3,1,3,1,4,3,3
23,2,2,2,4,1,3,1,4,2,4,2,2,1,3,1,1,2,2,4,4,2,4,1,1,-9,-9,2,2,2,2,4,4,4,4,2,2,4,4,1,1,1,1,1,2,2,4,-9,-9,2,2,1,4,4,4,2,2,2,4,3,3,3,3,4,4,1,3
23,2,2,2,4,1,3,1,4,2,2,2,4,1,3,1,3,2,4,3,4,2,2,1,1,3,3,2,2,2,2,4,4,4,4,2,4,2,4,1,1,1,1,1,2,4,4,2,2,2,2,1,4,2,4,2,3,2,2,3,3,3,3,4,4,3,3
23,2,2,2,4,1,1,1,4,2,4,2,4,1,1,1,1,2,4,3,4,2,4,1,3,3,3,2,2,2,2,4,4,4,4,2,4,4,4,1,1,1,1,1,2,4,4,2,4,2,2,1,4,2,4,2,2,2,4,3,3,1,3,1,4,3,3
23,2,2,2,4,1,3,1,4,2,4,2,4,1,1,1,1,2,4,3,4,2,4,1,3,3,3,2,2,2,2,4,4,4,4,2,4,4,4,1,1,1,1,1,2,4,4,2,4,2,2,1,4,2,4,2,2,2,4,3,3,1,3,1,4,3,3
23,2,2,2,4,1,1,1,4,2,2,-9,-9,3,3,1,3,2,4,3,4,2,2,1,1,3,3,2,2,2,2,4,4,4,4,2,2,4,4,1,1,1,1,1,2,4,4,2,2,2,2,1,4,2,4,2,3,2,4,3,3,3,3,4,4,1,3
23,2,2,2,4,1,3,1,4,2,2,2,4,3,3,1,1,2,2,4,4,2,4,1,1,-9,-9,2,2,2,2,4,4,4,4,2,2,4,4,1,1,1,1,2,2,4,4,2,2,2,2,4,4,4,4,2,2,2,2,3,3,3,3,4,4,3,3
23,2,2,2,4,1,3,1,4,2,4,4,4,-9,-9,1,1,2,4,3,4,2,4,1,3,3,3,2,2,2,2,4,4,4,4,2,4,4,4,1,1,1,1,1,2,4,4,2,4,2,2,1,4,2,4,2,2,2,4,3,3,1,3,1,4,3,3
23,2,2,2,4,1,3,1,4,2,4,2,4,1,1,1,1,2,4,3,4,2,4,1,3,3,3,2,2,2,2,4,4,4,4,2,4,4,4,1,1,1,1,1,2,4,4,2,4,2,4,1,4,2,4,2,2,2,4,3,3,1,3,1,4,3,3
24,4,4,4,4,-9,-9,1,1,2,4,4,4,3,3,3,3,-9,-9,3,3,2,4,1,3,4,4,2,2,2,2,4,4,4,4,2,2,4,4,1,1,1,1,2,2,4,4,2,2,2,2,4,4,2,2,3,3,2,4,3,3,-9,-9,4,4,3,3
24,2,2,2,4,1,1,1,1,2,4,4,4,3,3,3,3,4,4,3,3,4,4,1,3,3,4,2,2,2,2,4,4,4,4,2,4,2,4,3,3,1,1,2,2,4,4,2,2,2,2,4,4,2,2,3,3,2,4,3,3,3,3,4,4,3,3
24,4,4,4,4,1,1,1,1,2,4,4,4,3,3,3,3,4,4,3,3,2,4,1,3,3,4,2,2,2,2,4,4,4,4,2,2,4,4,1,3,1,1,2,2,4,4,2,2,2,2,4,4,2,2,3,3,2,4,3,3,3,3,4,4,-9,-9
24,4,4,4,4,1,1,1,1,4,4,4,4,3,3,3,3,4,4,3,3,4,4,3,3,3,4,2,2,2,2,4,4,4,4,2,2,4,4,1,1,1,1,2,2,4,4,2,2,2,2,4,4,2,2,3,3,2,4,3,3,3,3,4,4,3,3
24,4,4,4,4,1,1,1,1,4,4,4,4,3,3,3,3,4,4,3,3,4,4,3,3,3,4,2,2,2,2,4,4,4,4,2,2,4,4,1,1,1,1,2,2,4,4,2,2,2,2,4,4,2,2,3,3,2,4,3,3,3,3,4,4,3,3
24,2,4,4,4,1,1,1,1,2,4,4,4,3,3,3,3,4,4,3,3,2,4,1,1,4,4,4,4,2,2,4,4,4,4,2,2,4,4,1,3,1,1,1,1,4,4,2,2,2,2,1,4,2,2,3,3,2,2,3,3,3,3,4,4,3,3
24,4,4,4,4,1,1,1,1,4,4,4,4,3,3,3,3,4,4,3,3,2,4,1,3,4,4,2,2,2,2,4,4,4,4,2,2,4,4,1,1,1,1,2,2,4,4,2,2,2,2,4,4,2,2,3,3,2,4,3,3,3,3,4,4,3,3
24,2,4,4,4,1,1,1,1,2,4,4,4,3,3,3,3,4,4,3,3,2,4,1,1,3,3,2,2,2,2,4,4,4,4,2,2,4,4,1,1,1,1,2,2,4,4,2,2,2,2,4,4,2,2,3,3,2,4,3,3,3,3,4,4,3,3
24,2,4,2,4,1,1,1,1,2,2,4,4,3,3,3,3,4,4,3,3,2,2,1,1,3,3,2,2,2,2,4,4,4,4,2,2,4,4,1,1,1,1,2,2,4,4,2,2,2,2,4,4,2,2,3,3,2,4,3,3,3,3,4,4,3,3
24,4,4,4,4,1,1,1,1,2,4,4,4,3,3,3,3,4,4,3,3,2,2,1,1,3,4,2,2,2,2,4,4,4,4,2,2,4,4,3,3,1,1,1,2,4,4,2,2,2,2,4,4,2,2,3,3,2,4,3,3,3,3,4,4,3,3
24,2,2,4,4,1,1,1,1,2,4,4,4,3,3,3,3,4,4,3,3,2,2,1,1,3,4,2,4,2,2,4,4,4,4,2,2,4,4,1,1,1,1,1,2,4,4,2,2,2,2,4,4,2,2,3,3,2,2,3,3,3,3,4,4,3,3
24,2,4,4,4,1,1,1,1,4,4,4,4,-9,-9,3,3,4,4,3,3,2,2,1,1,3,3,2,2,2,2,4,4,4,4,2,2,2,4,1,1,1,1,2,2,4,4,2,2,2,2,4,4,2,2,3,3,2,4,3,3,3,3,4,4,3,3
24,2,2,4,4,1,1,1,1,4,4,4,4,3,3,3,3,4,4,3,3,2,2,1,1,3,3,2,2,2,2,4,4,4,4,2,2,4,4,1,3,1,1,1,2,4,4,2,2,2,2,4,4,2,2,3,3,2,2,3,3,3,3,4,4,3,3
24,2,2,4,4,1,1,1,1,4,4,4,4,3,3,3,3,4,4,3,3,2,2,1,1,3,4,2,4,2,2,4,4,4,4,2,2,4,4,1,3,1,1,1,1,4,4,2,2,2,2,1,4,2,2,3,3,2,4,3,3,3,3,4,4,3,3
24,2,2,4,4,1,1,1,1,4,4,4,4,3,3,3,3,4,4,3,3,2,4,1,1,3,3,2,2,2,2,4,4,4,4,2,2,4,4,1,1,1,1,1,2,4,4,2,2,2,2,1,4,2,2,3,3,2,2,3,3,3,3,4,4,3,3
24,4,4,2,4,1,1,1,1,2,4,2,4,3,3,3,3,4,4,3,3,2,2,1,1,3,4,4,4,2,2,4,4,4,4,2,2,4,4,1,1,1,1,1,2,4,4,2,2,-9,-9,1,4,2,2,-9,-9,2,4,3,3,3,3,-9,-9,3,3
24,2,2,2,4,1,1,1,1,4,4,4,4,3,3,3,3,4,4,3,3,2,2,1,1,3,4,2,2,2,2,4,4,4,4,2,2,4,4,3,3,1,1,1,2,4,4,2,2,2,2,1,4,2,2,3,3,2,4,3,3,3,3,4,4,1,3
24,2,2,2,4,1,1,1,1,4,4,4,4,3,3,3,3,4,4,3,3,2,4,1,1,3,3,2,2,2,2,4,4,4,4,2,2,4,4,1,3,1,1,2,2,4,4,2,2,2,2,4,4,2,2,3,3,2,4,3,3,3,3,4,4,3,3
25,2,2,2,4,1,1,1,1,4,4,4,4,3,3,3,3,4,4,3,3,2,4,1,1,3,4,2,2,2,2,4,4,4,4,2,2,4,4,1,1,1,1,2,2,4,4,2,2,2,2,4,4,2,2,3,3,2,2,3,3,3,3,4,4,3,3
25,2,2,4,4,1,1,1,1,4,4,4,4,3,3,3,3,4,4,3,3,2,2,1,1,3,4,2,2,2,2,4,4,4,4,2,2,4,4,1,3,1,1,2,2,4,4,2,2,2,2,4,4,2,2,3,3,2,2,3,3,3,3,1,4,1,3
25,2,4,4,4,1,1,1,1,4,4,4,4,3,3,3,3,4,4,3,3,4,4,1,1,3,3,2,2,2,2,4,4,4,4,2,2,4,4,1,1,1,1,2,2,4,4,2,2,2,2,4,4,2,2,3,3,2,2,3,3,3,3,4,4,3,3
25,4,4,4,4,1,1,1,1,2,4,4,4,3,3,3,3,4,4,3,3,2,4,3,3,3,3,4,4,2,4,2,4,2,4,2,4,2,4,1,1,1,3,1,1,4,4,2,4,2,4,1,1,2,2,3,3,2,4,3,3,3,3,4,4,1,3
25,2,4,2,4,1,1,1,1,2,4,2,2,1,1,1,1,2,2,4,4,2,4,1,3,3,3,2,2,2,2,4,4,4,4,2,2,4,4,1,1,1,1,2,2,2,4,2,2,2,2,4,4,4,4,2,2,2,4,3,3,3,3,4,4,3,3
25,2,4,4,4,1,1,1,1,4,4,-9,-9,-9,-9,3,3,4,4,3,3,2,4,1,3,4,4,2,2,2,2,4,4,4,4,2,2,-9,-9,-9,-9,1,1,1,2,4,4,2,2,2,2,4,4,2,2,3,3,2,2,3,3,3,3,4,4,3,3
25,2,4,4,4,1,1,1,1,4,4,-9,-9,-9,-9,3,3,4,4,3,3,2,2,1,1,3,3,2,2,2,2,4,4,4,4,2,4,-9,-9,-9,-9,1,1,2,2,2,4,2,2,2,2,4,4,2,2,3,3,2,4,3,3,3,3,4,4,1,3
25,4,4,2,4,1,1,1,1,4,4,2,4,1,3,1,3,2,4,3,4,4,4,3,3,3,3,2,2,2,2,4,4,4,4,2,2,4,4,1,1,1,1,2,2,4,4,2,2,2,2,4,4,2,4,2,3,2,4,3,3,3,3,4,4,3,3
25,2,2,4,4,1,1,1,1,4,4,2,4,1,3,1,3,2,4,3,4,2,4,1,3,3,3,2,2,2,2,4,4,4,4,2,2,4,4,3,3,1,1,2,2,2,4,2,2,2,2,4,4,2,4,2,3,2,4,3,3,3,3,1,4,3,3
25,2,4,2,4,1,1,1,1,4,4,2,2,-9,-9,1,1,2,2,4,4,2,4,1,1,4,4,2,2,2,2,4,4,4,4,2,2,4,4,-9,-9,1,1,1,2,4,4,2,2,2,2,1,4,4,4,2,2,2,4,3,3,3,3,4,4,1,3
25,4,4,4,4,1,1,1,1,4,4,2,4,1,3,1,3,2,4,3,4,2,4,1,3,3,3,2,2,2,2,4,4,4,4,2,2,4,4,1,3,1,1,2,2,2,4,2,2,2,2,4,4,2,4,2,3,2,4,3,3,3,3,4,4,3,3
25,2,2,2,4,1,1,1,1,2,4,2,4,1,3,1,3,2,4,3,4,2,4,1,1,3,3,2,2,2,2,4,4,4,4,2,2,4,4,1,3,1,1,1,2,4,4,2,2,2,2,1,4,2,4,2,3,2,4,3,3,1,3,4,4,3,3
25,2,4,4,4,1,1,1,1,2,2,2,4,3,3,1,3,2,4,3,4,2,4,1,1,3,3,2,2,2,2,4,4,4,4,2,4,2,4,1,1,1,1,1,2,4,4,2,2,2,2,1,4,2,4,2,3,2,4,3,3,1,3,1,4,3,3
25,4,4,4,4,1,1,1,1,2,4,4,4,3,3,3,3,2,4,3,3,2,2,1,3,3,4,2,2,2,2,4,4,4,4,2,2,4,4,1,1,1,1,2,2,2,4,2,2,2,2,4,4,2,2,2,3,2,2,3,3,3,3,4,4,3,3
25,4,4,4,4,1,1,1,1,4,4,4,4,3,3,3,3,4,4,3,3,2,2,1,3,3,3,2,2,2,2,4,4,4,4,2,2,4,4,1,1,1,1,2,2,4,4,2,2,2,2,4,4,2,2,3,3,2,4,3,3,3,3,4,4,1,1
26,2,2,4,4,1,1,1,1,4,4,2,4,1,3,1,3,2,4,3,4,2,2,1,1,3,4,2,2,2,2,4,4,4,4,2,2,4,4,1,3,1,1,2,2,4,4,2,2,2,2,4,4,2,4,2,3,2,4,3,3,3,3,4,4,3,3
26,2,4,4,4,1,1,1,1,2,4,4,4,1,1,1,3,2,4,3,4,2,2,1,1,3,3,2,2,2,2,4,4,4,4,2,4,2,4,1,1,1,1,2,2,4,4,2,2,2,2,4,4,2,4,2,3,2,4,3,3,3,3,4,4,1,3
26,2,2,4,4,1,1,1,1,4,4,2,4,1,3,1,3,2,4,3,4,2,2,1,1,3,4,2,2,2,2,4,4,4,4,2,2,4,4,1,3,1,1,2,2,4,4,2,2,2,2,4,4,2,4,2,3,2,4,3,3,3,3,4,4,1,3
26,2,2,4,4,1,1,1,1,4,4,2,4,1,3,1,3,2,4,3,4,4,4,1,3,3,3,2,2,2,2,4,4,4,4,2,4,2,4,1,3,1,1,2,2,4,4,2,2,-9,-9,4,4,2,4,-9,-9,2,4,3,3,3,3,-9,-9,1,1
26,2,2,4,4,1,1,1,1,2,4,4,4,3,3,3,3,4,4,3,3,4,4,1,3,4,4,2,2,2,2,4,4,4,4,2,2,4,4,1,3,1,1,1,2,4,4,2,2,2,2,4,4,2,2,3,3,2,4,3,3,3,3,4,4,3,3
26,2,2,4,4,1,1,1,1,2,2,2,4,3,3,1,3,2,4,3,4,2,2,1,1,-9,-9,-9,-9,2,2,4,4,4,4,2,2,4,4,1,1,1,1,2,2,4,4,2,2,2,2,4,4,2,4,2,3,2,4,3,3,3,3,4,4,1,3
26,4,4,4,4,1,1,1,1,2,4,2,2,1,1,1,1,2,2,4,4,4,4,1,3,3,3,2,2,2,2,4,4,4,4,2,2,4,4,1,1,1,1,2,2,4,4,2,2,-9,-9,4,4,4,4,-9,-9,2,4,3,3,3,3,-9,-9,3,3
26,2,2,2,2,1,1,1,1,4,4,2,4,1,3,1,3,2,4,3,4,2,4,1,1,3,3,2,2,2,2,4,4,4,4,2,2,4,4,3,3,1,1,2,2,4,4,2,2,2,2,4,4,2,4,2,3,2,4,3,3,3,3,4,4,3,3
26,2,2,2,4,1,1,1,1,4,4,4,4,1,3,1,3,2,4,3,4,2,4,1,1,3,3,2,2,2,2,4,4,4,4,2,2,4,4,1,1,1,1,1,2,2,4,2,2,2,2,1,4,2,4,2,3,2,4,3,3,3,3,4,4,3,3
26,2,2,2,4,1,1,1,1,4,4,2,4,1,3,1,3,2,4,3,4,4,4,1,3,3,4,2,2,2,2,4,4,4,4,2,2,4,4,1,1,1,1,1,2,4,4,2,2,2,2,4,4,2,4,2,3,2,4,3,3,3,3,4,4,3,3
26,4,4,4,4,1,1,1,1,4,4,4,4,3,3,3,3,4,4,3,3,2,4,1,1,3,4,2,2,2,2,4,4,4,4,2,2,4,4,1,1,1,1,1,2,4,4,2,2,2,2,1,4,2,2,3,3,2,4,3,3,3,3,4,4,3,3
26,4,4,4,4,-9,-9,1,1,2,4,4,4,3,3,3,3,4,4,3,3,2,4,1,1,4,4,2,2,-9,-9,4,4,4,4,2,2,4,4,1,3,1,1,2,2,4,4,2,2,2,2,4,4,2,2,3,3,2,4,-9,-9,-9,-9,4,4,1,3
26,2,4,4,4,1,1,1,1,-9,-9,2,4,1,3,-9,-9,2,4,-9,-9,2,4,1,1,-9,-9,-9,-9,2,2,4,4,4,4,2,2,4,4,1,3,-9,-9,2,2,4,4,2,2,2,2,1,4,2,4,2,3,2,4,3,3,3,3,4,4,3,3
26,2,4,2,4,1,1,1,1,4,4,2,4,3,3,1,3,2,4,3,4,2,2,1,1,3,3,2,2,2,2,4,4,4,4,2,2,4,4,1,3,1,1,1,1,4,4,2,2,2,2,1,1,2,4,2,3,2,4,3,3,3,3,4,4,3,3
26,4,4,4,4,1,1,1,1,4,4,4,4,3,3,3,3,4,4,3,3,2,2,3,3,4,4,2,4,2,2,4,4,4,4,2,2,4,4,-9,-9,1,1,2,2,4,4,2,2,2,2,4,4,2,2,3,3,2,4,3,3,3,3,4,4,1,1
27,2,4,4,4,1,1,1,1,2,4,2,2,1,1,1,1,2,2,4,4,4,4,1,3,4,4,2,2,2,2,4,4,4,4,2,2,4,4,1,1,1,1,2,2,2,4,-9,-9,2,2,4,4,4,4,2,2,2,2,3,3,3,3,4,4,3,3
27,2,4,4,4,1,1,1,1,4,4,4,4,3,3,3,3,4,4,3,3,2,4,3,3,3,4,2,4,2,2,4,4,4,4,2,4,2,4,1,1,1,1,1,2,4,4,2,2,2,2,1,4,2,2,3,3,2,4,3,3,3,3,4,4,3,3
27,4,4,4,4,1,1,1,1,4,4,2,2,1,1,1,1,2,2,4,4,2,4,1,1,3,3,2,2,2,2,4,4,4,4,2,2,4,4,1,3,1,1,1,2,4,4,2,2,2,2,1,4,4,4,2,2,2,4,3,3,3,3,4,4,1,3
27,2,2,4,4,1,1,1,1,2,4,4,4,3,3,3,3,4,4,3,3,2,2,1,3,3,4,2,2,2,2,4,4,4,4,2,2,4,4,1,1,1,1,2,2,4,4,2,2,2,2,4,4,2,2,3,3,2,4,3,3,3,3,4,4,3,3
27,2,4,4,4,1,1,1,1,2,4,4,4,3,3,3,3,4,4,3,3,2,4,1,3,3,4,2,2,2,2,4,4,4,4,2,2,4,4,1,1,1,1,2,2,4,4,2,2,2,2,4,4,2,2,3,3,2,4,1,3,3,3,4,4,3,3
27,2,4,4,4,1,1,1,1,4,4,2,4,1,3,1,3,2,4,3,4,-9,-9,1,3,3,4,2,4,2,2,4,4,4,4,2,2,4,4,1,1,1,1,2,2,4,4,2,2,2,2,4,4,2,4,2,3,2,4,3,3,3,3,4,4,3,3
27,2,4,4,4,1,1,1,1,4,4,4,4,3,3,3,3,4,4,3,3,4,4,3,3,3,3,2,2,2,2,4,4,4,4,2,2,4,4,1,3,1,1,2,2,2,4,2,2,2,2,4,4,2,2,3,3,2,4,3,3,3,3,4,4,3,3
27,2,2,4,4,1,1,1,1,2,2,4,4,3,3,3,3,4,4,3,3,2,4,1,1,3,4,2,2,2,2,4,4,4,4,2,2,4,4,3,3,1,1,1,2,4,4,2,2,2,2,1,4,2,2,3,3,2,4,3,3,3,3,4,4,3,3
27,2,2,4,4,1,1,1,1,2,4,4,4,3,3,3,3,4,4,3,3,4,4,1,1,3,3,2,2,2,2,4,4,4,4,2,2,4,4,1,3,1,1,1,2,4,4,2,2,2,2,1,4,2,2,3,3,2,4,3,3,3,3,4,4,1,3
27,2,4,4,4,1,1,1,1,4,4,4,4,3,3,3,3,2,4,3,3,2,2,1,1,3,4,2,2,2,2,4,4,4,4,2,2,4,4,1,1,1,1,2,2,4,4,2,2,2,2,4,4,2,2,3,3,2,4,3,3,3,3,4,4,3,3
27,4,4,4,4,1,1,1,1,4,4,4,4,3,3,3,3,4,4,3,3,2,4,1,3,3,3,2,2,2,2,4,4,4,4,2,2,4,4,1,1,1,1,2,2,4,4,2,2,2,2,4,4,2,2,3,3,4,4,3,3,3,3,4,4,3,3
27,2,4,2,4,1,1,1,1,4,4,2,4,1,3,1,3,2,4,3,4,2,4,1,3,3,3,2,4,2,2,4,4,4,4,2,2,4,4,1,1,1,1,1,2,4,4,2,2,2,2,1,4,2,4,2,3,2,4,3,3,3,3,4,4,1,3
27,2,2,4,4,1,1,1,1,4,4,2,4,1,3,1,3,2,4,3,4,2,4,1,1,3,3,2,2,2,2,4,4,4,4,2,2,4,4,1,1,1,1,1,2,4,4,2,2,2,2,4,4,2,4,2,3,2,2,3,3,3,3,4,4,3,3
28,2,4,4,4,1,1,1,1,4,4,4,4,3,3,3,3,4,4,3,3,2,2,1,1,3,3,2,2,2,2,4,4,4,4,2,2,4,4,1,3,1,1,1,2,4,4,2,2,2,2,4,4,2,2,3,3,2,4,1,3,3,3,4,4,1,3
28,2,2,4,4,1,1,1,1,2,4,4,4,3,3,3,3,4,4,3,3,4,4,3,3,3,3,2,2,2,2,4,4,4,4,2,2,4,4,1,3,1,1,1,2,4,4,2,2,2,2,4,4,2,2,3,3,2,2,1,3,3,3,4,4,3,3
28,2,4,4,4,1,1,1,1,2,4,4,4,3,3,3,3,4,4,3,3,2,2,1,3,3,3,2,2,2,2,4,4,4,4,2,2,4,4,1,1,1,1,2,2,4,4,2,2,2,2,4,4,2,2,3,3,2,4,3,3,3,3,4,4,3,3
28,2,4,2,4,1,1,1,1,2,4,4,4,3,3,3,3,4,4,3,4,2,4,1,1,3,4,2,2,2,2,4,4,4,4,2,2,4,4,1,1,1,1,2,2,2,4,2,2,2,2,4,4,2,2,3,3,2,4,3,3,3,3,4,4,1,3
28,2,2,4,4,1,1,1,1,4,4,4,4,3,3,3,3,4,4,3,3,2,4,1,3,3,4,2,2,2,2,4,4,4,4,2,2,4,4,1,3,1,1,2,2,4,4,2,2,2,2,4,4,2,2,3,3,2,4,3,3,3,3,4,4,1,3
28,2,2,2,4,1,1,1,1,4,4,4,4,3,3,3,3,4,4,3,3,2,4,1,1,3,3,2,2,2,2,4,4,4,4,2,2,4,4,1,1,1,1,2,2,4,4,2,2,2,2,4,4,2,2,3,3,2,2,3,3,3,3,4,4,3,3
28,2,2,4,4,1,1,1,1,2,4,4,4,3,3,3,3,4,4,3,3,4,4,1,1,3,4,2,2,2,2,4,4,4,4,2,2,4,4,1,1,1,1,1,2,4,4,2,2,-9,-9,1,4,2,2,3,3,2,4,3,3,3,3,4,4,3,3
28,2,2,4,4,1,1,1,1,2,4,4,4,3,3,3,3,4,4,3,3,2,4,1,1,4,4,2,4,2,2,4,4,4,4,2,2,4,4,1,3,1,1,1,2,4,4,2,2,2,2,1,4,2,2,3,3,2,4,3,3,3,3,4,4,3,3
28,2,2,4,4,1,1,1,1,4,4,4,4,3,3,3,3,4,4,3,3,2,4,1,1,3,3,2,2,2,2,4,4,4,4,2,2,4,4,1,3,1,1,2,2,4,4,2,2,2,2,4,4,2,2,3,3,2,4,3,3,3,3,4,4,3,3
28,2,2,4,4,1,1,1,1,4,4,4,4,3,3,3,3,4,4,3,3,2,4,1,3,4,4,2,2,2,2,4,4,4,4,2,2,4,4,1,3,1,1,2,2,4,4,2,2,2,2,4,4,2,2,3,3,2,2,1,3,3,3,4,4,1,3
28,2,2,4,4,1,1,1,1,2,4,4,4,3,3,3,3,4,4,3,3,2,4,1,3,3,3,2,2,2,2,4,4,4,4,2,4,2,4,3,3,1,1,2,2,4,4,2,2,2,2,4,4,2,2,3,3,2,4,3,3,3,3,4,4,3,3
28,2,4,4,4,1,1,1,1,2,4,4,4,3,3,3,3,4,4,3,3,2,2,1,1,3,3,2,2,2,2,4,4,4,4,2,2,4,4,1,1,1,1,1,1,4,4,2,2,2,2,1,1,2,2,3,3,2,4,3,3,3,3,4,4,3,3
28,2,2,4,4,1,1,1,1,2,4,4,4,3,3,3,3,4,4,3,3,2,2,1,1,3,3,2,2,2,2,4,4,4,4,2,4,2,4,1,1,1,1,1,2,4,4,2,2,2,2,1,4,2,2,3,3,2,2,3,3,3,3,4,4,3,3
28,2,4,4,4,1,1,1,1,2,4,4,4,3,3,3,3,4,4,3,3,2,2,1,1,3,3,2,2,2,2,4,4,4,4,2,2,4,4,1,1,1,1,2,2,2,4,2,2,2,2,4,4,2,2,3,3,2,2,1,1,3,3,4,4,3,3
29,4,4,4,4,1,1,1,1,4,4,4,4,3,3,3,3,4,4,3,3,2,4,1,3,3,4,2,4,2,2,4,4,4,4,2,2,4,4,1,3,1,1,1,2,4,4,2,2,2,2,1,4,2,2,3,3,2,4,3,3,3,3,4,4,1,3
29,4,4,4,4,1,1,1,1,4,4,4,4,3,3,3,3,4,4,3,3,2,4,1,3,3,4,2,4,2,2,4,4,4,4,2,2,4,4,1,3,1,1,1,2,4,4,2,2,2,2,1,4,2,2,3,3,2,4,3,3,3,3,4,4,1,3
29,4,4,4,4,1,1,1,1,4,4,4,4,3,3,3,3,4,4,3,3,4,4,1,3,3,4,2,4,2,2,4,4,4,4,2,2,4,4,1,3,1,1,1,2,4,4,2,2,2,2,1,4,2,2,3,3,2,4,3,3,3,3,4,4,1,3
29,4,4,4,4,1,1,1,1,4,4,4,4,3,3,3,3,4,4,3,3,2,4,1,3,3,4,2,4,2,2,4,4,4,4,2,2,4,4,1,3,1,1,1,2,4,4,2,2,2,2,1,4,2,2,3,3,2,4,3,3,3,3,4,4,1,3
29,4,4,4,4,1,1,1,1,4,4,4,4,3,3,3,3,4,4,3,3,2,4,1,3,3,4,2,4,2,2,4,4,4,4,2,2,4,4,1,3,1,1,1,2,4,4,2,2,2,2,1,4,2,2,3,3,2,4,3,3,3,3,4,4,1,3
29,4,4,4,4,1,1,1,1,4,4,4,4,3,3,3,3,4,4,3,3,2,4,-9,-9,3,4,2,4,2,2,4,4,4,4,2,2,4,4,1,3,1,1,1,2,-9,-9,2,2,2,2,1,4,2,2,3,3,-9,-9,3,3,3,3,4,4,1,3
29,4,4,4,4,1,1,1,1,4,4,4,4,3,3,3,3,4,4,3,3,2,4,1,3,3,3,2,2,2,2,4,4,4,4,2,2,4,4,1,1,1,1,2,2,4,4,2,2,2,2,4,4,2,2,3,3,2,4,1,3,3,3,4,4,1,3
29,4,4,4,4,1,1,1,1,4,4,-9,-9,1,1,3,3,4,4,3,3,2,4,1,3,3,3,2,2,2,2,4,4,4,4,2,2,4,4,1,1,1,1,2,2,4,4,2,2,2,2,4,4,2,2,3,3,2,4,1,3,3,3,4,4,1,3
29,4,4,4,4,1,1,1,1,4,4,4,4,3,3,3,3,4,4,3,3,2,4,1,3,3,3,2,2,2,2,4,4,4,4,2,2,4,4,1,1,1,1,2,2,4,4,2,2,2,2,4,4,2,2,3,3,2,4,1,3,3,3,4,4,1,3
29,2,4,4,4,1,1,1,1,4,4,2,4,1,3,1,3,2,4,3,4,2,4,1,1,3,3,2,2,2,2,4,4,4,4,2,2,4,4,1,1,1,1,1,2,4,4,2,2,2,2,1,4,2,4,2,3,2,4,1,3,3,3,4,4,3,3
29,4,4,4,4,1,1,1,1,4,4,2,4,1,3,1,3,2,4,3,4,2,4,1,3,3,3,2,2,2,2,4,4,4,4,2,2,4,4,1,1,1,1,2,2,4,4,2,2,2,2,4,4,2,4,2,3,2,4,3,3,3,3,4,4,1,3
29,4,4,4,4,1,1,1,1,4,4,4,4,3,3,3,3,4,4,3,3,2,2,1,1,3,4,2,2,2,2,4,4,4,4,2,2,4,4,1,1,1,1,2,2,4,4,2,2,2,2,4,4,2,2,3,3,2,4,3,3,3,3,4,4,3,3
29,2,2,4,4,1,1,1,1,2,4,4,4,3,3,3,3,4,4,3,3,4,4,1,3,3,3,2,2,2,2,4,4,4,4,2,2,4,4,1,3,1,1,1,2,4,4,2,2,2,2,4,4,2,2,3,3,2,4,3,3,3,3,4,4,3,3
29,2,2,4,4,1,1,1,1,4,4,2,4,1,3,1,3,2,4,3,4,4,4,1,3,3,3,2,2,2,2,4,4,4,4,2,2,4,4,1,1,1,1,1,2,4,4,2,2,2,2,1,4,2,4,2,3,2,4,3,3,3,3,4,4,3,3
29,2,4,4,4,1,1,1,1,4,4,2,4,1,3,1,3,2,4,3,4,4,4,3,3,3,3,2,2,2,2,4,4,4,4,2,2,4,4,1,3,1,1,1,2,4,4,2,2,2,2,1,4,2,4,2,3,2,4,3,3,3,3,4,4,3,3
30,2,4,4,4,1,1,1,1,2,2,4,4,3,3,3,3,4,4,3,3,2,4,1,1,4,4,2,2,2,2,4,4,4,4,2,2,4,4,3,3,1,1,1,2,4,4,2,2,2,2,1,4,2,2,3,3,2,4,3,3,3,3,4,4,3,3
30,2,2,4,4,1,1,1,1,4,4,4,4,3,3,3,3,4,4,3,3,4,4,1,3,3,4,2,2,2,2,4,4,4,4,2,2,4,4,1,1,1,1,2,2,4,4,2,2,2,2,4,4,2,2,3,3,2,4,3,3,3,3,4,4,3,3
30,2,4,4,4,1,1,1,1,4,4,4,4,3,3,3,3,4,4,3,3,2,2,1,1,3,3,2,2,2,2,4,4,4,4,2,2,4,4,1,1,1,1,1,2,4,4,2,2,2,2,1,4,2,2,3,3,2,4,3,3,3,3,4,4,1,3
30,2,2,2,4,1,1,1,1,4,4,4,4,3,3,3,3,4,4,3,3,2,2,1,1,3,3,2,2,2,2,4,4,4,4,2,4,2,4,1,3,1,1,1,2,4,4,2,2,2,2,1,4,2,2,3,3,2,4,3,3,3,3,4,4,3,3
30,2,2,4,4,1,1,1,1,4,4,2,4,1,3,1,3,2,4,3,4,4,4,1,3,4,4,2,2,2,2,4,4,4,4,2,2,4,4,1,1,1,1,1,2,4,4,2,2,2,2,1,4,2,4,2,3,2,4,3,3,3,3,4,4,3,3
30,2,4,2,2,1,1,1,1,4,4,2,4,1,3,1,3,2,4,3,4,2,4,1,1,3,4,2,2,2,2,4,4,4,4,2,2,4,4,1,1,1,1,2,2,2,4,2,2,2,2,4,4,2,4,2,3,2,4,3,3,3,3,4,4,3,3
30,2,4,4,4,1,1,1,1,4,4,2,4,3,3,1,3,2,4,3,4,2,4,1,1,4,4,2,4,2,2,4,4,4,4,2,2,4,4,1,1,1,1,1,1,4,4,2,2,2,2,1,1,2,4,2,3,2,4,3,3,3,3,4,4,3,3
30,4,4,4,4,1,1,1,1,4,4,4,4,3,3,3,3,4,4,3,3,2,4,1,1,3,4,2,2,2,2,4,4,4,4,4,4,2,2,1,1,1,1,1,2,4,4,2,2,2,2,1,4,2,2,3,3,2,4,3,3,3,3,4,4,1,3
30,2,2,4,4,1,1,1,1,2,4,4,4,3,3,3,3,4,4,3,3,2,2,1,1,3,4,2,2,2,2,4,4,4,4,2,2,4,4,1,1,1,1,1,1,4,4,2,2,2,2,1,1,2,2,3,3,2,4,3,3,3,3,4,4,3,3
30,2,2,4,4,1,1,1,1,2,4,4,4,3,3,3,3,4,4,3,3,4,4,1,1,3,3,2,2,2,2,4,4,4,4,2,4,4,4,1,1,1,1,2,2,2,4,2,2,2,2,4,4,2,2,3,3,2,4,3,3,3,3,4,4,3,3
30,2,2,2,4,1,1,1,1,4,4,4,4,3,3,3,3,4,4,3,3,2,4,1,3,3,3,2,2,2,2,4,4,4,4,2,2,4,4,1,1,1,1,2,2,4,4,2,2,2,2,4,4,2,2,3,3,2,4,3,3,3,3,4,4,3,3
30,2,4,4,4,1,1,1,1,2,2,4,4,3,3,3,3,4,4,3,3,2,4,1,3,3,4,2,2,2,2,4,4,4,4,2,2,4,4,1,1,1,1,1,2,4,4,2,2,2,2,1,4,2,2,3,3,2,4,3,3,3,3,4,4,1,3
30,2,2,4,4,1,1,1,1,4,4,4,4,3,3,3,3,4,4,3,3,4,4,1,1,3,4,2,2,2,2,4,4,4,4,2,2,4,4,1,3,1,1,1,2,4,4,2,2,2,2,1,4,2,2,3,3,2,4,3,3,3,3,4,4,3,3
30,2,2,4,4,1,1,1,1,4,4,4,4,3,3,3,3,4,4,3,3,2,4,1,1,4,4,2,2,2,2,4,4,4,4,2,2,4,4,1,1,1,1,2,2,4,4,2,2,2,2,4,4,2,2,3,3,2,4,3,3,3,3,4,4,1,3
30,4,4,4,4,1,1,1,1,2,4,4,4,3,3,3,3,4,4,3,3,2,4,1,3,3,3,2,2,2,2,4,4,4,4,2,2,4,4,1,3,1,1,1,2,4,4,2,2,2,2,1,4,2,2,3,3,2,4,3,3,3,3,4,4,1,3
31,2,2,2,4,1,1,1,1,2,4,-9,-9,-9,-9,3,3,4,4,3,3,2,2,1,1,3,3,2,2,2,2,4,4,4,4,2,2,-9,-9,-9,-9,1,1,2,2,4,4,2,2,2,2,1,4,2,2,3,3,2,4,1,3,3,3,4,4,3,3
31,2,4,2,4,1,1,1,1,2,4,2,4,1,3,1,3,2,4,3,4,2,2,1,3,3,3,2,2,2,2,4,4,4,4,2,2,4,4,1,3,1,1,2,2,4,4,2,2,2,2,4,4,2,4,2,3,2,4,1,3,3,3,4,4,1,3
31,2,4,2,4,1,1,1,1,4,4,4,4,3,3,3,3,4,4,3,3,2,4,1,3,3,4,2,4,2,4,2,4,2,4,2,2,4,4,1,3,1,1,2,2,4,4,2,2,2,2,4,4,2,2,3,3,2,4,1,3,3,3,1,4,3,3
31,2,4,4,4,1,1,1,1,2,4,4,4,3,3,3,3,4,4,3,3,2,4,1,1,3,3,2,2,2,2,4,4,4,4,2,2,4,4,1,1,1,1,2,2,2,4,2,2,2,2,4,4,2,2,3,3,2,2,3,3,3,3,4,4,1,3
31,2,4,4,4,1,1,1,1,4,4,4,4,3,3,3,3,4,4,3,3,2,4,1,3,3,3,2,2,2,2,4,4,4,4,2,4,2,4,1,3,1,1,2,2,4,4,2,2,2,2,4,4,2,2,3,3,2,4,3,3,3,3,4,4,1,3
31,2,2,4,4,1,1,1,1,2,4,4,4,3,3,3,3,2,4,3,3,2,2,1,1,3,3,2,2,2,2,4,4,-9,-9,2,2,4,4,1,1,1,1,2,2,4,4,2,2,2,2,4,4,2,2,2,3,2,4,3,3,3,3,4,4,3,3
31,2,4,2,4,1,1,1,1,4,4,4,4,3,3,3,3,4,4,3,3,2,4,1,3,3,3,2,2,2,2,4,4,4,4,2,4,2,4,-9,-9,1,1,2,2,4,4,2,2,2,2,4,4,2,2,3,3,2,4,3,3,3,3,4,4,3,3
31,4,4,4,4,1,1,1,1,4,4,2,4,1,3,1,3,2,4,3,4,2,2,1,3,3,4,2,2,2,2,4,4,4,4,2,2,4,4,1,1,1,1,2,2,4,4,2,2,2,2,4,4,2,4,2,3,2,4,3,3,3,3,4,4,1,3
31,4,4,4,4,1,1,1,1,4,4,-9,-9,3,3,3,3,4,4,3,3,2,2,1,1,3,3,2,2,2,2,4,4,4,4,2,2,4,4,3,3,1,1,2,2,2,4,2,2,2,2,4,4,2,2,3,3,2,4,3,3,3,3,4,4,3,3
31,2,2,4,4,1,1,1,1,2,4,4,4,3,3,3,3,2,4,3,3,2,2,1,3,-9,-9,2,2,2,4,2,4,2,4,2,4,2,4,-9,-9,1,3,1,2,4,4,2,4,2,4,1,4,2,2,2,3,2,4,1,3,1,3,1,4,1,3
31,2,2,4,4,1,1,1,1,4,4,4,4,3,3,3,3,4,4,3,3,2,4,1,1,3,3,2,2,2,2,4,4,4,4,2,2,4,4,1,3,1,1,2,2,4,4,2,2,2,2,4,4,2,2,3,3,2,4,3,3,3,3,4,4,3,3
31,2,4,4,4,1,1,1,1,2,4,-9,-9,-9,-9,3,3,4,4,3,3,2,4,1,1,3,4,2,2,4,4,2,4,2,4,2,2,-9,-9,-9,-9,1,1,2,2,4,4,2,2,2,2,4,4,2,2,3,3,2,4,1,3,3,3,4,4,3,3
31,2,2,4,4,1,1,1,1,2,4,-9,-9,-9,-9,3,3,4,4,3,3,4,4,1,1,3,3,2,2,2,2,4,4,4,4,2,4,4,4,-9,-9,1,1,2,2,4,4,2,2,2,2,4,4,2,2,3,3,2,2,3,3,3,3,4,4,3,3
31,2,2,4,4,1,1,1,1,4,4,2,2,1,1,1,1,2,2,4,4,4,4,-9,-9,3,4,4,4,2,2,4,4,4,4,2,2,4,4,1,1,1,1,2,2,-9,-9,2,2,2,2,4,4,4,4,2,2,-9,-9,3,3,3,3,4,4,3,3
