1,1,2,1,2,1,1,1,2,1,2,1,2,1,2,1,1,1,2,2,2,1,1,1,2,1,1,1,1,1,2,1,1,1,2,1,2,1,2,1,2,2,2,1,2,1,2,1,2,2,2,1,1,2,2,1,2,1,2,1,1,1,2,2,2,1,1,1,2,1,2,1,1,1,1,1,2,1,2,1,2,2,2,1,1,2,2,1,2,1,1,1,2,1,2,1,2,2,2,1,1,1,2,1,2,1,2,1,2,1,2,1,2,1,2,1,2,1,2,1,1,2,2,1,1
1,1,2,1,2,1,1,1,2,1,2,1,2,1,2,1,1,1,2,2,2,1,1,1,2,1,1,1,1,1,2,1,1,1,2,1,2,1,2,1,2,2,2,1,2,1,2,1,2,2,2,1,1,2,2,1,2,1,2,1,1,1,2,2,2,1,1,1,2,1,2,1,1,1,1,1,2,1,2,1,2,2,2,1,1,2,2,1,2,1,1,1,2,1,2,1,2,2,2,1,1,1,2,1,2,1,2,1,2,1,2,1,2,1,2,1,2,1,2,1,1,2,2,1,1
1,1,2,1,2,1,1,1,2,1,2,1,2,1,2,1,1,1,2,2,2,1,1,1,2,1,1,1,1,1,2,1,1,1,2,1,2,1,2,1,2,2,2,1,2,1,2,1,2,2,2,1,1,2,2,1,2,1,2,1,1,1,2,2,2,1,1,1,2,1,2,1,1,1,1,1,2,1,2,1,2,2,2,1,1,2,2,1,2,1,1,1,2,1,2,1,2,2,2,1,1,1,2,1,2,1,2,1,2,1,2,1,2,1,2,1,2,1,2,1,1,2,2,1,1
1,1,2,1,2,1,1,1,2,1,2,1,2,1,2,1,1,1,2,2,2,1,1,1,2,1,1,1,1,1,2,1,1,1,2,1,2,1,2,1,2,-9,-9,1,2,1,2,1,2,2,2,1,1,2,2,1,2,1,2,1,1,1,2,2,2,1,1,-9,-9,1,2,1,1,1,1,1,2,1,2,-9,-9,2,2,1,1,2,2,1,2,1,1,1,2,1,2,1,2,2,2,1,1,1,2,1,2,1,2,1,2,1,2,1,2,1,2,1,2,-9,-9,1,1,2,2,1,1
1,1,2,1,2,1,1,1,2,1,2,1,2,1,2,1,1,1,2,2,2,1,1,1,2,1,1,1,1,1,2,1,1,1,2,1,2,1,2,1,2,2,2,1,2,1,2,1,2,2,2,1,1,2,2,1,2,1,2,1,1,1,2,2,2,1,1,1,2,1,2,1,1,1,1,1,2,1,2,1,2,2,2,1,1,2,2,1,2,1,1,1,2,1,2,1,2,2,2,1,1,1,2,1,2,1,2,1,2,1,2,1,2,1,2,1,2,1,2,1,1,2,2,1,1
1,1,2,1,2,1,1,1,2,1,2,1,2,1,2,1,1,1,2,2,2,1,1,1,2,1,1,1,1,1,2,1,1,1,2,1,2,1,2,1,2,2,2,1,2,1,2,1,2,2,2,1,1,2,2,1,2,1,2,1,1,1,2,2,2,1,1,1,2,1,2,1,1,1,1,1,2,1,2,1,2,2,2,1,1,2,2,1,2,1,1,1,2,1,2,1,2,2,2,1,1,1,2,1,2,1,2,1,2,1,2,1,2,1,2,1,2,-9,-9,1,1,2,2,1,1
1,1,2,1,2,1,1,1,2,1,2,1,2,1,2,1,1,1,2,2,2,1,1,1,2,1,1,1,1,1,2,1,1,1,2,1,2,1,2,1,2,2,2,1,2,1,2,1,2,2,2,1,1,2,2,1,2,1,2,1,1,1,2,2,2,1,1,1,2,1,2,1,1,1,1,1,2,1,2,1,2,2,2,1,1,2,2,1,2,1,1,1,2,1,2,1,2,2,2,1,1,1,2,1,2,1,2,1,2,1,2,1,2,1,2,1,2,1,2,1,1,2,2,1,1
1,1,2,1,2,1,1,1,2,1,2,1,2,1,2,1,1,1,2,2,2,1,1,1,2,1,1,1,1,1,2,1,1,1,2,1,2,1,2,1,2,2,2,1,2,1,2,1,2,2,2,1,1,2,2,1,2,1,2,1,1,1,2,2,2,1,1,1,2,1,2,1,1,1,1,1,2,1,2,1,2,2,2,1,1,2,2,1,2,1,1,1,2,1,2,1,2,2,2,1,1,1,2,1,2,1,2,1,2,1,2,1,2,1,2,1,2,1,2,1,1,2,2,1,1
1,1,2,1,2,1,1,1,2,1,2,1,2,1,2,1,1,1,2,2,2,1,1,1,2,1,1,1,1,1,2,1,1,1,2,1,2,1,2,1,2,2,2,1,2,1,2,1,2,2,2,1,1,2,2,1,2,1,2,1,1,1,2,2,2,1,1,1,2,1,2,1,1,1,1,1,2,1,2,1,2,2,2,1,1,2,2,1,2,1,1,1,2,1,2,1,2,2,2,1,1,1,2,1,2,1,2,1,2,1,2,1,2,1,2,1,2,1,2,1,1,2,2,1,1
1,1,2,1,2,1,1,1,2,1,2,1,2,1,2,1,1,1,2,2,2,1,1,1,2,1,1,1,1,1,2,1,1,1,2,1,2,1,2,1,2,2,2,1,2,1,2,1,2,2,2,1,1,2,2,1,2,1,2,1,1,1,2,2,2,1,1,1,2,1,2,1,1,1,1,1,2,1,2,1,2,2,2,1,1,2,2,1,2,1,1,1,2,1,2,1,2,2,2,1,1,1,2,1,2,1,2,1,2,1,2,1,2,1,2,1,2,1,2,1,1,2,2,1,1
1,1,2,1,2,1,1,1,2,1,2,1,2,1,2,1,1,1,2,2,2,1,1,1,2,1,1,1,1,1,2,1,1,1,2,1,2,1,2,1,2,2,2,1,2,1,2,1,2,2,2,1,1,2,2,1,2,1,2,1,1,1,2,2,2,1,1,1,2,1,2,1,1,1,1,1,2,1,2,1,2,2,2,1,1,2,2,1,2,1,1,1,2,1,2,1,2,2,2,1,1,1,2,1,2,1,2,1,2,1,2,1,2,1,2,1,2,1,2,1,1,2,2,1,1
1,1,2,1,2,1,1,1,2,1,2,1,2,1,2,1,1,1,2,2,2,1,1,1,2,1,1,1,1,1,2,1,1,1,2,1,2,1,2,1,2,2,2,1,2,1,2,1,2,2,2,1,1,2,2,1,2,1,2,1,1,1,2,2,2,1,1,1,2,1,2,1,1,1,1,1,2,1,2,1,2,2,2,1,1,2,2,1,2,1,1,1,2,1,2,1,2,2,2,1,1,1,2,1,2,1,2,1,2,1,2,1,2,1,2,1,2,1,2,1,1,2,2,1,1
1,1,2,1,2,1,1,1,2,1,2,1,2,1,2,1,1,1,2,2,2,1,1,1,2,1,1,1,1,1,2,1,1,1,2,1,2,1,2,1,2,2,2,1,2,1,2,1,2,2,2,1,1,2,2,1,2,1,2,1,1,1,2,2,2,1,1,1,2,1,2,1,1,1,1,1,2,1,2,1,2,2,2,1,1,2,2,1,2,1,1,1,2,1,2,1,2,2,2,1,1,1,2,1,2,1,2,1,2,1,2,1,2,1,2,1,2,1,2,1,1,2,2,1,1
1,1,2,1,2,1,1,1,2,1,2,1,2,1,2,1,1,1,2,2,2,1,1,1,2,1,1,1,1,1,2,1,1,1,2,1,2,1,2,1,2,2,2,1,2,1,2,1,2,2,2,1,1,2,2,1,2,1,2,1,1,1,2,2,2,1,1,1,2,1,2,1,1,1,1,1,2,1,2,1,2,2,2,1,1,2,2,1,2,1,1,1,2,1,2,1,2,2,2,1,1,1,2,1,2,1,2,1,2,1,2,1,2,1,2,1,2,1,2,1,1,2,2,1,1
1,1,2,1,2,1,1,1,2,1,2,1,2,1,2,1,1,1,2,2,2,1,1,1,2,1,1,1,1,1,2,1,1,1,2,1,2,1,2,1,2,2,2,1,2,1,2,1,2,2,2,1,1,2,2,1,2,1,2,1,1,1,2,2,2,1,1,1,2,1,2,1,1,1,1,1,2,1,2,1,2,2,2,1,1,2,2,1,2,1,1,1,2,1,2,1,2,2,2,1,1,1,2,1,2,1,2,1,2,1,2,1,2,1,2,1,2,1,2,1,1,2,2,1,1
1,1,2,1,2,1,1,1,2,1,2,1,2,1,2,1,1,1,2,2,2,1,1,1,2,1,1,1,1,1,2,1,1,1,2,1,2,1,2,1,2,-9,-9,1,2,1,2,1,2,2,2,1,1,2,2,1,2,1,2,1,1,1,2,2,2,1,1,-9,-9,1,2,1,1,1,1,1,2,1,2,1,2,2,2,1,1,2,2,1,2,1,1,1,2,1,2,1,2,2,2,1,1,1,2,1,2,1,2,1,2,-9,-9,1,2,1,2,1,2,-9,-9,1,1,2,2,1,1
1,1,2,1,2,1,1,1,2,1,2,1,2,1,2,1,1,1,2,2,2,1,1,1,2,1,1,1,1,1,2,1,1,1,2,1,2,1,2,1,2,2,2,1,2,1,2,1,2,2,2,1,1,2,2,1,2,1,2,1,1,1,2,2,2,1,1,1,2,1,2,1,1,1,1,1,2,1,2,1,2,2,2,1,1,2,2,1,2,1,1,1,2,1,2,1,2,2,2,1,1,1,2,1,2,1,2,1,2,1,2,1,2,1,2,1,2,1,2,1,1,2,2,1,1
1,1,2,1,2,1,1,1,2,1,2,1,2,1,2,1,1,1,2,2,2,1,1,1,2,1,1,1,1,1,2,1,1,1,2,1,2,1,2,1,2,2,2,1,2,1,2,1,2,2,2,1,1,2,2,1,2,1,2,1,1,1,2,2,2,1,1,1,2,1,2,1,1,1,1,1,2,1,2,1,2,2,2,1,1,2,2,1,2,1,1,1,2,1,2,1,2,2,2,1,1,1,2,1,2,1,2,1,2,1,2,1,2,1,2,1,2,1,2,1,1,2,2,1,1
1,1,2,1,2,1,1,1,2,1,2,1,2,1,2,1,1,1,2,2,2,1,1,1,2,1,1,1,1,1,2,1,1,1,2,1,2,1,2,1,2,2,2,1,2,1,2,1,2,2,2,1,1,2,2,1,2,1,2,1,1,1,2,2,2,1,1,1,2,1,2,1,1,1,1,1,2,1,2,1,2,2,2,1,1,2,2,1,2,1,1,1,2,1,2,1,2,2,2,1,1,1,2,1,2,1,2,1,2,1,2,1,2,1,2,1,2,1,2,1,1,2,2,1,1
1,1,2,1,2,1,1,1,2,1,2,1,2,1,2,1,1,1,2,2,2,1,1,1,2,1,1,1,1,1,2,1,1,1,2,1,2,1,2,1,2,2,2,1,2,1,2,1,2,2,2,1,1,2,2,1,2,1,2,1,1,1,2,2,2,1,1,1,2,1,2,1,1,1,1,1,2,1,2,1,2,2,2,1,1,2,2,1,2,1,1,1,2,1,2,1,2,2,2,1,1,1,2,1,2,1,2,1,2,1,2,1,2,1,2,1,2,1,2,1,1,2,2,1,1
2,2,2,2,2,1,2,1,1,1,1,1,1,1,1,1,1,1,1,2,2,1,1,2,2,1,1,1,1,1,1,1,1,1,1,2,2,1,1,1,2,-9,-9,1,1,2,2,1,1,1,1,-9,-9,2,2,1,1,2,2,1,1,1,2,1,1,1,1,1,1,1,1,2,2,1,1,2,2,1,1,-9,-9,2,2,-9,-9,2,2,1,1,1,1,1,1,1,1,2,2,-9,-9,1,1,1,1,2,2,2,2,1,1,1,1,1,2,1,2,2,2,-9,-9,1,1,1,1,2,2
2,2,2,2,2,1,1,1,1,1,1,1,1,1,1,1,1,1,2,2,2,1,1,2,2,1,1,1,1,1,1,1,1,1,1,2,2,1,1,2,2,2,2,1,1,2,2,1,2,2,2,2,2,1,2,1,1,1,2,1,1,1,1,1,1,1,1,1,1,-9,-9,1,2,1,1,2,2,1,1,1,2,2,2,-9,-9,2,2,1,1,1,1,1,1,1,1,2,2,-9,-9,1,1,1,1,2,2,2,2,1,1,1,1,2,2,1,2,2,2,1,1,1,2,1,2,2,2
2,2,2,-9,-9,1,1,1,2,2,2,2,2,1,1,1,1,2,2,2,2,2,2,2,2,1,1,1,1,1,1,1,1,2,2,2,2,-9,-9,1,1,-9,-9,1,1,-9,-9,1,1,1,2,1,1,2,2,2,2,1,1,1,2,1,1,1,2,1,1,1,1,1,1,1,2,1,1,2,2,1,2,1,1,1,2,1,1,2,2,1,2,1,1,1,1,-9,-9,2,2,2,2,-9,-9,1,1,2,2,1,2,1,1,2,2,1,1,2,2,2,2,-9,-9,2,2,1,2,1,1
2,2,2,1,2,-9,-9,1,1,1,1,1,1,1,1,1,2,1,2,2,2,1,1,2,2,1,1,1,1,1,1,1,1,1,1,2,2,2,2,1,2,1,1,2,2,1,2,1,2,1,1,2,2,2,2,1,1,1,2,1,2,2,2,1,1,1,1,1,1,1,2,1,1,2,2,2,2,1,2,2,2,1,2,1,2,2,2,1,1,1,1,1,1,2,2,2,2,2,2,1,1,2,2,2,2,1,1,1,2,1,2,1,1,1,2,2,2,1,1,1,2,1,1,2,2
2,1,2,1,2,1,1,1,2,1,2,1,2,1,2,-9,-9,1,2,2,2,1,1,-9,-9,1,1,1,1,-9,-9,-9,-9,1,2,-9,-9,1,2,1,2,1,1,2,2,1,2,1,2,1,2,-9,-9,-9,-9,1,1,1,2,1,2,1,2,-9,-9,1,1,1,1,-9,-9,1,1,-9,-9,1,2,1,2,1,2,-9,-9,1,2,2,2,1,2,1,1,1,1,1,2,-9,-9,2,2,1,1,-9,-9,2,2,1,1,1,2,1,2,1,1,1,2,-9,-9,1,2,1,2,1,1,2,2
2,1,2,1,2,1,1,1,2,1,2,1,2,1,2,1,2,1,2,2,2,1,1,1,2,1,1,1,1,1,2,1,1,1,2,1,2,1,2,1,2,1,2,2,2,1,2,1,2,1,2,1,2,1,2,1,1,1,2,1,2,1,2,1,2,1,1,1,1,1,2,1,1,1,2,1,2,1,2,1,2,1,2,1,2,2,2,1,2,1,1,1,1,1,2,1,2,2,2,1,1,1,2,2,2,1,1,1,2,1,2,1,1,1,2,1,2,1,2,1,2,1,1,2,2
2,1,2,1,2,1,1,1,2,1,2,1,2,1,2,1,2,1,2,2,2,1,1,1,2,1,1,1,1,1,2,1,1,1,2,1,2,1,2,1,2,1,2,2,2,1,2,1,2,1,2,1,2,1,2,1,1,1,2,1,2,1,2,1,2,1,1,1,1,1,2,1,1,1,2,1,2,1,2,1,2,1,2,1,2,2,2,1,2,1,1,1,1,1,2,1,2,2,2,1,1,1,2,2,2,1,1,1,2,1,2,1,1,1,2,1,2,1,2,1,2,1,1,2,2
2,1,2,1,2,1,1,2,2,2,2,2,2,1,2,1,1,1,2,2,2,1,1,2,2,1,1,1,1,1,1,1,1,2,2,1,2,1,2,1,2,2,2,1,2,1,2,1,1,2,2,1,1,2,2,2,2,1,2,1,1,1,2,2,2,-9,-9,1,1,1,2,1,1,1,1,1,2,2,2,1,2,2,2,1,1,2,2,1,2,1,1,1,1,2,2,1,2,2,2,-9,-9,1,1,-9,-9,1,2,1,2,1,2,2,2,1,1,1,2,1,2,1,1,2,2,-9,-9
2,1,1,1,1,1,1,1,1,-9,-9,2,2,-9,-9,1,1,1,2,2,2,1,1,1,2,1,1,1,1,1,2,1,1,1,2,1,1,1,2,1,1,2,2,1,2,2,2,1,2,2,2,1,1,2,2,1,2,1,2,1,1,1,2,2,2,1,1,1,2,1,2,1,1,1,1,1,1,1,2,1,1,2,2,1,1,2,2,1,1,-9,-9,1,1,1,1,1,1,2,2,1,1,1,2,2,2,2,2,2,2,1,2,1,1,1,2,1,1,2,2,1,1,2,2,1,1
2,1,2,1,2,1,1,1,2,1,2,1,2,1,2,1,1,1,2,2,2,1,1,1,2,1,1,1,1,1,2,1,1,1,2,1,2,1,2,1,2,2,2,1,2,1,2,1,2,2,2,1,1,2,2,1,2,1,2,1,1,1,2,2,2,1,1,1,2,1,2,1,1,1,1,1,2,1,2,1,2,2,2,1,1,2,2,1,2,1,1,1,2,1,2,1,2,2,2,1,1,1,2,1,2,1,2,1,2,1,2,1,2,1,2,1,2,1,2,1,1,2,2,1,1
2,1,2,1,2,1,1,1,2,1,2,1,2,1,2,1,1,1,2,2,2,1,1,1,2,1,1,1,1,1,2,1,1,-9,-9,1,2,1,2,1,2,2,2,1,2,1,2,1,2,2,2,1,1,2,2,1,2,1,2,1,1,1,2,2,2,1,1,-9,-9,1,2,1,1,1,1,1,2,1,2,1,2,2,2,1,1,2,2,1,2,1,1,1,2,1,2,1,2,2,2,1,1,1,2,1,2,1,2,1,2,1,2,1,2,1,2,1,2,1,2,1,1,2,2,1,1
2,1,2,2,2,1,1,1,2,2,2,1,2,2,2,1,1,1,2,2,2,1,1,2,2,-9,-9,1,1,1,2,1,1,2,2,1,1,1,2,1,2,2,2,1,2,1,2,1,2,2,2,1,1,2,2,2,2,1,2,1,1,2,2,2,2,-9,-9,2,2,1,1,1,1,1,1,1,2,2,2,1,2,2,2,1,1,2,2,1,2,1,1,1,2,1,2,1,2,-9,-9,-9,-9,2,2,1,2,1,2,1,1,1,2,2,2,1,2,1,2,1,2,1,1,2,2,-9,-9
2,1,2,1,2,1,1,1,2,1,2,1,2,1,2,1,1,1,2,2,2,1,1,1,2,1,1,1,1,1,2,1,1,1,2,1,2,1,2,1,2,2,2,1,2,1,2,1,2,2,2,1,1,2,2,1,2,1,2,1,1,1,2,2,2,1,1,1,2,1,2,1,1,1,1,1,2,1,2,1,2,2,2,1,1,2,2,1,2,1,1,1,2,1,2,1,2,2,2,1,1,1,2,1,2,1,2,1,2,1,2,1,2,1,2,1,2,1,2,1,1,2,2,1,1
2,1,2,1,2,1,1,1,2,1,2,1,2,1,2,1,1,1,2,2,2,1,1,1,2,1,1,1,1,1,2,1,1,1,2,1,2,1,2,1,2,2,2,1,2,1,2,1,2,2,2,1,1,2,2,1,2,1,2,1,1,1,2,2,2,1,1,1,2,1,2,1,1,1,1,1,2,1,2,1,2,2,2,1,1,2,2,1,2,1,1,1,2,1,2,1,2,2,2,1,1,1,2,1,2,1,2,1,2,1,2,1,2,1,2,1,2,1,2,1,1,2,2,1,1
2,1,2,1,2,1,1,1,2,1,2,1,2,1,2,1,1,1,2,2,2,1,1,1,2,1,1,1,1,1,2,1,1,1,2,1,2,1,2,1,2,2,2,1,2,1,2,1,2,2,2,1,1,2,2,1,2,1,2,1,1,1,2,2,2,1,1,1,2,1,2,1,1,1,1,1,2,1,2,1,2,2,2,1,1,2,2,1,2,1,1,1,2,1,2,1,2,2,2,1,1,1,2,1,2,1,2,1,2,1,2,1,2,1,2,1,2,1,2,1,1,2,2,1,1
2,1,2,1,2,1,1,1,2,1,2,1,2,1,2,1,1,1,2,2,2,1,1,1,2,1,1,1,1,1,2,1,1,1,2,1,2,1,2,1,2,2,2,1,2,1,2,1,2,2,2,1,1,2,2,1,2,1,2,1,1,1,2,2,2,1,1,1,2,1,2,1,1,1,1,1,2,1,2,1,2,2,2,1,1,2,2,1,2,1,1,1,2,1,2,1,2,2,2,1,1,1,2,1,2,1,2,1,2,1,2,1,2,1,2,1,2,1,2,1,1,2,2,1,1
2,1,2,1,2,1,1,1,2,1,2,1,2,1,2,1,1,1,2,2,2,1,1,1,2,1,1,1,1,1,2,1,1,1,2,1,2,1,2,1,2,2,2,1,2,1,2,1,2,2,2,1,1,2,2,1,2,1,2,1,1,1,2,2,2,1,1,1,2,1,2,1,1,1,1,1,2,1,2,1,2,2,2,1,1,2,2,1,2,1,1,1,2,1,2,1,2,2,2,1,1,1,2,1,2,1,2,1,2,1,2,1,2,1,2,1,2,1,2,1,1,2,2,1,1
2,1,2,1,2,1,1,1,2,1,2,1,2,1,2,1,1,1,2,2,2,1,1,1,2,1,1,1,1,1,2,1,1,1,2,1,2,1,2,1,2,2,2,1,2,1,2,1,2,2,2,1,1,2,2,1,2,1,2,1,1,1,2,2,2,1,1,1,2,1,2,1,1,1,1,1,2,1,2,1,2,2,2,1,1,2,2,1,2,1,1,1,2,1,2,1,2,2,2,1,1,1,2,1,2,1,2,1,2,1,2,1,2,1,2,1,2,1,2,1,1,2,2,1,1
3,1,2,1,2,1,1,1,1,1,1,1,1,-9,-9,1,1,1,1,2,2,1,2,1,1,1,1,1,1,1,2,1,1,1,2,1,2,1,1,1,2,1,1,2,2,2,2,1,1,1,2,1,1,2,2,1,1,2,2,1,2,1,2,1,2,1,1,1,2,1,1,1,2,1,1,2,2,1,1,1,2,1,2,-9,-9,2,2,1,2,2,2,1,1,1,1,1,2,-9,-9,1,2,1,1,1,1,2,2,1,1,1,1,1,2,1,1,2,2,1,2,1,2,2,2,1,1
3,1,2,1,1,-9,-9,1,1,1,2,1,1,-9,-9,1,1,1,1,2,2,1,1,1,2,1,1,1,1,1,1,1,1,2,2,2,2,1,2,1,2,1,2,2,2,1,2,1,2,1,2,1,1,1,2,1,1,2,2,1,2,1,2,2,2,1,1,1,1,1,1,1,1,1,2,2,2,1,2,-9,-9,1,2,1,2,2,2,1,2,1,1,-9,-9,1,2,1,2,2,2,1,1,1,2,2,2,1,1,1,2,1,2,1,1,1,1,2,2,1,1,1,2,1,1,2,2
3,1,2,1,2,1,1,2,2,1,2,1,2,1,1,2,2,2,2,2,2,1,1,1,2,1,1,1,1,1,2,1,1,2,2,1,1,1,2,1,1,2,2,2,2,1,1,1,2,1,2,1,2,1,2,1,1,1,1,1,2,1,2,1,2,1,1,1,1,1,1,1,1,1,2,1,1,1,2,-9,-9,1,2,1,2,2,2,1,2,1,1,1,1,2,2,1,2,2,2,1,1,1,1,2,2,1,1,2,2,1,2,1,1,1,1,1,1,2,2,2,2,1,1,2,2
3,1,2,1,2,1,1,1,2,1,2,1,2,1,2,1,2,1,2,2,2,1,1,1,2,1,1,1,1,1,2,1,1,1,2,1,2,1,2,1,2,1,2,2,2,1,2,1,2,1,2,1,2,1,2,1,1,1,2,1,2,1,2,1,2,1,1,1,1,1,2,1,1,1,2,1,2,1,2,1,2,1,2,1,2,2,2,1,2,1,1,1,1,1,2,1,2,2,2,1,1,1,2,-9,-9,1,1,1,2,1,2,1,1,1,2,1,2,1,2,1,2,1,1,2,2
3,1,2,1,2,1,1,1,2,1,2,1,2,1,2,1,2,1,2,2,2,1,1,1,2,1,1,1,1,1,2,1,1,1,2,1,2,1,2,1,2,-9,-9,2,2,1,2,1,2,1,2,1,2,1,2,1,1,1,2,1,2,1,2,1,2,1,1,1,1,1,2,1,1,1,2,1,2,1,2,1,2,1,2,1,2,2,2,1,2,1,1,1,1,1,2,1,2,2,2,1,1,1,2,2,2,1,1,1,2,1,2,1,1,1,2,1,2,1,2,1,2,1,1,2,2
3,1,2,1,2,1,1,2,2,1,2,2,2,1,2,1,2,1,2,2,2,1,1,1,2,-9,-9,1,1,2,2,1,1,1,2,1,1,1,2,1,2,1,2,2,2,1,2,2,2,2,2,1,2,1,2,1,1,1,2,2,2,1,2,1,2,1,1,1,1,2,2,1,1,1,2,1,2,1,1,1,2,1,1,1,2,2,2,2,2,1,1,1,1,1,2,1,2,2,2,1,1,1,2,2,2,1,1,2,2,1,1,1,1,1,2,1,2,1,2,1,2,-9,-9,2,2
3,1,2,1,2,1,1,1,2,1,2,1,2,1,2,1,1,1,2,2,2,1,1,1,2,1,1,1,1,1,2,1,1,1,2,1,2,1,2,1,2,2,2,1,2,1,2,1,2,2,2,1,1,2,2,1,2,1,2,1,1,1,2,2,2,1,1,1,2,1,2,1,1,1,1,1,2,1,2,1,2,2,2,1,1,2,2,1,2,1,1,1,2,1,2,1,2,2,2,1,1,1,2,1,2,1,2,1,2,1,2,1,2,1,2,1,2,1,2,1,1,2,2,1,1
3,2,2,2,2,-9,-9,1,1,1,1,1,1,1,1,1,1,1,2,2,2,1,1,2,2,1,1,1,1,1,1,1,1,1,1,2,2,1,1,2,2,-9,-9,2,2,2,2,2,2,-9,-9,2,2,1,2,1,1,1,2,1,1,2,2,1,1,1,1,1,1,1,1,1,1,-9,-9,2,2,1,1,2,2,2,2,-9,-9,2,2,1,1,1,1,1,1,1,1,-9,-9,-9,-9,1,1,1,1,2,2,2,2,1,1,1,1,1,1,1,1,2,2,1,1,1,1,1,1,2,2
3,2,2,2,2,1,1,1,1,1,1,1,1,1,1,1,1,1,1,2,2,1,1,2,2,1,1,1,1,1,1,1,1,1,1,2,2,1,1,2,2,-9,-9,1,2,2,2,1,1,2,2,2,2,1,2,1,1,2,2,1,1,1,1,1,1,1,1,1,1,1,1,1,1,2,2,2,2,1,1,2,2,2,2,-9,-9,2,2,1,1,1,1,-9,-9,1,1,2,2,-9,-9,1,1,1,1,2,2,1,2,1,1,1,1,-9,-9,1,1,2,2,1,1,1,2,1,2,2,2
3,1,2,2,2,1,1,2,2,-9,-9,2,2,2,2,1,1,1,2,2,2,1,2,-9,-9,1,1,1,1,1,1,1,1,-9,-9,2,2,1,1,-9,-9,1,1,-9,-9,1,1,1,2,2,2,1,1,1,2,1,2,-9,-9,1,2,1,1,1,1,1,1,1,2,1,1,2,2,1,1,2,2,1,1,1,1,1,2,1,1,2,2,2,2,-9,-9,1,1,1,2,1,2,-9,-9,-9,-9,1,2,1,2,1,1,1,2,1,2,-9,-9,1,1,2,2,1,1,-9,-9,2,2,1,1
3,2,2,1,1,1,1,1,2,1,2,2,2,1,1,1,2,2,2,2,2,1,2,1,1,1,1,1,1,1,2,1,1,2,2,1,2,1,1,1,2,1,1,1,2,2,2,1,2,2,2,1,1,2,2,1,2,1,1,2,2,1,1,1,2,1,1,1,2,1,1,1,2,1,1,2,2,2,2,1,2,-9,-9,-9,-9,2,2,2,2,-9,-9,-9,-9,-9,-9,2,2,2,2,1,2,2,2,2,2,1,2,1,1,1,1,1,2,1,2,2,2,1,2,1,2,1,1,1,1
3,1,2,1,2,1,1,1,2,1,2,1,2,1,2,1,2,1,2,2,2,1,1,1,2,1,1,1,1,1,2,1,1,1,2,1,2,1,2,1,2,1,2,2,2,1,2,1,2,1,2,1,2,1,2,1,1,1,2,1,2,1,2,1,2,1,1,1,1,1,2,1,1,1,2,1,2,1,2,1,2,1,2,1,2,2,2,1,2,1,1,1,1,1,2,1,2,2,2,1,1,1,2,2,2,1,1,1,2,1,2,1,1,1,2,1,2,1,2,1,2,1,1,2,2
3,2,2,1,2,1,1,-9,-9,1,2,-9,-9,1,1,1,1,1,2,2,2,1,1,2,2,1,1,1,1,1,1,1,1,1,1,1,2,1,1,2,2,1,2,2,2,2,2,1,1,2,2,1,2,1,2,1,1,-9,-9,1,2,1,1,2,2,1,1,1,1,1,1,1,1,1,1,2,2,1,1,-9,-9,1,2,-9,-9,2,2,1,2,2,2,-9,-9,1,1,2,2,2,2,1,1,1,1,-9,-9,1,2,1,2,2,2,2,2,1,1,2,2,1,1,1,1,1,2,-9,-9
3,1,1,1,2,1,1,1,1,1,2,1,1,1,1,1,1,1,2,2,2,1,1,1,2,-9,-9,1,1,2,2,1,1,1,2,1,1,1,2,1,1,-9,-9,2,2,2,2,2,2,1,1,1,2,1,2,1,1,1,2,2,2,1,1,1,1,1,1,1,1,1,1,1,1,1,1,1,1,1,1,1,1,1,1,1,2,2,2,1,2,1,1,1,1,1,2,1,2,2,2,-9,-9,1,2,2,2,1,1,1,2,1,1,1,1,1,2,1,1,2,2,-9,-9,1,1,2,2
3,1,2,1,2,1,1,1,2,1,2,1,2,1,2,1,1,1,2,2,2,1,1,1,2,1,1,1,1,1,2,1,1,1,2,-9,-9,1,2,1,2,2,2,1,2,1,2,1,2,2,2,1,1,2,2,1,2,1,2,1,1,1,2,2,2,1,1,1,2,1,2,1,1,1,1,1,2,1,2,1,2,2,2,1,1,2,2,1,2,1,1,1,2,1,2,1,2,2,2,1,1,1,2,1,2,1,2,1,2,1,2,1,2,1,2,1,2,1,2,1,1,2,2,1,1
3,2,2,2,2,-9,-9,1,1,1,1,1,1,1,1,1,1,1,1,2,2,1,1,2,2,1,1,1,1,1,1,1,1,1,1,2,2,1,1,2,2,1,2,1,2,2,2,1,2,2,2,2,2,2,2,1,1,2,2,1,1,1,1,1,1,1,1,1,1,1,1,1,1,-9,-9,2,2,1,1,1,2,1,2,-9,-9,2,2,1,1,1,1,1,1,1,1,-9,-9,-9,-9,1,1,1,1,2,2,1,1,1,1,1,1,2,2,1,1,1,2,1,1,1,2,1,1,2,2
3,2,2,2,2,1,1,1,1,1,1,1,1,1,1,1,1,1,1,2,2,1,1,2,2,1,1,1,1,1,1,1,1,1,1,2,2,1,1,2,2,1,2,2,2,2,2,1,1,1,1,2,2,1,2,1,1,2,2,1,1,1,1,1,1,1,1,1,1,1,1,1,2,1,2,2,2,1,1,2,2,2,2,-9,-9,2,2,1,1,1,1,1,1,1,1,2,2,-9,-9,1,2,1,1,2,2,2,2,1,1,1,1,2,2,1,2,2,2,1,1,1,2,1,1,2,2
3,2,2,1,2,1,1,1,2,1,2,1,1,1,1,1,1,2,2,2,2,2,2,2,2,1,1,1,1,1,1,1,1,1,2,-9,-9,1,1,1,1,1,1,2,2,2,2,2,2,2,2,1,2,2,2,1,2,1,1,1,1,1,1,1,1,-9,-9,1,1,1,1,1,1,1,1,2,2,2,2,2,2,1,2,-9,-9,2,2,1,1,2,2,1,1,1,1,2,2,-9,-9,1,1,1,1,1,2,2,2,1,1,1,1,1,1,1,2,2,2,2,2,1,2,1,2,-9,-9
4,2,2,2,2,1,1,1,1,1,1,1,1,1,1,1,1,1,2,2,2,1,1,2,2,1,1,1,1,1,1,1,1,1,1,2,2,1,1,2,2,1,2,1,2,2,2,1,1,1,1,2,2,1,2,1,1,2,2,1,1,1,2,1,1,1,1,1,1,1,1,1,2,1,2,2,2,1,1,2,2,2,2,-9,-9,2,2,1,1,1,2,1,1,1,1,2,2,-9,-9,1,1,1,1,2,2,2,2,1,1,1,1,1,2,1,2,2,2,1,1,1,2,1,2,-9,-9
4,1,2,1,2,1,1,1,2,-9,-9,1,2,-9,-9,1,1,1,2,2,2,1,1,1,2,1,1,1,1,-9,-9,1,1,1,2,1,2,1,2,1,2,-9,-9,-9,-9,1,2,1,2,2,2,1,1,2,2,-9,-9,1,2,1,1,1,2,2,2,1,1,-9,-9,1,2,1,1,1,1,1,2,1,2,-9,-9,2,2,1,1,2,2,1,2,1,1,1,2,1,2,1,2,2,2,1,1,1,2,1,2,1,2,1,2,1,2,1,2,1,2,1,2,-9,-9,1,1,2,2,1,1
4,1,1,2,2,-9,-9,1,2,1,2,1,2,1,1,1,1,1,2,2,2,1,1,1,2,1,1,1,1,1,1,1,2,1,1,-9,-9,1,1,2,2,2,2,1,2,2,2,2,2,1,1,2,2,1,2,1,1,2,2,1,1,1,1,1,1,-9,-9,-9,-9,2,2,1,1,-9,-9,2,2,1,2,1,2,1,2,1,2,2,2,2,2,1,2,1,2,1,1,2,2,2,2,1,2,2,2,-9,-9,1,1,2,2,1,1,1,1,1,2,2,2,1,1,1,2,1,1,1,2
4,2,2,2,2,1,1,1,1,1,1,1,1,1,1,1,1,1,1,2,2,1,1,2,2,1,1,1,1,1,1,1,1,1,1,2,2,1,1,2,2,2,2,1,2,2,2,1,1,1,1,2,2,1,2,1,1,2,2,1,1,1,1,1,1,1,1,1,1,2,2,1,2,1,1,2,2,1,1,2,2,2,2,-9,-9,2,2,1,1,1,1,1,1,1,1,2,2,-9,-9,1,1,1,1,2,2,1,2,1,1,1,1,1,1,1,2,2,2,1,1,1,2,1,2,-9,-9
4,2,2,2,2,-9,-9,1,1,1,1,1,1,1,1,1,1,1,1,2,2,1,1,2,2,1,1,1,1,1,1,1,1,1,1,2,2,1,1,2,2,1,2,1,2,-9,-9,1,1,1,2,2,2,1,1,1,1,2,2,1,1,2,2,1,1,1,1,1,1,-9,-9,1,2,1,2,2,2,1,1,2,2,2,2,-9,-9,2,2,1,1,1,1,1,1,1,1,2,2,-9,-9,1,1,1,1,2,2,1,2,1,1,1,1,1,2,1,2,2,2,1,1,1,2,1,1,-9,-9
4,2,2,1,2,1,1,1,2,2,2,1,1,1,1,1,1,2,2,2,2,2,2,2,2,1,1,1,1,1,1,1,1,2,2,-9,-9,1,1,1,1,1,1,1,2,2,2,2,2,2,2,1,2,1,1,-9,-9,1,1,1,1,1,1,1,1,1,1,1,1,1,1,2,2,1,1,2,2,2,2,1,1,1,1,-9,-9,2,2,1,1,2,2,1,1,1,1,2,2,-9,-9,1,1,1,1,1,2,2,2,1,1,1,1,1,1,1,2,2,2,2,2,1,1,1,2,-9,-9
4,2,2,1,1,1,1,1,1,1,2,1,2,-9,-9,1,1,1,1,2,2,1,2,1,2,1,1,1,1,1,2,1,1,1,1,2,2,1,1,1,2,1,2,2,2,2,2,1,2,-9,-9,1,1,2,2,1,1,2,2,1,2,1,2,2,2,1,1,2,2,1,2,1,1,1,1,2,2,1,1,1,2,1,2,1,1,2,2,2,2,1,1,-9,-9,1,1,2,2,2,2,1,2,2,2,1,1,2,2,1,1,2,2,1,1,2,2,2,2,1,2,2,2,2,2,1,1
4,2,2,2,2,1,1,2,2,1,1,2,2,1,2,2,2,2,2,2,2,2,2,2,2,1,1,1,1,1,1,1,1,1,1,1,2,1,1,1,1,2,2,2,2,2,2,1,1,2,2,2,2,1,1,1,1,1,1,2,2,1,1,1,1,-9,-9,2,2,2,2,1,1,1,1,2,2,2,2,1,1,1,1,-9,-9,2,2,1,1,-9,-9,-9,-9,1,1,2,2,-9,-9,2,2,2,2,2,2,2,2,1,1,2,2,1,1,2,2,2,2,2,2,1,1,1,1,-9,-9
4,2,2,1,1,1,1,1,2,1,2,2,2,2,2,2,2,1,2,2,2,1,1,1,2,1,1,1,1,1,1,1,1,1,2,2,2,1,1,2,2,1,2,2,2,1,2,2,2,1,2,1,2,1,1,1,1,1,2,2,2,1,2,1,2,1,1,1,1,2,2,1,1,1,2,2,2,1,2,-9,-9,1,1,-9,-9,2,2,1,2,1,1,1,1,2,2,2,2,-9,-9,1,1,1,1,2,2,1,1,1,2,1,2,1,1,1,1,2,2,1,1,1,2,1,1,2,2
4,1,2,1,2,1,1,1,1,2,2,1,2,1,2,2,2,1,2,2,2,1,1,1,1,1,1,1,1,1,2,1,1,2,2,1,2,2,2,2,2,2,2,2,2,2,2,1,2,1,2,1,2,2,2,1,1,2,2,1,1,1,1,1,2,1,1,1,1,1,2,1,1,1,2,1,2,1,2,1,2,2,2,-9,-9,2,2,1,2,1,1,1,1,2,2,1,1,2,2,-9,-9,1,2,2,2,1,1,1,2,2,2,1,1,1,2,1,2,1,2,1,2,1,1,-9,-9
4,1,2,1,2,1,1,1,2,1,2,1,2,1,2,1,2,1,2,2,2,1,1,1,2,1,1,1,1,1,2,1,1,1,2,1,2,1,2,1,2,1,2,2,2,1,2,1,2,1,2,1,2,1,2,1,1,1,2,1,2,1,2,1,2,1,1,1,1,1,2,1,1,1,2,1,2,1,2,1,2,1,2,1,2,2,2,1,2,1,1,1,1,1,2,1,2,2,2,1,1,1,2,2,2,1,1,1,2,1,2,1,1,1,2,1,2,1,2,1,2,1,1,2,2
4,2,2,2,2,1,1,1,1,1,1,1,1,1,1,1,1,1,1,2,2,1,1,2,2,1,1,1,1,1,1,1,1,1,1,2,2,1,1,2,2,1,2,2,2,2,2,1,1,1,1,2,2,1,2,1,1,2,2,1,1,1,1,1,1,1,1,1,1,1,1,1,2,1,2,2,2,1,1,2,2,2,2,-9,-9,2,2,1,1,1,1,1,1,1,1,2,2,-9,-9,1,2,1,1,2,2,2,2,1,1,1,1,2,2,1,2,2,2,1,1,1,2,1,1,2,2
4,2,2,2,2,1,1,1,2,1,2,1,2,1,1,1,1,2,2,2,2,2,2,1,1,1,1,1,1,1,1,1,1,1,2,-9,-9,1,1,1,1,1,1,2,2,2,2,2,2,2,2,1,1,1,2,-9,-9,-9,-9,1,1,1,1,1,1,1,1,1,2,1,2,2,2,1,1,2,2,2,2,1,2,1,1,1,1,2,2,1,2,2,2,-9,-9,1,1,2,2,-9,-9,1,2,1,2,-9,-9,2,2,1,1,1,2,1,1,2,2,2,2,2,2,1,2,1,2,1,1
4,2,2,1,2,1,1,1,1,1,1,1,1,1,1,1,1,1,1,2,2,2,2,2,2,1,1,1,1,1,1,1,1,1,1,2,2,1,1,1,1,2,2,1,2,2,2,1,1,2,2,1,2,1,1,1,1,2,2,1,2,1,1,1,1,1,1,1,1,1,1,1,2,1,1,2,2,1,1,-9,-9,1,2,-9,-9,2,2,1,2,2,2,-9,-9,1,1,2,2,-9,-9,1,2,1,1,2,2,2,2,1,1,1,1,1,1,1,1,2,2,-9,-9,1,1,1,1,-9,-9
4,2,2,1,1,1,1,2,2,1,2,1,2,1,2,1,1,2,2,2,2,2,2,2,2,1,1,1,1,1,1,1,1,1,2,1,1,1,1,2,2,1,2,1,1,2,2,1,1,2,2,1,2,1,2,1,1,1,1,1,1,1,2,1,2,1,1,1,1,-9,-9,1,2,1,1,1,2,1,2,-9,-9,1,2,1,1,2,2,2,2,-9,-9,-9,-9,1,2,2,2,-9,-9,1,2,1,2,1,2,1,1,1,2,1,1,1,1,2,2,1,2,2,2,2,2,1,2,-9,-9
4,2,2,1,2,-9,-9,1,2,2,2,1,1,1,2,2,2,1,1,2,2,1,1,2,2,1,1,1,1,2,2,1,1,2,2,1,2,1,2,1,1,2,2,2,2,1,2,2,2,1,2,1,1,1,2,1,1,2,2,1,2,2,2,2,2,1,1,1,1,1,1,1,1,1,2,1,2,1,2,1,2,1,2,1,2,2,2,1,2,1,1,1,1,1,2,2,2,2,2,1,1,1,1,2,2,1,1,1,2,1,2,1,1,1,2,1,2,1,2,1,2,1,1,2,2
4,2,2,1,1,1,1,1,2,1,2,1,2,1,2,-9,-9,2,2,2,2,1,1,1,2,1,1,1,1,1,2,1,1,1,2,1,2,2,2,1,2,2,2,2,2,1,2,1,2,1,2,2,2,2,2,1,1,1,2,1,2,1,2,1,1,1,1,1,1,-9,-9,1,1,-9,-9,1,2,1,1,1,2,1,2,1,2,2,2,1,2,1,1,1,1,1,1,2,2,2,2,1,1,1,1,2,2,1,1,1,2,2,2,1,1,1,2,1,2,1,2,2,2,1,1,2,2
4,1,2,1,2,1,1,1,2,1,2,1,2,1,2,1,2,1,2,2,2,1,1,1,2,1,1,1,1,1,2,1,1,1,2,1,2,1,2,1,2,1,2,2,2,1,2,1,2,1,2,1,2,1,2,1,1,1,2,1,2,1,2,1,2,1,1,1,1,1,2,1,1,1,2,1,2,1,2,1,2,1,2,1,2,2,2,1,2,1,1,1,1,1,2,1,2,2,2,1,1,1,2,2,2,1,1,1,2,1,2,1,1,1,2,1,2,1,2,1,2,1,1,2,2
4,1,2,1,2,1,1,1,2,1,2,1,2,1,2,1,2,1,2,2,2,1,1,1,2,1,1,1,1,1,2,1,1,1,2,1,2,1,2,1,2,1,2,2,2,1,2,1,2,1,2,1,2,1,2,1,1,1,2,1,2,1,2,1,2,1,1,1,1,1,2,1,1,1,2,1,2,1,2,1,2,1,2,1,2,2,2,1,2,1,1,1,1,1,2,1,2,2,2,1,1,1,2,-9,-9,1,1,1,2,1,2,1,1,1,2,1,2,1,2,1,2,1,1,2,2
5,2,2,1,1,1,1,1,1,1,2,1,1,1,1,1,1,1,1,2,2,1,1,2,2,-9,-9,1,1,2,2,1,2,1,1,2,2,-9,-9,2,2,2,2,1,2,2,2,2,2,1,2,1,2,2,2,1,1,1,2,1,1,1,2,1,1,1,1,2,2,1,2,2,2,1,1,2,2,1,1,1,2,2,2,-9,-9,1,1,1,1,-9,-9,1,1,1,1,2,2,2,2,1,1,2,2,2,2,1,1,1,1,2,2,1,1,1,2,2,2,2,2,2,2,1,1,1,1
5,1,2,2,2,1,1,1,1,1,1,1,1,1,1,1,2,1,1,2,2,1,1,2,2,2,2,1,1,1,1,1,1,1,2,1,2,1,1,1,1,1,2,2,2,-9,-9,2,2,1,1,2,2,2,2,1,1,1,2,1,1,1,1,1,2,1,1,2,2,1,2,1,1,1,1,1,1,1,1,1,1,1,1,2,2,2,2,1,2,1,1,-9,-9,1,1,1,2,2,2,2,2,1,2,2,2,1,1,2,2,1,2,1,1,2,2,2,2,-9,-9,1,1,1,1,2,2
5,2,2,2,2,1,1,1,2,1,2,1,1,1,1,1,2,1,1,2,2,1,1,2,2,2,2,1,1,1,2,1,1,1,2,2,2,1,1,2,2,1,1,2,2,-9,-9,2,2,1,1,2,2,2,2,1,1,-9,-9,1,1,1,1,1,1,-9,-9,2,2,2,2,1,1,1,1,2,2,1,1,1,1,1,1,2,2,2,2,1,1,1,1,-9,-9,1,1,2,2,2,2,2,2,1,1,2,2,1,1,2,2,2,2,1,1,2,2,2,2,-9,-9,1,1,1,1,2,2
5,2,2,1,1,1,1,1,1,2,2,1,1,1,1,1,1,1,1,2,2,2,2,2,2,1,1,1,1,2,2,1,1,2,2,2,2,1,1,1,1,1,2,2,2,2,2,2,2,2,2,1,2,2,2,2,2,2,2,2,2,1,1,1,1,-9,-9,1,1,2,2,1,1,1,1,2,2,2,2,2,2,1,2,-9,-9,1,1,1,1,-9,-9,1,1,1,2,2,2,-9,-9,1,1,2,2,2,2,1,2,1,1,1,1,1,2,1,1,2,2,1,1,2,2,1,1,2,2
5,1,2,1,2,1,1,1,2,1,2,1,1,1,1,1,2,1,2,2,2,1,2,1,2,1,1,1,1,-9,-9,1,1,1,2,1,2,1,1,-9,-9,2,2,2,2,2,2,1,2,2,2,1,2,2,2,1,2,1,2,1,2,2,2,1,2,1,1,-9,-9,1,1,1,1,1,1,1,2,1,2,-9,-9,1,2,1,2,2,2,-9,-9,1,1,1,1,-9,-9,1,2,-9,-9,1,1,-9,-9,-9,-9,-9,-9,1,2,2,2,-9,-9,-9,-9,2,2,-9,-9,-9,-9,-9,-9,2,2
5,2,2,1,1,1,1,1,1,2,2,1,2,1,1,1,1,1,2,2,2,2,2,2,2,1,1,1,1,1,2,1,1,2,2,2,2,1,1,1,1,1,2,2,2,2,2,1,2,2,2,1,2,2,2,2,2,2,2,1,2,1,2,1,2,-9,-9,1,2,1,2,1,1,1,1,2,2,2,2,2,2,1,2,-9,-9,1,1,1,2,1,1,-9,-9,1,2,2,2,-9,-9,1,1,2,2,2,2,1,2,1,1,1,2,2,2,1,2,2,2,1,1,1,2,1,1,2,2
5,1,2,2,2,1,1,1,1,2,2,1,1,1,1,1,1,1,1,2,2,1,1,2,2,1,1,1,1,1,1,1,1,2,2,1,2,1,1,2,2,1,1,2,2,2,2,1,1,1,1,2,2,1,1,2,2,2,2,1,1,1,1,1,1,1,1,1,1,1,1,1,1,2,2,2,2,1,1,2,2,2,2,-9,-9,2,2,1,1,1,1,1,1,1,1,1,2,-9,-9,1,1,1,1,2,2,2,2,1,1,1,1,2,2,1,1,2,2,1,2,1,1,1,2,2,2
5,1,2,2,2,1,1,1,2,2,2,1,2,2,2,1,1,1,2,2,2,1,1,2,2,-9,-9,1,1,-9,-9,1,1,2,2,1,1,-9,-9,1,2,2,2,1,2,1,2,1,2,2,2,1,1,2,2,2,2,1,2,1,1,2,2,2,2,-9,-9,2,2,1,1,1,1,1,1,1,2,2,2,1,2,2,2,1,1,2,2,1,2,1,1,1,2,1,2,1,2,-9,-9,-9,-9,2,2,-9,-9,-9,-9,1,1,-9,-9,2,2,-9,-9,-9,-9,1,2,1,1,2,2,-9,-9
5,1,1,2,2,-9,-9,2,2,1,2,1,2,1,2,1,1,2,2,2,2,1,1,1,2,1,1,1,1,1,2,1,1,1,1,2,2,2,2,1,1,1,1,2,2,1,2,1,2,1,1,1,2,2,2,1,1,1,1,1,1,1,2,1,1,1,1,1,1,2,2,1,2,1,1,2,2,1,1,1,2,1,2,1,1,1,1,1,1,1,2,1,1,1,1,-9,-9,2,2,2,2,1,1,2,2,1,1,1,1,-9,-9,1,1,1,2,2,2,1,1,2,2,1,1,-9,-9
5,-9,-9,2,2,-9,-9,1,2,1,2,-9,-9,-9,-9,1,1,2,2,2,2,1,1,-9,-9,1,1,1,1,1,1,1,1,1,2,2,2,-9,-9,1,1,1,1,1,1,2,2,-9,-9,1,1,1,2,2,2,1,1,1,1,1,1,2,2,1,1,1,1,1,1,1,2,1,2,1,2,2,2,1,1,1,2,1,1,-9,-9,1,2,1,1,1,2,-9,-9,1,1,2,2,2,2,1,2,1,1,2,2,1,1,1,1,2,2,1,1,1,2,2,2,1,1,2,2,1,1,2,2
5,1,2,2,2,1,1,2,2,1,2,2,2,1,2,1,1,2,2,2,2,1,1,1,2,2,2,1,1,1,2,1,1,1,2,2,2,2,2,1,2,1,1,1,2,2,2,1,2,1,1,1,2,2,2,1,1,1,1,1,1,2,2,1,1,1,1,1,1,1,2,2,2,1,2,2,2,1,1,2,2,1,1,1,1,1,1,1,1,1,1,1,1,1,1,2,2,2,2,1,1,1,1,2,2,1,1,1,1,2,2,1,1,1,1,2,2,1,1,2,2,1,1,1,2
5,1,2,2,2,1,1,2,2,1,2,2,2,1,1,1,1,2,2,2,2,1,1,1,1,2,2,1,1,2,2,1,1,1,1,2,2,-9,-9,1,1,1,1,1,2,2,2,1,1,1,1,1,2,2,2,1,1,1,1,1,1,1,2,1,1,1,1,1,1,2,2,1,1,1,1,2,2,1,1,1,1,1,1,-9,-9,2,2,1,1,1,2,-9,-9,1,1,2,2,2,2,1,2,1,1,2,2,1,1,1,1,2,2,1,1,1,1,2,2,1,1,2,2,1,1,1,1
5,1,2,1,1,-9,-9,2,2,1,1,1,1,1,1,1,2,1,1,2,2,1,1,1,2,-9,-9,1,1,1,2,1,1,1,2,2,2,1,1,1,2,1,2,2,2,1,1,1,2,1,1,1,2,-9,-9,1,2,2,2,1,1,2,2,1,1,1,1,2,2,2,2,1,2,1,1,2,2,1,1,2,2,2,2,-9,-9,2,2,1,1,2,2,2,2,1,1,-9,-9,2,2,1,2,2,2,2,2,1,2,1,1,2,2,1,1,1,2,2,2,1,1,1,2,1,1,-9,-9
5,1,1,2,2,1,1,2,2,1,2,1,2,1,2,1,1,2,2,2,2,1,1,1,2,1,1,1,1,1,2,1,1,1,1,2,2,2,2,1,1,1,1,2,2,1,2,1,2,1,1,1,2,2,2,1,1,1,1,1,1,1,2,1,1,1,1,1,1,2,2,1,2,1,1,2,2,1,1,1,2,1,2,1,1,1,1,1,1,1,2,1,1,1,1,2,2,2,2,2,2,1,1,2,2,1,1,1,1,-9,-9,1,1,1,2,2,2,1,1,2,2,1,1,1,2
5,1,2,2,2,1,1,1,1,1,2,1,1,1,2,1,1,2,2,2,2,1,1,1,1,1,1,1,1,1,2,1,2,1,1,2,2,2,2,1,2,1,1,1,2,1,2,2,2,1,1,1,2,2,2,1,1,1,1,1,1,2,2,1,1,1,1,1,1,2,2,1,2,1,1,2,2,1,1,1,2,1,1,1,1,1,2,1,1,2,2,1,1,1,1,2,2,2,2,1,2,1,1,2,2,1,1,1,1,2,2,1,1,1,2,2,2,1,1,2,2,1,1,1,1
5,1,2,1,2,1,1,1,2,1,2,1,2,1,2,1,1,1,2,2,2,1,1,1,2,1,1,1,1,1,2,1,1,1,2,1,2,1,2,1,2,2,2,1,2,1,2,1,2,2,2,1,1,2,2,1,2,1,2,1,1,1,2,2,2,1,1,1,2,1,2,1,1,1,1,1,2,1,2,1,2,2,2,1,1,2,2,1,2,1,1,1,2,1,2,1,2,2,2,1,1,1,2,1,2,1,2,1,2,1,2,1,2,1,2,1,2,1,2,1,1,2,2,1,1
5,1,2,2,2,1,1,2,2,1,2,2,2,-9,-9,1,1,2,2,2,2,1,1,1,2,2,2,1,1,1,2,1,1,-9,-9,2,2,2,2,-9,-9,1,1,1,2,2,2,1,2,1,1,1,2,2,2,1,1,1,1,1,1,2,2,1,1,1,1,1,1,1,2,2,2,1,2,2,2,1,1,2,2,1,1,1,1,1,1,1,1,1,1,1,1,1,1,2,2,2,2,1,1,1,1,2,2,1,1,1,1,2,2,1,1,1,1,2,2,1,1,2,2,1,1,-9,-9
5,-9,-9,2,2,-9,-9,2,2,1,2,2,2,-9,-9,1,1,2,2,2,2,1,1,1,2,2,2,1,1,1,2,1,1,-9,-9,2,2,2,2,-9,-9,1,1,1,2,2,2,1,2,1,1,1,2,2,2,1,1,1,1,1,1,2,2,1,1,1,1,1,1,1,2,2,2,1,2,2,2,1,1,2,2,1,1,1,1,1,1,1,1,1,1,1,1,1,1,-9,-9,2,2,1,1,1,1,2,2,1,1,1,1,2,2,1,1,1,1,2,2,1,1,2,2,1,1,-9,-9
5,1,2,2,2,1,1,1,1,1,2,1,1,1,2,1,1,2,2,2,2,1,1,1,1,1,1,1,1,1,2,1,2,1,1,2,2,2,2,1,2,1,1,1,2,1,2,2,2,1,1,1,2,2,2,1,1,1,1,1,1,2,2,1,1,1,1,1,1,2,2,1,2,1,1,2,2,1,1,1,2,1,1,1,1,1,2,1,1,2,2,1,1,1,1,2,2,2,2,1,2,1,1,2,2,1,1,1,1,2,2,1,1,1,2,2,2,1,1,2,2,1,1,1,1
5,1,1,1,1,-9,-9,1,2,1,1,1,1,1,1,1,1,1,2,2,2,1,1,2,2,-9,-9,1,1,1,1,1,1,1,1,2,2,1,1,1,2,2,2,2,2,1,2,1,2,1,1,1,2,1,1,1,1,2,2,1,1,2,2,1,1,1,1,1,2,2,2,2,2,1,1,-9,-9,1,2,1,2,2,2,-9,-9,2,2,1,1,2,2,1,2,1,1,-9,-9,2,2,2,2,2,2,2,2,1,1,1,2,2,2,1,1,1,1,2,2,1,1,1,1,1,1,1,1
6,1,2,1,2,1,1,1,2,1,2,1,2,1,2,1,1,1,2,2,2,1,1,1,2,1,1,1,1,1,2,1,1,1,2,1,2,1,2,1,2,2,2,1,2,1,2,1,2,2,2,1,1,2,2,1,2,1,2,1,1,1,2,2,2,1,1,1,2,1,2,1,1,1,1,1,2,1,2,1,2,2,2,1,1,2,2,1,2,1,1,1,2,1,2,1,2,2,2,1,1,1,2,1,2,1,2,1,2,1,2,1,2,1,2,1,2,1,2,1,1,2,2,1,1
6,2,2,2,2,1,1,2,2,1,1,2,2,1,1,1,1,2,2,2,2,1,1,1,1,-9,-9,1,1,1,2,1,1,1,1,2,2,-9,-9,2,2,1,1,2,2,2,2,2,2,1,1,1,1,2,2,1,1,1,1,1,1,1,2,1,1,-9,-9,1,1,2,2,2,2,1,1,2,2,1,1,2,2,2,2,-9,-9,2,2,1,1,1,2,1,1,1,1,2,2,2,2,1,2,1,1,2,2,1,1,1,1,1,2,1,1,1,1,2,2,1,1,2,2,1,1,1,1
6,2,2,2,2,1,1,2,2,1,1,2,2,1,1,1,1,2,2,2,2,1,1,1,1,1,1,1,1,1,2,1,1,1,2,2,2,-9,-9,2,2,1,1,2,2,2,2,2,2,1,1,1,1,2,2,1,1,1,1,1,1,1,2,1,1,-9,-9,1,1,2,2,2,2,1,1,2,2,1,1,2,2,2,2,-9,-9,2,2,1,1,-9,-9,1,1,1,1,2,2,2,2,1,2,1,1,2,2,1,1,1,1,1,2,1,1,1,1,2,2,1,1,2,2,1,1,1,1
6,2,2,1,1,-9,-9,2,2,1,1,1,1,1,1,1,2,1,1,2,2,1,1,1,1,-9,-9,1,1,2,2,1,2,2,2,2,2,-9,-9,2,2,1,2,1,1,-9,-9,1,1,1,1,1,2,2,2,2,2,2,2,1,1,2,2,1,1,1,1,2,2,1,2,1,2,1,1,1,2,1,1,2,2,2,2,-9,-9,2,2,1,1,2,2,1,2,1,1,-9,-9,2,2,2,2,2,2,2,2,1,2,1,1,-9,-9,1,1,1,2,1,2,2,2,2,2,1,1,-9,-9
6,1,2,1,1,1,1,1,1,2,2,1,1,1,1,1,1,1,2,2,2,1,1,2,2,1,1,1,1,1,2,1,1,1,1,2,2,1,1,1,1,2,2,2,2,1,2,1,1,1,1,1,2,1,2,1,1,2,2,1,1,1,2,1,1,1,1,2,2,2,2,2,2,1,1,2,2,1,1,1,2,2,2,-9,-9,1,1,1,1,1,2,2,2,1,1,2,2,2,2,2,2,2,2,2,2,1,1,1,2,1,2,1,1,1,2,2,2,1,1,1,2,1,1,1,1
6,1,2,1,1,-9,-9,1,2,1,2,1,1,1,1,1,1,1,2,2,2,1,1,2,2,1,1,1,1,1,1,1,1,1,1,2,2,1,1,1,2,2,2,2,2,1,2,1,2,1,1,1,2,1,2,1,1,2,2,1,1,1,2,1,1,1,1,1,2,2,2,2,2,1,1,2,2,1,2,1,2,2,2,-9,-9,2,2,1,1,1,2,1,2,1,1,2,2,2,2,1,2,2,2,2,2,1,1,1,2,1,2,1,1,1,1,2,2,1,1,1,1,1,1,1,1
6,2,2,2,2,1,1,1,1,2,2,1,1,1,1,1,2,1,1,2,2,1,1,2,2,2,2,1,1,1,2,1,1,2,2,1,2,1,1,1,2,1,2,2,2,1,1,2,2,1,1,2,2,2,2,1,1,1,1,1,1,1,1,1,1,1,1,2,2,2,2,1,1,1,1,2,2,1,1,1,1,1,1,2,2,2,2,1,1,1,1,-9,-9,1,1,2,2,2,2,1,2,1,1,1,2,1,1,2,2,1,2,1,1,2,2,2,2,-9,-9,1,1,1,2,2,2
6,2,2,2,2,1,1,1,2,1,2,1,1,1,1,1,2,1,1,2,2,1,1,1,2,2,2,1,1,1,2,1,1,2,2,1,2,1,1,-9,-9,1,2,2,2,-9,-9,2,2,1,1,2,2,2,2,1,1,2,2,1,1,1,1,1,2,-9,-9,2,2,1,2,1,1,1,1,1,2,1,1,1,1,1,1,2,2,2,2,1,1,1,1,1,1,1,1,2,2,-9,-9,2,2,1,2,2,2,1,1,2,2,2,2,1,1,2,2,2,2,-9,-9,1,1,1,1,-9,-9
6,1,2,1,2,1,1,1,2,-9,-9,-9,-9,1,1,1,2,1,2,2,2,1,2,1,2,1,1,1,1,1,2,1,1,1,2,1,2,1,2,1,2,-9,-9,2,2,1,2,1,2,2,2,-9,-9,2,2,1,2,1,2,1,2,1,2,-9,-9,1,1,1,2,1,1,1,1,1,1,1,2,-9,-9,1,2,1,2,1,2,1,2,-9,-9,1,1,1,1,1,2,1,2,2,2,1,1,2,2,1,2,1,2,1,2,1,2,1,2,1,2,2,2,1,2,1,2,1,2,2,2
6,1,2,1,2,1,1,-9,-9,-9,-9,-9,-9,1,1,1,2,1,2,2,2,1,2,1,2,1,1,1,1,-9,-9,1,1,1,2,1,2,1,1,1,2,2,2,2,2,2,2,1,2,2,2,-9,-9,2,2,1,2,-9,-9,1,2,-9,-9,-9,-9,1,1,1,2,1,1,1,1,1,1,1,2,-9,-9,1,2,1,2,1,2,2,2,-9,-9,1,1,1,1,-9,-9,1,2,-9,-9,1,1,1,2,-9,-9,-9,-9,-9,-9,2,2,1,2,1,2,2,2,-9,-9,-9,-9,-9,-9,2,2
6,2,2,2,2,1,1,1,1,1,2,1,1,1,1,1,2,1,1,2,2,1,2,1,2,1,1,1,1,1,1,1,1,2,2,2,2,1,1,1,2,2,2,1,2,1,1,1,1,1,1,2,2,-9,-9,2,2,1,1,1,1,1,2,1,1,1,1,1,1,1,1,1,2,2,2,2,2,1,2,2,2,1,2,1,2,2,2,1,1,1,1,1,1,1,1,2,2,2,2,1,2,1,2,2,2,1,1,2,2,1,1,1,2,1,1,2,2,1,2,1,1,1,1,2,2
6,2,2,2,2,1,1,1,1,1,2,1,1,1,1,1,2,1,2,2,2,1,1,2,2,1,1,1,2,1,1,1,1,-9,-9,2,2,1,1,2,2,1,2,1,1,2,2,1,1,1,2,1,2,2,2,1,1,1,2,1,1,1,1,1,2,1,1,1,2,2,2,1,2,1,1,2,2,1,1,1,2,2,2,1,1,2,2,1,2,1,2,1,1,1,1,2,2,-9,-9,2,2,2,2,2,2,1,2,1,2,1,2,1,1,1,1,2,2,1,1,1,1,1,1,2,2
6,1,2,1,1,1,1,1,2,1,1,1,1,1,2,1,2,1,1,2,2,1,1,1,1,1,1,1,1,1,1,1,1,1,1,1,2,1,1,2,2,1,2,1,2,1,2,1,1,1,2,2,2,2,2,1,1,2,2,1,1,1,1,1,2,1,1,2,2,2,2,1,2,1,1,2,2,1,2,2,2,2,2,1,1,2,2,1,1,2,2,1,1,1,1,2,2,-9,-9,2,2,2,2,2,2,2,2,1,1,2,2,1,1,1,1,2,2,1,1,1,1,1,1,-9,-9
6,2,2,1,2,1,2,1,1,1,1,1,1,1,2,1,1,1,1,2,2,1,1,1,1,2,2,1,2,1,1,1,2,1,1,2,2,1,1,1,1,1,1,1,1,1,2,1,1,1,1,2,2,2,2,1,1,2,2,1,1,1,2,2,2,1,1,2,2,2,2,2,2,1,1,2,2,1,1,-9,-9,1,1,-9,-9,1,1,1,1,1,1,1,1,1,1,2,2,2,2,2,2,2,2,2,2,1,1,1,1,1,1,1,1,1,1,1,2,1,1,2,2,1,1,1,1
6,2,2,1,2,2,2,1,1,1,2,1,2,1,2,1,1,1,1,2,2,1,1,1,1,-9,-9,1,1,1,2,1,1,1,1,1,2,1,1,1,1,1,1,2,2,2,2,2,2,1,1,2,2,2,2,1,1,2,2,1,1,1,2,1,2,1,1,1,2,1,1,1,1,1,1,2,2,1,1,2,2,1,2,1,1,1,2,1,1,1,1,2,2,1,2,2,2,-9,-9,1,2,1,2,2,2,1,1,1,1,1,2,1,1,1,1,1,2,2,2,1,2,1,1,-9,-9
6,1,2,1,2,1,1,1,1,2,2,1,2,1,2,1,1,1,1,2,2,1,1,1,2,-9,-9,1,2,1,1,1,2,1,1,1,2,1,1,1,1,1,2,1,1,2,2,2,2,1,1,1,2,1,2,1,1,2,2,1,1,1,2,1,1,1,1,1,1,2,2,1,2,1,1,2,2,1,1,2,2,2,2,1,1,1,2,1,1,1,1,1,1,1,1,2,2,2,2,1,1,2,2,2,2,1,1,1,1,2,2,1,1,1,1,1,2,2,2,1,1,1,1,2,2
6,2,2,1,2,2,2,2,2,1,2,2,2,2,2,1,1,2,2,-9,-9,1,1,2,2,1,1,1,1,2,2,1,1,1,1,2,2,-9,-9,2,2,1,2,2,2,-9,-9,2,2,1,2,1,1,-9,-9,1,1,1,1,1,1,1,1,1,1,1,1,2,2,2,2,1,1,1,2,2,2,1,1,1,1,2,2,1,1,2,2,1,1,1,2,1,1,1,1,2,2,-9,-9,1,1,2,2,2,2,1,2,1,1,-9,-9,2,2,1,1,2,2,2,2,1,2,2,2,1,1
6,2,2,1,2,1,1,2,2,1,2,1,2,2,2,1,1,2,2,-9,-9,1,1,2,2,1,1,1,1,2,2,1,1,1,2,2,2,-9,-9,2,2,1,1,2,2,-9,-9,2,2,1,1,1,1,1,2,1,1,1,1,1,1,1,1,1,1,1,1,1,2,2,2,1,2,1,1,2,2,1,1,1,1,2,2,1,1,1,1,1,1,1,2,1,1,1,1,2,2,-9,-9,1,1,2,2,2,2,2,2,1,1,-9,-9,1,2,1,1,2,2,1,2,1,2,2,2,-9,-9
6,1,1,2,2,1,1,2,2,2,2,2,2,1,1,-9,-9,1,1,2,2,1,1,1,1,1,1,1,1,1,1,1,1,2,2,1,1,-9,-9,2,2,1,1,1,1,1,1,-9,-9,1,2,1,2,2,2,1,1,1,1,1,1,2,2,2,2,-9,-9,2,2,2,2,1,1,1,1,2,2,1,1,1,1,1,1,1,1,1,1,2,2,2,2,2,2,1,1,2,2,2,2,2,2,1,1,2,2,2,2,2,2,-9,-9,1,1,1,1,1,1,2,2,2,2,2,2,1,1
6,1,1,2,2,1,1,2,2,2,2,2,2,1,1,2,2,1,1,2,2,1,1,1,1,-9,-9,1,1,1,1,1,1,2,2,1,1,-9,-9,2,2,1,1,1,1,1,1,-9,-9,-9,-9,2,2,2,2,1,1,1,2,1,1,2,2,2,2,-9,-9,2,2,2,2,1,1,1,1,2,2,1,1,1,1,1,1,1,1,1,1,2,2,2,2,1,2,1,1,2,2,2,2,1,2,1,1,2,2,2,2,2,2,2,2,1,1,1,1,1,1,2,2,1,2,-9,-9,1,1
7,1,2,1,2,1,1,2,2,1,1,1,2,2,2,1,1,1,2,2,2,1,1,1,1,1,1,1,1,1,2,1,1,1,1,1,2,1,1,2,2,2,2,1,1,2,2,1,2,2,2,1,1,2,2,1,1,1,2,1,1,1,2,2,2,-9,-9,2,2,1,2,1,1,1,1,1,2,2,2,1,2,2,2,-9,-9,2,2,2,2,1,1,2,2,2,2,1,2,-9,-9,1,1,2,2,1,1,1,1,1,2,1,1,2,2,2,2,1,2,1,2,1,1,2,2,1,1
7,1,2,1,2,1,1,2,2,1,1,1,2,2,2,1,1,1,2,2,2,1,1,1,1,1,1,1,1,1,2,1,1,1,1,1,2,1,1,2,2,2,2,1,1,2,2,1,2,2,2,1,1,2,2,1,1,1,2,1,1,1,2,2,2,-9,-9,2,2,1,2,1,1,1,1,1,2,2,2,1,2,2,2,-9,-9,2,2,2,2,1,1,2,2,2,2,1,2,-9,-9,1,1,2,2,1,1,1,1,1,2,1,1,2,2,2,2,1,2,1,2,1,1,2,2,1,1
7,1,2,1,2,1,1,2,2,1,1,1,2,2,2,1,1,1,2,2,2,1,1,1,1,1,1,1,1,1,2,1,1,1,1,1,2,1,1,2,2,2,2,1,1,2,2,1,2,2,2,1,1,2,2,1,1,1,2,1,1,1,2,2,2,-9,-9,2,2,1,2,1,1,1,1,1,2,2,2,1,2,2,2,-9,-9,2,2,2,2,1,1,2,2,2,2,1,2,-9,-9,1,1,2,2,1,1,1,1,1,2,1,1,2,2,2,2,1,2,1,2,1,1,2,2,1,1
7,1,2,1,2,1,1,2,2,1,1,1,2,2,2,1,1,1,2,2,2,1,1,1,1,1,1,1,1,1,2,1,1,1,1,1,2,1,1,2,2,2,2,1,1,2,2,1,2,2,2,1,1,2,2,1,1,1,2,1,1,1,2,2,2,-9,-9,2,2,1,2,1,1,1,1,1,2,2,2,1,2,2,2,-9,-9,2,2,2,2,1,1,2,2,2,2,1,2,-9,-9,1,1,2,2,1,1,1,1,1,2,1,1,2,2,2,2,1,2,1,2,1,1,2,2,1,1
7,1,2,1,2,1,1,2,2,1,1,1,2,2,2,1,1,1,2,2,2,1,1,1,1,1,1,1,1,1,2,1,1,1,1,1,2,1,1,2,2,2,2,1,1,2,2,1,2,2,2,1,1,2,2,1,1,1,2,1,1,1,2,2,2,-9,-9,2,2,1,2,1,1,1,1,1,2,2,2,1,2,2,2,-9,-9,2,2,2,2,1,1,2,2,2,2,1,2,-9,-9,1,1,2,2,1,1,1,1,1,2,1,1,2,2,2,2,1,2,1,2,1,1,2,2,1,1
7,2,2,1,2,1,1,2,2,1,1,1,2,2,2,1,1,2,2,2,2,1,1,1,1,1,1,1,1,1,1,1,1,1,1,2,2,1,1,2,2,2,2,1,1,2,2,1,2,2,2,1,1,2,2,1,1,1,1,1,1,1,2,2,2,-9,-9,2,2,1,2,1,1,1,1,2,2,2,2,1,1,2,2,-9,-9,2,2,2,2,1,1,2,2,2,2,2,2,-9,-9,-9,-9,2,2,1,1,1,1,1,2,1,1,2,2,2,2,2,2,1,1,1,1,2,2,1,1
7,1,2,1,2,1,1,2,2,1,1,1,2,2,2,1,1,1,2,2,2,1,1,1,1,1,1,1,1,1,2,1,1,1,1,1,2,1,1,2,2,2,2,1,1,2,2,1,2,2,2,1,1,2,2,1,1,1,2,1,1,1,2,2,2,-9,-9,2,2,1,2,1,1,1,1,1,2,2,2,1,2,2,2,-9,-9,2,2,2,2,1,1,2,2,2,2,1,2,-9,-9,1,1,2,2,1,1,1,1,1,2,1,1,2,2,2,2,1,2,1,2,1,1,2,2,1,1
7,2,2,1,2,1,1,2,2,1,1,1,2,2,2,1,1,2,2,2,2,1,1,1,1,1,1,1,1,1,1,1,1,1,1,2,2,1,1,2,2,2,2,1,1,2,2,1,2,2,2,1,1,2,2,1,1,1,1,1,1,1,2,2,2,-9,-9,2,2,1,2,1,1,1,1,2,2,2,2,1,1,2,2,-9,-9,2,2,2,2,1,1,2,2,2,2,2,2,-9,-9,-9,-9,2,2,1,1,1,1,1,2,1,1,2,2,2,2,2,2,1,1,1,1,2,2,1,1
7,1,2,1,2,1,1,2,2,1,1,1,2,2,2,1,1,1,2,2,2,1,1,1,1,1,1,1,1,1,2,1,1,1,1,1,2,1,1,2,2,2,2,1,1,2,2,1,2,2,2,1,1,2,2,1,1,1,2,1,1,1,2,2,2,-9,-9,2,2,1,2,1,1,1,1,1,2,2,2,1,2,2,2,-9,-9,2,2,2,2,1,1,2,2,2,2,1,2,-9,-9,1,1,2,2,1,1,1,1,1,2,1,1,2,2,2,2,1,2,1,2,1,1,2,2,1,1
7,1,2,2,2,1,1,2,2,1,1,1,2,2,2,1,1,1,2,2,2,1,1,1,1,1,1,1,1,1,2,1,1,1,1,1,2,1,1,2,2,2,2,1,1,2,2,2,2,2,2,1,1,2,2,1,1,1,2,1,1,1,1,2,2,-9,-9,2,2,1,2,1,1,1,1,1,2,2,2,1,2,2,2,-9,-9,2,2,2,2,-9,-9,2,2,2,2,1,2,-9,-9,1,1,2,2,1,1,1,1,1,2,1,1,2,2,2,2,1,2,1,2,1,1,2,2,1,1
7,1,2,-9,-9,1,1,1,2,1,2,-9,-9,-9,-9,1,1,1,2,2,2,1,1,-9,-9,1,1,1,1,-9,-9,1,1,-9,-9,1,1,2,2,-9,-9,2,2,1,2,-9,-9,1,2,2,2,1,1,2,2,1,2,-9,-9,-9,-9,1,2,2,2,1,1,2,2,-9,-9,1,1,1,1,1,2,-9,-9,1,2,2,2,1,1,2,2,-9,-9,1,1,1,2,-9,-9,1,2,2,2,1,1,-9,-9,2,2,1,2,-9,-9,-9,-9,-9,-9,1,2,2,2,-9,-9,1,1,2,2,1,1
7,1,2,1,2,1,1,2,2,1,1,1,2,2,2,1,1,1,2,2,2,1,1,1,1,1,1,1,1,1,2,1,1,1,1,1,2,1,1,2,2,2,2,1,1,2,2,1,2,2,2,1,1,2,2,1,1,1,2,1,1,1,2,2,2,-9,-9,2,2,1,2,1,1,1,1,1,2,2,2,1,2,2,2,-9,-9,2,2,2,2,1,1,2,2,2,2,1,2,-9,-9,1,1,2,2,1,1,1,1,1,2,1,1,2,2,2,2,1,2,1,2,1,1,2,2,1,1
7,1,2,1,2,1,1,2,2,1,1,1,2,2,2,1,1,1,2,2,2,1,1,1,1,1,1,1,1,1,2,1,1,1,1,1,2,1,1,2,2,2,2,1,1,2,2,1,2,2,2,1,1,2,2,1,1,1,2,1,1,1,2,2,2,-9,-9,2,2,1,2,1,1,1,1,1,2,2,2,1,2,2,2,-9,-9,2,2,2,2,1,1,2,2,2,2,1,2,-9,-9,1,1,2,2,1,1,1,1,1,2,1,1,2,2,2,2,1,2,1,2,1,1,2,2,1,1
7,1,2,1,2,1,1,2,2,1,1,1,2,2,2,1,1,1,2,2,2,1,1,1,1,1,1,1,1,1,2,1,1,1,1,1,2,1,1,2,2,-9,-9,1,1,2,2,1,2,2,2,1,1,2,2,1,1,1,2,1,1,1,2,2,2,-9,-9,2,2,1,2,1,1,1,1,1,2,2,2,1,2,2,2,-9,-9,2,2,2,2,1,1,2,2,2,2,1,2,-9,-9,1,1,2,2,1,1,1,1,1,2,1,1,2,2,2,2,1,2,-9,-9,1,1,2,2,1,1
7,1,2,1,2,1,1,2,2,1,1,-9,-9,2,2,1,1,1,2,2,2,1,1,1,1,1,1,1,1,1,2,1,1,1,1,1,2,1,1,2,2,-9,-9,1,1,2,2,1,2,2,2,1,1,2,2,1,1,1,2,1,1,1,2,2,2,-9,-9,2,2,1,2,1,1,1,1,1,2,2,2,1,2,2,2,-9,-9,2,2,2,2,1,1,2,2,2,2,1,2,-9,-9,1,1,2,2,1,1,1,1,1,2,1,1,2,2,2,2,1,2,-9,-9,1,1,2,2,1,1
7,-9,-9,1,2,1,1,2,2,1,1,1,2,-9,-9,1,1,1,2,2,2,1,1,1,1,-9,-9,1,1,1,2,1,1,1,1,1,1,1,1,2,2,-9,-9,1,1,2,2,-9,-9,2,2,1,1,2,2,1,1,-9,-9,1,1,1,2,2,2,-9,-9,-9,-9,1,2,1,1,1,1,1,2,2,2,-9,-9,2,2,-9,-9,2,2,2,2,1,1,2,2,2,2,-9,-9,-9,-9,1,1,2,2,1,1,1,1,-9,-9,1,1,-9,-9,2,2,-9,-9,-9,-9,1,1,2,2,1,1
7,1,2,1,2,1,1,2,2,1,1,1,2,2,2,1,1,1,2,2,2,1,1,1,1,1,1,1,1,1,2,1,1,1,1,1,2,1,1,2,2,2,2,1,1,2,2,1,2,2,2,1,1,2,2,1,1,1,2,1,1,1,2,2,2,-9,-9,2,2,1,2,1,1,1,1,1,2,2,2,1,2,2,2,-9,-9,2,2,2,2,1,1,2,2,2,2,1,2,-9,-9,1,1,2,2,1,1,1,1,1,2,1,1,2,2,2,2,1,2,1,2,1,1,2,2,1,1
7,1,2,2,2,1,1,2,2,1,1,1,2,2,2,1,1,1,2,2,2,1,1,1,1,1,1,1,1,2,2,1,1,1,1,1,2,1,1,2,2,2,2,1,1,2,2,1,2,2,2,1,1,2,2,1,1,1,2,1,1,2,2,2,2,-9,-9,2,2,1,2,1,1,1,1,1,2,2,2,2,2,2,2,-9,-9,2,2,2,2,1,1,2,2,2,2,1,2,-9,-9,1,1,2,2,1,1,1,1,2,2,1,1,2,2,2,2,1,2,1,2,1,1,2,2,1,1
7,1,2,1,2,1,1,2,2,1,1,1,2,2,2,1,1,1,2,2,2,1,1,1,1,1,1,1,1,1,2,1,1,1,1,1,2,1,1,2,2,2,2,1,1,2,2,1,2,2,2,1,1,2,2,1,1,1,2,1,1,1,2,2,2,-9,-9,2,2,1,2,1,1,1,1,1,2,2,2,1,2,2,2,-9,-9,2,2,2,2,1,1,2,2,2,2,1,2,-9,-9,1,1,2,2,1,1,1,1,1,2,1,1,2,2,2,2,1,2,1,2,1,1,2,2,1,1
8,1,2,1,1,-9,-9,1,2,1,2,1,1,1,1,1,2,1,2,2,2,1,1,1,2,1,1,1,1,1,2,1,1,1,2,2,2,1,1,1,2,2,2,2,2,1,1,1,2,1,1,1,1,-9,-9,1,2,2,2,1,1,2,2,1,1,1,1,1,2,2,2,2,2,1,1,2,2,1,1,1,2,2,2,-9,-9,2,2,1,1,2,2,2,2,1,1,-9,-9,2,2,2,2,2,2,2,2,1,1,1,1,1,1,1,1,1,2,2,2,1,1,1,2,1,1,-9,-9
8,1,2,2,2,1,1,2,2,1,2,1,2,1,2,1,1,2,2,2,2,1,1,1,2,2,2,1,1,2,2,1,1,1,2,2,2,2,2,1,2,1,1,1,1,2,2,2,2,1,1,1,2,2,2,1,1,1,1,1,1,2,2,1,1,1,1,1,1,2,2,2,2,1,1,2,2,1,1,2,2,1,2,1,1,1,2,1,1,1,2,1,1,1,1,2,2,2,2,1,2,1,1,2,2,1,1,1,1,2,2,1,1,1,1,2,2,1,1,2,2,1,1,-9,-9
8,1,2,1,1,-9,-9,1,2,1,2,1,1,1,1,1,1,1,2,2,2,1,1,2,2,1,1,1,1,1,1,1,1,1,1,2,2,1,1,1,2,2,2,2,2,1,2,1,2,1,1,-9,-9,-9,-9,1,1,2,2,1,1,1,2,1,1,1,1,1,2,2,2,2,2,1,1,2,2,1,2,1,2,2,2,-9,-9,2,2,1,1,1,2,1,2,1,1,-9,-9,2,2,1,2,2,2,2,2,1,1,1,2,-9,-9,1,1,1,1,2,2,1,1,1,1,1,1,1,1
8,1,2,1,1,-9,-9,1,2,1,1,1,1,1,1,1,1,1,2,2,2,1,1,1,2,-9,-9,1,1,1,2,1,2,1,2,2,2,-9,-9,1,2,2,2,1,2,2,2,1,1,1,1,1,2,2,2,1,2,2,2,1,1,2,2,1,1,1,1,2,2,2,2,1,2,1,1,2,2,1,1,2,2,2,2,-9,-9,1,2,1,1,2,2,1,2,1,1,-9,-9,2,2,1,2,2,2,2,2,1,2,1,2,2,2,1,1,1,2,2,2,1,1,1,2,1,1,-9,-9
8,2,2,2,2,1,1,2,2,1,2,1,1,1,1,1,2,1,1,2,2,1,1,2,2,2,2,1,1,1,2,1,1,1,2,1,2,1,1,2,2,1,1,2,2,-9,-9,2,2,1,1,2,2,2,2,1,1,1,2,1,1,1,1,1,1,1,1,2,2,2,2,1,1,1,1,1,2,1,1,1,1,1,1,2,2,2,2,1,1,1,1,1,1,1,1,2,2,-9,-9,2,2,1,1,2,2,1,1,2,2,2,2,1,1,2,2,2,2,-9,-9,1,1,1,1,2,2
8,1,1,2,2,1,1,1,2,1,2,1,1,1,1,1,1,1,1,2,2,1,1,2,2,2,2,1,1,1,2,1,1,-9,-9,1,2,1,1,1,2,1,2,2,2,-9,-9,2,2,1,1,2,2,2,2,1,2,1,2,1,1,1,1,1,2,1,1,2,2,2,2,1,1,1,1,1,2,1,1,1,1,1,1,2,2,2,2,1,1,-9,-9,1,1,1,1,1,1,2,2,2,2,1,1,2,2,1,1,2,2,1,2,1,1,2,2,2,2,-9,-9,1,1,1,1,2,2
8,-9,-9,-9,-9,1,1,1,2,1,2,1,2,1,1,-9,-9,1,2,2,2,1,2,1,2,1,1,1,1,-9,-9,1,1,2,2,1,2,1,2,1,2,-9,-9,2,2,-9,-9,-9,-9,2,2,2,2,2,2,-9,-9,-9,-9,1,2,1,2,-9,-9,1,1,1,2,1,1,1,1,1,1,1,2,1,2,1,2,-9,-9,1,2,2,2,-9,-9,1,1,1,1,-9,-9,1,2,2,2,1,1,2,2,-9,-9,1,2,-9,-9,-9,-9,-9,-9,1,2,2,2,1,2,1,2,1,2,2,2
8,1,2,1,2,1,1,1,2,1,2,1,1,1,1,1,2,1,2,2,2,-9,-9,1,2,1,1,1,1,-9,-9,1,1,1,2,1,2,1,1,-9,-9,2,2,2,2,2,2,1,2,2,2,1,2,2,2,1,2,1,2,1,2,2,2,1,2,1,1,-9,-9,1,1,1,1,1,1,1,2,-9,-9,-9,-9,1,2,1,2,2,2,-9,-9,1,1,1,1,-9,-9,1,2,-9,-9,1,1,-9,-9,-9,-9,-9,-9,1,2,2,2,-9,-9,-9,-9,2,2,-9,-9,-9,-9,-9,-9,2,2
8,1,2,1,2,1,1,-9,-9,1,2,-9,-9,1,1,1,2,1,2,2,2,1,2,1,2,1,1,1,1,-9,-9,1,1,1,2,-9,-9,1,1,1,2,2,2,2,2,2,2,1,2,2,2,-9,-9,2,2,1,2,1,2,1,2,-9,-9,-9,-9,1,1,1,2,1,1,1,1,1,1,1,2,-9,-9,1,2,1,2,1,2,2,2,-9,-9,1,1,1,1,-9,-9,1,2,-9,-9,1,1,1,2,-9,-9,-9,-9,1,2,2,2,1,2,1,2,2,2,-9,-9,-9,-9,-9,-9,2,2
8,2,2,1,2,1,1,1,1,1,1,1,1,1,1,1,2,2,2,2,2,1,1,2,2,1,1,1,1,1,1,1,2,1,1,2,2,1,1,2,2,1,2,1,2,1,1,2,2,1,2,1,2,1,2,1,1,1,1,1,1,2,2,1,1,1,1,2,2,1,2,1,1,1,2,2,2,1,1,1,2,2,2,-9,-9,2,2,1,1,1,1,1,2,1,2,2,2,-9,-9,1,1,1,1,2,2,1,1,1,1,1,1,1,2,1,1,2,2,1,1,1,1,1,1,2,2
8,2,2,2,2,1,1,1,1,2,2,1,1,1,1,1,1,1,1,2,2,1,1,2,2,2,2,1,1,2,2,1,1,2,2,2,2,1,1,1,2,1,1,2,2,-9,-9,2,2,1,1,2,2,2,2,1,2,1,2,1,1,1,1,1,2,1,1,2,2,2,2,1,1,1,1,2,2,1,1,1,1,1,1,2,2,2,2,1,1,1,1,1,1,1,1,2,2,2,2,2,2,1,1,2,2,1,1,2,2,1,1,1,1,2,2,2,2,-9,-9,1,1,1,1,-9,-9
8,1,2,1,2,1,1,1,2,-9,-9,1,2,1,2,1,1,1,2,2,2,1,1,1,2,1,1,1,1,1,2,1,1,1,2,1,2,1,2,1,2,2,2,1,2,1,2,1,2,2,2,1,1,2,2,1,2,1,2,1,1,1,2,2,2,1,1,1,2,1,2,1,1,1,1,1,2,1,2,1,2,2,2,1,1,2,2,1,2,1,1,1,2,1,2,1,2,2,2,1,1,1,2,1,2,1,2,1,2,1,2,1,2,1,2,1,2,1,2,1,1,2,2,1,1
8,1,2,2,2,1,1,1,1,1,2,1,1,1,1,2,2,1,1,2,2,1,1,1,2,2,2,1,1,1,2,1,1,1,2,1,2,1,1,1,2,1,2,2,2,-9,-9,2,2,1,1,2,2,2,2,1,1,1,1,1,1,1,1,1,1,1,1,2,2,1,2,1,1,1,1,1,1,1,1,1,1,1,1,-9,-9,2,2,1,1,1,1,1,1,1,1,1,2,2,2,1,2,1,1,2,2,1,1,2,2,1,1,1,1,2,2,2,2,-9,-9,1,1,1,1,-9,-9
8,1,2,1,2,1,1,1,2,1,2,1,1,1,1,1,2,1,2,2,2,1,2,1,2,1,1,1,1,-9,-9,1,1,1,2,1,2,1,1,-9,-9,2,2,2,2,2,2,1,2,2,2,1,2,2,2,1,2,1,2,1,2,2,2,1,2,1,1,-9,-9,1,1,1,1,1,1,1,2,-9,-9,-9,-9,1,2,1,2,2,2,-9,-9,1,1,1,1,-9,-9,1,2,-9,-9,1,1,-9,-9,-9,-9,-9,-9,1,2,2,2,-9,-9,-9,-9,2,2,-9,-9,-9,-9,-9,-9,2,2
8,1,2,1,2,1,1,-9,-9,1,2,-9,-9,1,1,1,2,1,2,2,2,1,2,1,2,1,1,1,1,-9,-9,1,1,1,2,1,2,1,1,1,2,2,2,2,2,2,2,1,2,2,2,-9,-9,2,2,1,2,1,2,1,2,-9,-9,-9,-9,1,1,1,2,1,1,1,1,1,1,1,2,-9,-9,1,2,1,2,1,2,2,2,-9,-9,1,1,1,1,-9,-9,1,2,-9,-9,1,1,1,2,-9,-9,-9,-9,-9,-9,2,2,1,2,1,2,2,2,-9,-9,-9,-9,-9,-9,2,2
8,1,2,2,2,1,1,2,2,1,1,1,2,1,1,1,1,1,1,2,2,1,2,1,2,1,1,1,1,1,2,1,2,1,1,2,2,1,1,2,2,1,2,2,2,1,2,2,2,2,2,2,2,1,1,1,1,2,2,1,1,1,1,1,1,1,1,2,2,1,2,1,2,-9,-9,1,2,1,1,1,2,2,2,-9,-9,2,2,1,1,-9,-9,1,1,1,1,2,2,-9,-9,1,1,1,1,2,2,2,2,1,2,1,1,1,1,1,1,2,2,1,1,1,1,1,1,2,2
8,1,2,1,2,1,1,1,2,1,2,1,2,1,2,1,1,1,2,2,2,1,1,1,2,1,1,1,1,1,2,1,1,1,2,1,2,1,2,1,2,2,2,1,2,1,2,1,2,2,2,1,1,2,2,1,2,1,2,1,1,1,2,2,2,1,1,1,2,1,2,1,1,1,1,1,2,1,2,1,2,2,2,1,1,2,2,1,2,1,1,1,2,1,2,1,2,2,2,1,1,1,2,1,2,1,2,1,2,1,2,1,2,1,2,1,2,1,2,1,1,2,2,1,1
8,1,2,2,2,1,1,1,1,1,2,1,1,1,2,1,1,2,2,2,2,1,1,1,1,1,1,1,1,1,2,1,2,1,1,2,2,2,2,1,2,1,1,1,2,1,2,2,2,1,1,1,2,2,2,1,1,1,1,1,1,2,2,1,1,1,1,1,1,2,2,1,2,1,1,2,2,1,1,1,2,1,1,1,1,1,2,1,1,2,2,1,1,1,1,2,2,2,2,1,2,1,1,2,2,1,1,1,1,2,2,1,1,1,2,2,2,1,1,2,2,1,1,1,1
8,1,2,2,2,1,1,1,2,1,2,-9,-9,-9,-9,1,1,2,2,2,2,1,1,1,2,1,1,1,1,1,1,1,1,1,2,2,2,-9,-9,1,1,1,1,1,1,2,2,1,2,1,1,1,2,2,2,1,1,1,1,1,1,2,2,1,1,1,1,1,1,1,2,1,2,1,2,2,2,1,1,1,2,1,1,-9,-9,1,2,1,1,1,2,-9,-9,1,1,2,2,2,2,1,2,1,1,2,2,1,1,1,1,2,2,1,1,1,2,2,2,1,1,2,2,1,1,-9,-9
9,2,2,1,1,1,1,1,1,2,2,1,1,-9,-9,1,1,2,2,2,2,2,2,1,2,1,1,1,1,1,2,1,1,2,2,1,2,1,1,1,1,2,2,1,1,1,2,2,2,1,2,1,1,2,2,2,2,1,1,2,2,1,1,1,2,1,1,1,1,2,2,1,1,2,2,2,2,1,1,2,2,1,1,1,2,1,1,1,1,1,1,1,1,1,2,2,2,2,2,1,1,2,2,1,2,1,2,1,2,1,1,1,1,1,2,1,2,2,2,2,2,2,2,-9,-9
9,1,1,1,2,1,1,1,2,2,2,1,1,-9,-9,1,1,1,2,2,2,2,2,1,1,1,1,1,1,2,2,1,1,2,2,1,2,1,1,1,1,2,2,1,1,2,2,2,2,1,2,1,1,2,2,1,2,1,2,2,2,2,2,1,2,1,1,1,1,2,2,1,1,1,2,2,2,1,1,1,2,1,1,1,2,1,2,1,1,1,1,1,1,2,2,1,1,2,2,1,1,2,2,2,2,1,1,1,2,1,2,1,1,1,2,1,2,2,2,2,2,2,2,-9,-9
9,1,1,1,2,1,1,1,2,2,2,1,1,-9,-9,1,1,2,2,2,2,2,2,1,1,1,1,1,1,2,2,1,1,2,2,1,1,1,2,1,1,2,2,1,1,1,2,2,2,1,1,1,1,2,2,2,2,1,1,2,2,2,2,1,2,1,1,1,1,2,2,1,1,1,1,2,2,1,1,1,1,1,1,1,2,1,2,1,1,1,1,1,1,2,2,1,1,2,2,1,2,2,2,1,1,1,2,1,2,1,1,1,1,1,2,1,1,2,2,2,2,2,2,1,1
9,1,1,1,2,1,1,1,1,2,2,1,1,1,1,1,1,1,2,2,2,2,2,1,1,1,1,1,1,2,2,1,1,2,2,1,2,1,1,1,1,2,2,1,1,1,2,2,2,1,2,1,1,2,2,2,2,1,2,1,2,2,2,2,2,1,1,1,1,2,2,1,1,1,2,2,2,1,2,1,2,1,2,1,2,1,1,1,2,1,1,1,1,1,2,1,1,2,2,1,2,2,2,1,2,1,1,1,2,1,1,1,1,1,2,1,2,2,2,1,2,2,2,-9,-9
9,1,2,2,2,1,1,1,1,2,2,1,1,-9,-9,1,1,1,2,2,2,2,2,1,1,1,1,1,1,2,2,1,1,2,2,2,2,1,1,1,1,2,2,1,1,1,2,2,2,1,1,1,1,2,2,1,2,1,2,2,2,1,2,1,1,1,1,1,1,2,2,1,1,-9,-9,2,2,1,1,1,2,1,1,1,2,1,2,1,1,1,1,1,1,1,2,1,2,2,2,1,2,2,2,1,1,1,2,1,2,1,2,1,1,1,1,2,2,2,2,2,2,2,2,1,1
9,1,2,1,2,1,1,1,2,2,2,1,1,-9,-9,1,1,1,2,2,2,2,2,1,2,1,1,1,1,2,2,1,1,2,2,1,2,1,1,1,1,2,2,1,1,1,1,2,2,1,1,1,1,2,2,2,2,1,2,1,2,1,1,2,2,1,1,1,1,2,2,1,1,-9,-9,2,2,1,1,1,2,1,2,1,2,1,1,1,1,-9,-9,1,1,1,2,1,2,2,2,1,1,2,2,-9,-9,1,2,1,2,1,1,1,1,1,2,1,2,2,2,2,2,2,2,1,1
9,1,2,2,2,1,1,1,1,2,2,1,1,1,1,1,1,1,2,2,2,2,2,1,1,1,1,1,1,2,2,1,1,2,2,2,2,1,2,1,1,2,2,1,1,1,2,2,2,1,2,1,1,2,2,1,1,1,2,2,2,1,2,1,2,-9,-9,1,1,2,2,1,1,1,2,2,2,1,2,1,2,1,1,1,2,1,1,1,2,1,1,1,1,2,2,1,2,2,2,1,2,2,2,1,2,1,1,1,2,1,1,1,1,1,2,2,2,2,2,2,2,2,2,1,1
9,1,2,2,2,1,1,1,1,2,2,1,1,1,1,1,1,1,2,2,2,2,2,1,1,1,1,1,1,2,2,1,1,2,2,2,2,1,2,1,1,2,2,1,1,1,2,2,2,1,2,1,1,2,2,1,1,1,2,2,2,1,2,1,2,-9,-9,1,1,2,2,1,1,-9,-9,2,2,1,2,1,2,1,1,1,2,1,1,1,2,1,1,1,1,2,2,1,2,2,2,1,2,2,2,1,2,1,1,1,2,1,1,1,1,1,2,2,2,2,2,2,2,2,2,1,1
9,1,2,2,2,1,1,1,1,2,2,1,1,1,1,1,1,1,2,2,2,2,2,1,1,1,1,1,1,2,2,1,1,2,2,2,2,1,2,1,1,2,2,1,1,1,2,2,2,1,2,1,1,2,2,1,1,1,2,2,2,1,2,1,2,-9,-9,1,1,2,2,1,1,1,2,2,2,1,2,1,2,1,1,1,2,1,1,1,2,1,1,1,1,2,2,1,2,2,2,1,2,2,2,1,2,1,1,1,2,1,1,1,1,1,2,2,2,2,2,2,2,2,2,1,1
9,1,2,1,2,1,1,1,2,1,2,1,1,1,2,1,1,1,2,2,2,2,2,1,1,1,1,1,1,2,2,1,1,2,2,1,2,1,2,1,1,2,2,1,1,1,2,2,2,1,2,1,1,2,2,2,2,1,2,1,2,2,2,2,2,-9,-9,1,1,2,2,1,1,1,1,2,2,1,2,1,1,1,1,1,2,1,1,1,2,1,1,1,1,1,2,1,2,2,2,1,2,2,2,1,2,1,2,2,2,2,2,1,1,1,1,1,2,2,2,2,2,2,2,1,1
9,1,1,1,2,1,1,1,1,2,2,1,1,1,1,1,1,1,2,2,2,2,2,1,1,1,1,1,1,2,2,1,1,2,2,1,1,1,2,1,1,2,2,1,1,1,2,2,2,1,1,1,1,2,2,2,2,1,2,2,2,1,2,1,2,1,1,1,1,2,2,1,1,1,2,2,2,1,1,1,2,1,1,1,2,1,1,1,1,1,1,1,1,1,2,1,1,2,2,1,1,2,2,1,1,1,2,2,2,1,1,1,1,1,1,1,1,2,2,2,2,2,2,1,1
9,1,1,1,2,1,1,1,1,2,2,1,1,1,1,1,1,1,2,2,2,2,2,1,1,1,1,1,1,2,2,1,1,2,2,1,1,1,2,1,1,2,2,1,1,1,2,2,2,1,1,1,1,2,2,2,2,1,2,2,2,1,2,1,2,1,1,1,1,2,2,1,1,1,2,2,2,1,1,1,2,1,1,1,2,1,1,1,1,1,1,1,1,1,2,1,1,2,2,1,1,2,2,1,1,1,2,2,2,1,1,1,1,1,1,1,1,2,2,2,2,2,2,1,1
9,1,2,1,2,1,1,1,2,2,2,1,2,1,1,1,1,1,2,-9,-9,2,2,1,1,1,1,1,1,2,2,1,1,2,2,1,1,1,2,1,1,2,2,1,1,1,2,2,2,1,2,1,1,2,2,1,2,1,1,2,2,2,2,2,2,1,1,1,1,-9,-9,1,1,1,2,2,2,1,2,1,2,1,1,1,2,1,1,1,2,1,1,-9,-9,1,2,1,2,2,2,2,2,2,2,1,2,1,2,2,2,1,2,1,1,2,2,1,1,2,2,2,2,2,2,-9,-9
9,2,2,2,2,1,1,1,2,2,2,1,1,1,1,1,1,1,2,2,2,2,2,1,1,1,1,1,1,2,2,1,1,2,2,1,1,1,2,1,1,2,2,1,1,1,2,2,2,1,2,1,1,2,2,2,2,1,2,2,2,2,2,2,2,-9,-9,1,1,2,2,1,1,1,2,2,2,1,1,1,2,1,1,1,2,1,1,1,2,1,1,1,1,1,2,2,2,2,2,1,2,2,2,1,2,1,2,2,2,1,1,1,1,1,1,1,1,2,2,2,2,2,2,1,1
9,1,2,1,2,1,1,1,2,2,2,1,2,1,1,1,1,1,2,-9,-9,2,2,1,1,1,1,1,1,2,2,1,1,2,2,1,1,1,2,1,1,2,2,1,1,1,2,2,2,1,2,1,1,2,2,1,2,1,1,2,2,2,2,2,2,1,1,1,1,-9,-9,1,1,1,2,2,2,1,2,1,2,1,1,1,2,1,1,1,2,1,1,-9,-9,1,2,1,2,2,2,2,2,2,2,1,2,1,2,2,2,1,2,1,1,2,2,1,1,2,2,2,2,2,2,-9,-9
9,1,1,2,2,1,1,1,1,2,2,1,1,1,1,1,1,2,2,2,2,2,2,1,2,1,1,1,1,2,2,1,1,2,2,1,1,1,1,1,2,2,2,1,1,2,2,2,2,1,2,1,1,2,2,2,2,1,1,1,2,1,2,2,2,1,1,1,1,2,2,1,1,2,2,2,2,1,2,2,2,1,2,1,2,1,1,1,2,-9,-9,-9,-9,1,1,1,1,2,2,1,2,2,2,2,2,1,1,1,2,1,1,1,1,1,2,1,1,2,2,1,2,2,2,-9,-9
9,1,1,2,2,1,1,1,1,1,2,1,2,1,1,1,1,2,2,2,2,1,1,2,2,1,1,1,1,1,1,1,1,1,1,2,2,1,1,2,2,2,2,2,2,1,1,2,2,1,2,1,2,1,1,1,1,2,2,1,1,1,2,1,2,1,1,1,1,-9,-9,1,1,2,2,2,2,1,1,2,2,2,2,-9,-9,2,2,1,2,2,2,2,2,1,2,2,2,2,2,1,1,1,2,2,2,1,1,1,1,1,1,1,1,1,2,2,2,1,1,1,2,1,1,2,2
9,1,1,1,2,1,1,1,2,1,2,1,1,1,1,1,1,2,2,-9,-9,2,2,1,1,1,1,1,1,2,2,1,1,1,2,1,2,1,1,1,1,2,2,1,1,1,1,2,2,1,2,1,1,2,2,1,2,1,1,2,2,2,2,2,2,1,1,1,1,2,2,1,1,1,1,2,2,1,2,1,1,1,1,1,2,1,1,1,2,1,1,1,1,1,2,1,1,2,2,1,2,2,2,1,2,1,2,1,2,1,1,1,1,1,2,1,2,2,2,1,2,2,2,1,1
9,1,1,1,2,1,1,1,1,1,2,1,1,-9,-9,1,1,2,2,2,2,2,2,1,2,1,1,1,1,2,2,1,1,2,2,1,2,1,2,1,1,2,2,1,1,1,2,2,2,1,1,1,1,2,2,2,2,1,1,1,2,1,2,1,2,1,1,1,1,2,2,1,1,1,1,2,2,1,1,1,1,1,2,1,2,1,1,1,1,1,1,1,1,1,2,1,1,2,2,1,2,2,2,1,1,1,2,1,2,1,1,1,1,1,2,1,2,2,2,2,2,2,2,-9,-9
10,2,2,2,2,1,1,1,2,2,2,1,2,2,2,1,1,2,2,2,2,1,2,2,2,-9,-9,1,1,1,1,1,1,1,1,2,2,1,1,2,2,2,2,1,2,1,1,1,1,1,2,1,2,1,2,1,1,2,2,1,1,1,1,1,1,1,1,1,1,2,2,1,1,1,1,1,1,1,1,1,1,2,2,1,1,1,1,2,2,2,2,-9,-9,1,1,2,2,-9,-9,1,1,1,1,2,2,1,1,2,2,2,2,1,1,1,1,2,2,2,2,1,2,2,2,-9,-9
10,1,1,1,1,2,2,2,2,1,1,2,2,1,1,2,2,2,2,2,2,2,2,1,1,2,2,1,1,1,1,1,1,2,2,2,2,-9,-9,2,2,2,2,1,1,-9,-9,2,2,1,2,1,1,1,2,1,1,-9,-9,2,2,1,1,2,2,-9,-9,1,1,2,2,1,1,1,1,1,1,1,1,1,1,1,1,1,1,1,1,2,2,2,2,-9,-9,1,1,-9,-9,2,2,2,2,2,2,2,2,2,2,2,2,-9,-9,1,1,2,2,1,1,-9,-9,2,2,1,1,2,2
10,1,1,-9,-9,1,1,2,2,1,2,2,2,1,1,2,2,1,2,2,2,1,1,1,1,2,2,1,1,1,1,1,1,2,2,1,1,-9,-9,2,2,1,1,1,1,1,1,2,2,1,1,1,2,2,2,1,1,1,1,1,1,2,2,2,2,-9,-9,2,2,2,2,1,1,1,1,2,2,1,1,1,1,1,1,1,1,1,1,2,2,2,2,2,2,1,1,2,2,2,2,1,1,1,1,2,2,2,2,2,2,-9,-9,1,1,1,1,1,1,2,2,1,1,2,2,1,1
10,1,1,1,2,1,1,2,2,1,1,1,2,1,1,2,2,1,2,2,2,1,1,1,1,2,2,1,1,1,1,1,1,2,2,1,1,-9,-9,2,2,1,2,1,1,1,1,2,2,1,1,2,2,2,2,1,1,1,1,1,1,1,2,2,2,-9,-9,2,2,1,2,1,1,1,1,2,2,1,1,1,1,1,1,1,1,1,1,2,2,-9,-9,1,2,1,1,2,2,2,2,1,2,1,1,2,2,2,2,1,2,1,1,1,1,1,1,1,2,-9,-9,1,2,2,2,-9,-9
10,1,2,2,2,1,1,1,2,2,2,2,2,2,2,-9,-9,2,2,2,2,1,2,1,2,-9,-9,1,1,1,1,1,1,1,1,2,2,-9,-9,2,2,2,2,1,1,1,1,2,2,1,1,1,1,1,2,1,1,2,2,1,1,1,1,1,2,1,1,1,1,2,2,1,1,1,1,1,1,1,1,1,1,2,2,2,2,1,1,2,2,2,2,1,1,1,1,2,2,-9,-9,1,1,1,1,2,2,1,2,2,2,2,2,1,1,1,1,2,2,2,2,1,2,2,2,-9,-9
10,2,2,2,2,1,1,1,1,2,2,2,2,2,2,1,1,2,2,2,2,1,2,2,2,1,1,1,1,1,1,1,1,1,1,2,2,1,1,2,2,1,2,1,1,1,1,1,1,1,1,2,2,1,1,1,1,2,2,1,1,1,1,1,1,1,1,1,1,2,2,1,1,1,1,1,1,1,1,1,1,2,2,1,1,1,1,1,2,1,1,1,2,1,1,2,2,-9,-9,1,2,1,1,2,2,1,2,2,2,1,1,1,1,1,1,2,2,-9,-9,1,2,2,2,-9,-9
10,2,2,2,2,1,2,1,1,2,2,1,2,2,2,1,1,2,2,2,2,1,1,1,2,1,1,1,1,1,1,1,1,1,1,2,2,1,1,2,2,2,2,1,1,1,1,2,2,1,2,1,2,1,2,1,1,2,2,1,1,1,1,1,2,1,1,1,1,2,2,1,1,1,1,1,2,1,2,1,1,2,2,-9,-9,1,1,2,2,2,2,1,1,1,1,2,2,-9,-9,1,2,1,1,2,2,1,1,2,2,2,2,1,1,1,1,2,2,-9,-9,2,2,2,2,2,2
10,1,1,1,2,1,1,2,2,1,1,2,2,1,1,2,2,2,2,2,2,1,2,1,1,-9,-9,1,1,1,1,1,1,2,2,1,1,-9,-9,2,2,1,1,2,2,1,1,-9,-9,-9,-9,1,1,-9,-9,1,1,1,1,1,1,1,1,2,2,-9,-9,1,1,2,2,1,1,1,1,2,2,1,1,1,1,2,2,1,1,1,2,2,2,2,2,1,1,1,1,2,2,2,2,1,1,2,2,2,2,1,2,2,2,1,1,1,1,2,2,1,1,2,2,1,2,-9,-9,1,1
10,1,1,2,2,1,1,2,2,1,2,2,2,1,1,2,2,2,2,2,2,1,1,1,1,2,2,1,1,1,1,1,1,2,2,2,2,-9,-9,2,2,1,2,1,1,1,1,1,1,2,2,1,1,2,2,1,1,1,1,1,1,1,1,2,2,-9,-9,1,1,2,2,1,1,1,1,1,1,1,1,1,1,1,1,2,2,-9,-9,2,2,-9,-9,2,2,1,1,2,2,2,2,2,2,2,2,2,2,1,1,2,2,1,1,1,1,2,2,2,2,2,2,1,1,-9,-9,1,1
10,2,2,-9,-9,1,1,1,2,1,2,1,2,2,2,-9,-9,-9,-9,1,2,1,1,-9,-9,1,1,1,2,1,1,1,1,-9,-9,2,2,1,1,2,2,1,1,2,2,2,2,1,2,1,2,2,2,1,2,1,1,2,2,1,1,1,2,-9,-9,1,1,1,2,1,2,1,1,-9,-9,1,2,1,1,-9,-9,1,2,1,1,-9,-9,1,1,1,1,1,1,-9,-9,2,2,2,2,1,1,-9,-9,2,2,1,2,1,2,-9,-9,1,1,1,2,1,2,1,1,1,2,1,2,1,1
10,2,2,1,2,1,1,1,1,1,2,1,2,1,2,1,1,1,1,2,2,1,1,1,1,-9,-9,1,1,1,1,1,1,1,1,1,1,1,1,1,1,1,2,2,2,2,2,-9,-9,1,1,2,2,2,2,1,1,2,2,1,1,1,2,2,2,1,1,1,2,2,2,2,2,1,1,2,2,1,1,2,2,1,1,2,2,1,1,1,1,-9,-9,1,1,1,1,2,2,2,2,2,2,1,2,2,2,1,1,-9,-9,1,1,1,1,1,1,1,2,1,2,1,2,1,1,1,1
10,2,2,1,2,1,2,1,1,1,1,1,2,1,2,1,1,1,1,2,2,1,1,1,1,2,2,1,2,1,1,1,2,1,1,2,2,1,1,1,1,1,1,1,1,2,2,1,2,1,1,2,2,2,2,1,1,2,2,1,1,1,2,2,2,1,1,1,2,2,2,1,2,1,1,2,2,1,1,1,1,1,1,1,1,1,1,1,1,1,1,1,1,1,2,2,2,2,2,2,2,2,2,2,2,1,1,1,1,1,1,1,1,1,1,2,2,1,1,1,2,1,1,1,1
10,2,2,1,2,1,2,1,1,1,1,1,2,1,2,1,1,1,1,2,2,1,1,1,1,2,2,1,2,1,1,1,2,1,2,1,2,1,1,1,1,1,1,1,2,1,2,1,2,1,1,2,2,2,2,-9,-9,2,2,1,1,1,2,2,2,1,1,1,2,2,2,1,2,1,1,2,2,1,1,2,2,1,1,1,1,1,1,1,1,1,1,1,1,1,2,2,2,2,2,2,2,2,2,2,2,1,1,1,1,1,1,1,1,1,1,1,2,1,2,1,2,1,1,1,1
10,2,2,2,2,1,1,2,2,2,2,2,2,1,1,2,2,2,2,2,2,1,2,1,1,-9,-9,1,1,1,1,1,1,1,1,1,1,-9,-9,1,2,1,1,1,1,1,1,2,2,2,2,1,1,2,2,1,1,-9,-9,1,1,1,1,2,2,-9,-9,1,2,2,2,1,1,2,2,1,1,2,2,1,1,1,1,1,2,2,2,2,2,-9,-9,-9,-9,1,1,-9,-9,-9,-9,2,2,2,2,-9,-9,1,1,2,2,1,1,1,1,2,2,2,2,2,2,-9,-9,-9,-9,1,1
10,2,2,1,1,1,1,2,2,2,2,2,2,1,1,2,2,2,2,2,2,2,2,1,1,-9,-9,1,1,1,1,1,1,1,1,1,1,-9,-9,2,2,1,1,2,2,1,1,2,2,2,2,1,1,2,2,1,1,-9,-9,1,1,1,1,2,2,-9,-9,1,1,2,2,1,1,2,2,1,1,2,2,1,1,1,1,1,2,2,2,2,2,-9,-9,-9,-9,1,1,-9,-9,2,2,1,2,2,2,-9,-9,1,1,2,2,1,1,1,1,2,2,2,2,2,2,-9,-9,-9,-9,-9,-9
10,2,2,1,2,1,1,1,1,1,1,1,1,1,2,1,1,1,1,2,2,1,2,2,2,1,1,1,1,1,1,1,1,1,1,2,2,1,1,1,2,2,2,1,2,2,2,1,2,1,2,2,2,2,2,1,1,2,2,1,1,1,1,1,1,-9,-9,1,1,1,1,1,1,1,1,2,2,2,2,1,1,2,2,-9,-9,2,2,1,2,-9,-9,1,1,1,1,2,2,-9,-9,1,1,2,2,2,2,2,2,1,1,1,1,1,2,1,2,2,2,1,2,1,1,1,1,2,2
10,2,2,1,2,1,2,1,1,1,1,1,1,1,2,1,1,1,1,2,2,1,1,1,1,2,2,1,2,1,1,1,2,1,1,2,2,1,1,1,1,1,1,1,1,1,2,1,1,1,1,2,2,2,2,1,1,2,2,1,1,1,2,2,2,1,1,2,2,2,2,2,2,1,1,2,2,1,1,-9,-9,1,1,-9,-9,1,1,1,1,1,1,1,1,1,1,-9,-9,2,2,2,2,2,2,2,2,1,1,1,1,1,1,1,1,1,1,1,2,1,1,2,2,1,1,1,1
10,2,2,1,2,1,2,1,1,1,1,1,2,1,2,1,1,1,1,2,2,1,1,1,1,2,2,1,2,1,1,1,2,1,2,1,2,1,1,1,1,1,1,1,2,1,2,-9,-9,1,1,2,2,2,2,-9,-9,2,2,1,1,1,2,2,2,1,1,1,2,2,2,1,2,1,1,2,2,1,1,2,2,1,1,1,1,1,1,1,1,1,1,1,1,1,2,2,2,2,2,2,2,2,2,2,2,1,1,1,1,1,1,1,1,1,1,1,2,1,2,1,2,1,1,1,1
10,1,2,1,2,2,2,1,1,2,2,1,2,1,2,1,1,1,1,2,2,1,2,2,2,-9,-9,1,2,1,2,1,2,1,2,2,2,1,1,1,1,1,2,1,1,1,2,2,2,1,1,1,2,1,2,-9,-9,1,2,1,1,2,2,1,1,1,1,1,2,2,2,1,1,1,1,2,2,1,1,1,2,2,2,1,2,1,2,1,1,1,1,1,1,1,1,2,2,-9,-9,1,2,2,2,2,2,1,1,1,2,1,2,1,1,1,2,1,2,2,2,1,1,1,1,2,2
10,2,2,2,2,-9,-9,1,1,1,1,1,1,2,2,1,1,2,2,-9,-9,1,1,2,2,1,1,1,1,2,2,1,1,1,2,2,2,1,1,2,2,1,1,1,1,-9,-9,2,2,1,1,1,2,1,2,1,1,1,1,1,1,1,1,1,1,1,1,1,2,2,2,1,2,1,2,2,2,1,1,1,1,2,2,1,1,1,1,1,1,-9,-9,1,1,1,1,2,2,-9,-9,1,1,1,1,2,2,2,2,1,2,-9,-9,2,2,1,1,1,2,2,2,1,2,1,2,2,2
11,2,2,2,2,1,1,-9,-9,1,1,1,1,1,1,1,1,1,2,2,2,1,1,2,2,1,1,1,1,1,1,1,1,1,1,2,2,1,1,2,2,1,2,1,2,2,2,1,1,1,1,2,2,1,2,1,1,2,2,1,1,1,2,1,1,1,1,1,1,1,1,1,2,1,2,2,2,1,1,2,2,2,2,-9,-9,2,2,1,1,1,2,1,1,1,1,2,2,-9,-9,1,1,1,1,2,2,2,2,1,1,1,1,-9,-9,1,2,2,2,1,1,1,2,1,2,-9,-9
11,1,1,2,2,1,1,1,1,1,2,1,2,1,1,1,1,2,2,2,2,1,1,2,2,1,1,1,1,1,1,1,1,1,1,2,2,1,1,2,2,2,2,2,2,1,1,2,2,1,2,1,2,1,1,1,1,2,2,1,1,1,2,1,2,1,1,1,1,-9,-9,1,1,2,2,2,2,1,1,2,2,2,2,-9,-9,2,2,1,2,2,2,2,2,1,2,2,2,2,2,1,1,1,2,2,2,1,1,1,1,1,1,1,1,1,2,2,2,1,1,1,2,1,1,2,2
11,2,2,2,2,1,2,1,1,1,1,1,1,1,1,1,2,1,2,2,2,1,1,1,2,2,2,1,1,1,1,1,2,1,1,1,1,-9,-9,2,2,2,2,1,1,1,1,1,1,1,1,2,2,2,2,1,1,2,2,1,1,1,2,1,1,1,1,1,1,2,2,1,2,1,2,2,2,1,1,-9,-9,2,2,1,1,2,2,1,2,1,1,2,2,1,1,2,2,2,2,1,2,2,2,2,2,1,1,1,2,1,1,1,2,1,2,1,1,2,2,2,2,1,1,2,2
11,1,2,2,2,1,2,1,2,1,2,1,1,1,1,1,1,1,2,2,2,1,1,2,2,2,2,1,1,1,1,2,2,1,1,1,2,1,1,2,2,2,2,1,1,1,2,2,2,1,2,2,2,2,2,1,1,1,1,1,1,1,2,1,2,1,1,1,1,2,2,1,2,1,1,2,2,1,2,1,1,1,2,-9,-9,2,2,2,2,2,2,1,2,1,1,2,2,2,2,2,2,2,2,2,2,1,2,1,1,-9,-9,1,2,1,2,1,1,2,2,1,2,1,1,2,2
11,1,1,2,2,-9,-9,1,2,1,2,1,2,1,1,1,1,1,2,2,2,1,1,1,2,1,1,1,1,1,1,1,2,1,1,1,2,1,1,2,2,2,2,1,2,2,2,2,2,1,1,2,2,1,2,1,1,2,2,1,1,1,1,1,1,-9,-9,-9,-9,2,2,1,1,1,2,2,2,1,2,1,2,1,2,1,2,2,2,2,2,1,2,1,2,1,1,2,2,2,2,1,2,2,2,2,2,1,1,2,2,1,1,1,1,1,2,2,2,1,1,1,2,1,1,1,2
11,2,2,2,2,1,2,1,1,1,1,1,1,1,1,1,1,1,1,2,2,1,1,2,2,1,1,1,1,1,1,1,1,1,1,2,2,1,1,2,2,1,2,1,2,2,2,1,2,2,2,2,2,2,2,1,1,2,2,1,1,1,1,1,1,1,1,1,1,1,1,1,1,1,2,2,2,1,1,1,2,1,2,-9,-9,2,2,1,1,1,1,1,1,1,1,2,2,-9,-9,1,1,1,1,2,2,1,1,1,1,1,1,2,2,1,1,1,2,1,1,1,2,1,1,2,2
11,2,2,2,2,1,2,-9,-9,1,1,1,1,1,1,1,1,1,2,2,2,1,1,2,2,1,1,1,1,1,1,1,1,1,1,2,2,1,1,2,2,1,1,2,2,2,2,2,2,2,2,2,2,1,2,1,1,2,2,1,1,2,2,1,1,1,1,1,1,1,1,1,2,1,2,2,2,1,1,2,2,2,2,-9,-9,2,2,1,1,1,1,1,1,1,1,2,2,-9,-9,1,1,1,1,2,2,1,2,1,1,1,1,1,1,1,1,2,2,1,1,1,2,1,1,2,2
11,2,2,2,2,1,2,1,1,1,1,1,1,1,1,1,1,1,2,2,2,1,1,2,2,1,1,1,1,1,1,1,1,1,1,2,2,1,1,2,2,1,2,2,2,2,2,2,2,1,2,2,2,1,2,1,1,1,2,1,1,2,2,1,1,1,1,1,1,1,1,1,1,1,2,2,2,1,1,2,2,2,2,-9,-9,2,2,1,1,1,1,1,1,1,1,2,2,-9,-9,1,1,1,1,2,2,2,2,1,1,1,1,1,1,1,1,2,2,1,1,1,1,1,1,2,2
11,2,2,2,2,1,1,1,1,1,1,1,1,1,1,1,1,1,2,2,2,1,1,2,2,1,1,1,1,1,1,1,1,1,1,2,2,1,1,2,2,1,2,2,2,2,2,1,1,2,2,2,2,1,2,1,1,2,2,1,1,1,2,1,1,1,1,1,1,1,2,1,2,1,2,2,2,1,1,-9,-9,2,2,-9,-9,2,2,1,1,1,1,1,1,1,1,2,2,-9,-9,1,2,1,1,2,2,1,2,1,1,1,1,1,2,2,2,2,2,1,1,2,2,1,2,2,2
11,2,2,2,2,1,1,1,1,1,1,1,1,1,1,1,1,1,2,2,2,1,1,2,2,1,1,1,1,1,1,1,1,1,1,2,2,1,1,2,2,1,2,1,2,2,2,1,1,1,1,2,2,1,2,1,1,2,2,1,1,1,2,1,1,1,1,1,1,1,1,1,2,1,2,2,2,1,1,2,2,2,2,-9,-9,2,2,1,1,1,2,1,1,1,1,2,2,-9,-9,1,1,1,1,2,2,2,2,1,1,1,1,1,2,1,2,2,2,1,1,1,2,1,2,-9,-9
12,1,2,1,1,-9,-9,2,2,1,1,1,1,1,1,1,2,1,1,2,2,1,1,1,2,1,1,1,1,1,2,1,1,1,2,2,2,-9,-9,2,2,2,2,2,2,2,2,1,1,1,1,1,2,1,2,1,2,2,2,1,1,2,2,1,1,1,1,1,2,2,2,1,2,1,1,2,2,1,1,2,2,2,2,-9,-9,2,2,1,1,2,2,2,2,1,1,2,2,2,2,2,2,2,2,2,2,1,1,1,1,1,1,1,1,1,1,2,2,1,1,1,2,1,1,-9,-9
12,1,2,1,1,-9,-9,1,2,1,2,1,1,1,1,1,1,1,2,2,2,1,1,2,2,1,1,1,1,1,1,1,1,1,1,2,2,1,1,1,2,2,2,2,2,1,2,1,2,1,1,1,2,1,2,1,1,2,2,1,1,1,2,1,1,1,1,1,2,2,2,2,2,1,1,2,2,1,2,1,2,2,2,-9,-9,2,2,1,1,1,2,1,2,1,1,2,2,2,2,1,2,2,2,2,2,1,1,1,2,1,2,1,1,1,1,2,2,1,1,1,1,1,1,1,1
12,2,2,2,2,1,1,1,2,1,2,1,1,1,1,1,2,1,1,2,2,1,1,1,2,2,2,1,1,1,1,1,1,1,2,2,2,1,1,2,2,1,2,2,2,-9,-9,2,2,1,1,2,2,2,2,1,2,1,2,1,1,1,1,1,1,1,1,2,2,2,2,1,1,1,1,2,2,1,1,1,1,1,1,2,2,2,2,1,1,1,1,-9,-9,1,1,2,2,-9,-9,2,2,1,2,1,2,1,1,2,2,1,2,1,1,2,2,2,2,-9,-9,1,1,1,2,-9,-9
12,1,2,2,2,1,1,1,1,1,2,1,1,1,1,1,1,1,1,2,2,1,1,1,2,2,2,1,1,1,2,1,1,1,2,1,2,1,1,1,2,1,2,2,2,-9,-9,2,2,1,1,2,2,2,2,1,2,1,2,1,1,1,1,1,1,1,1,2,2,2,2,1,1,1,1,1,2,1,1,1,1,1,1,2,2,2,2,1,1,1,1,-9,-9,1,1,1,2,2,2,2,2,1,2,1,2,1,1,2,2,1,2,1,1,2,2,2,2,-9,-9,1,1,1,2,2,2
12,2,2,1,2,1,1,1,1,2,2,1,1,1,1,1,1,1,2,-9,-9,2,2,2,2,1,1,1,1,2,2,1,1,1,2,1,2,1,1,1,1,1,1,2,2,2,2,1,2,2,2,1,1,2,2,1,2,2,2,1,2,1,2,1,1,-9,-9,-9,-9,2,2,1,1,1,2,2,2,-9,-9,2,2,1,2,-9,-9,1,1,1,2,1,1,-9,-9,2,2,2,2,-9,-9,-9,-9,2,2,2,2,1,1,1,1,1,2,1,2,1,2,2,2,1,2,2,2,1,1,2,2
12,1,2,2,2,1,1,1,1,2,2,2,2,1,1,-9,-9,-9,-9,-9,-9,2,2,1,1,1,1,1,1,2,2,1,1,1,1,1,1,1,1,1,1,1,2,2,2,2,2,2,2,2,2,2,2,2,2,1,1,-9,-9,1,1,1,2,1,2,1,1,2,2,1,1,1,1,1,1,2,2,1,1,1,2,2,2,-9,-9,2,2,1,1,-9,-9,1,1,1,2,2,2,-9,-9,1,1,2,2,2,2,1,2,1,1,1,2,-9,-9,2,2,2,2,1,1,2,2,1,1,-9,-9
12,1,2,2,2,1,1,1,2,1,1,1,1,1,1,1,2,1,2,2,2,1,2,1,2,1,1,1,2,1,1,2,2,1,1,2,2,1,1,2,2,2,2,1,2,1,1,2,2,2,2,2,2,2,2,1,1,1,2,1,1,2,2,1,2,-9,-9,1,2,1,2,1,2,1,2,1,2,1,1,2,2,1,2,2,2,-9,-9,1,2,-9,-9,1,1,1,1,2,2,2,2,2,2,1,1,2,2,1,2,-9,-9,1,1,-9,-9,1,1,2,2,1,1,2,2,1,1,2,2
12,2,2,2,2,1,1,1,1,1,2,1,1,1,2,1,2,1,1,2,2,1,1,2,2,1,1,1,1,1,1,2,2,1,1,2,2,1,1,2,2,2,2,1,1,1,1,2,2,2,2,1,2,2,2,1,1,1,1,1,1,2,2,1,2,1,1,1,1,1,1,1,1,1,2,2,2,2,2,1,2,2,2,2,2,2,2,2,2,1,1,2,2,1,1,2,2,-9,-9,1,2,1,1,2,2,1,2,1,1,1,1,1,1,1,1,2,2,2,2,1,1,-9,-9,-9,-9
12,1,2,1,2,1,1,1,2,-9,-9,1,2,1,2,1,1,1,2,2,2,1,1,1,2,1,1,1,1,1,2,1,1,1,2,1,2,1,2,1,2,2,2,1,2,1,2,1,2,2,2,1,1,2,2,1,2,1,2,1,1,1,2,2,2,1,1,1,2,1,2,1,1,1,1,1,2,1,2,1,2,2,2,1,1,2,2,1,2,1,1,1,2,1,2,1,2,2,2,1,1,1,2,1,2,1,2,-9,-9,1,2,1,2,1,2,1,2,1,2,1,1,2,2,1,1
12,-9,-9,2,2,-9,-9,2,2,2,2,2,2,1,1,1,1,2,2,2,2,1,1,1,1,2,2,1,1,1,1,1,1,1,1,1,2,-9,-9,-9,-9,1,1,2,2,2,2,2,2,1,1,2,2,2,2,1,1,1,1,1,1,1,1,1,1,1,1,1,1,2,2,1,2,1,1,2,2,1,1,1,2,1,2,1,1,2,2,1,1,1,2,1,1,1,1,-9,-9,2,2,1,2,1,1,2,2,1,1,1,1,-9,-9,1,1,1,1,2,2,1,1,2,2,1,1,1,1
12,2,2,2,2,1,1,2,2,1,2,1,2,1,1,1,1,2,2,2,2,1,1,1,2,2,2,1,1,2,2,1,1,-9,-9,2,2,-9,-9,1,2,1,1,2,2,2,2,1,2,1,1,1,2,2,2,1,1,1,1,1,1,1,2,1,1,1,1,1,1,2,2,2,2,1,1,2,2,1,1,2,2,2,2,-9,-9,2,2,1,1,2,2,1,1,1,1,2,2,2,2,1,1,1,1,2,2,1,1,1,1,2,2,1,1,1,1,2,2,1,1,2,2,1,1,-9,-9
12,2,2,1,1,-9,-9,2,2,1,1,1,1,1,1,2,2,1,1,2,2,1,1,1,1,-9,-9,1,1,2,2,2,2,2,2,2,2,-9,-9,2,2,1,2,1,1,-9,-9,1,1,1,1,1,2,2,2,2,2,2,2,1,1,2,2,1,1,1,1,2,2,1,2,1,2,1,1,1,1,1,1,2,2,2,2,-9,-9,2,2,1,1,2,2,2,2,1,1,-9,-9,2,2,2,2,2,2,2,2,1,2,1,1,-9,-9,1,1,1,2,1,1,2,2,2,2,1,1,-9,-9
12,2,2,1,1,-9,-9,2,2,1,2,1,1,1,1,1,1,1,1,2,2,1,1,2,2,-9,-9,1,1,1,1,1,1,1,1,2,2,-9,-9,1,1,-9,-9,2,2,2,2,2,2,1,1,2,2,2,2,1,1,-9,-9,1,1,1,2,1,1,1,1,1,1,2,2,2,2,1,1,2,2,1,2,2,2,2,2,-9,-9,2,2,1,1,2,2,1,2,1,1,-9,-9,2,2,2,2,2,2,2,2,1,1,1,2,2,2,1,1,1,1,2,2,1,1,1,1,1,1,1,1
12,1,2,1,1,-9,-9,1,2,1,2,1,1,1,1,1,1,1,2,2,2,1,1,2,2,1,1,1,1,1,1,1,1,1,1,2,2,1,1,1,2,2,2,2,2,1,2,1,2,1,1,1,2,1,2,1,1,2,2,1,1,1,2,1,1,1,1,1,2,2,2,2,2,1,1,2,2,1,2,1,2,2,2,-9,-9,2,2,1,1,1,2,1,2,1,1,2,2,2,2,1,2,2,2,2,2,1,1,1,2,1,2,1,1,1,1,2,2,1,1,1,1,1,1,1,1
12,1,2,2,2,1,1,1,1,1,2,1,1,1,1,-9,-9,1,1,2,2,1,1,2,2,2,2,1,1,1,2,1,1,2,2,2,2,1,1,1,2,1,2,2,2,-9,-9,2,2,1,1,2,2,2,2,1,1,2,2,1,1,1,1,1,1,-9,-9,2,2,2,2,1,1,1,1,1,2,1,1,1,1,1,1,-9,-9,2,2,1,2,1,1,1,1,1,1,1,2,-9,-9,2,2,1,1,2,2,1,1,2,2,1,2,1,1,2,2,2,2,-9,-9,1,1,1,1,2,2
12,1,2,2,2,1,1,1,2,1,2,1,1,1,1,2,2,1,1,2,2,1,1,1,2,2,2,1,1,1,2,1,1,1,1,1,2,1,1,2,2,1,1,2,2,-9,-9,2,2,1,1,2,2,2,2,1,1,1,2,1,1,1,1,1,1,1,1,2,2,2,2,1,1,1,1,1,2,1,1,1,1,1,1,2,2,2,2,1,1,1,1,1,1,1,1,1,2,2,2,1,2,1,1,1,2,1,1,2,2,1,2,1,1,2,2,2,2,-9,-9,1,1,1,2,-9,-9
12,1,2,1,2,1,1,1,2,1,2,-9,-9,1,1,1,2,1,2,2,2,1,2,1,2,1,1,1,1,1,2,1,1,1,2,1,2,1,2,1,2,-9,-9,2,2,1,2,1,2,2,2,-9,-9,2,2,1,2,1,2,1,2,1,2,-9,-9,1,1,1,2,1,1,1,1,1,1,1,2,-9,-9,1,2,1,2,1,2,1,2,-9,-9,1,1,1,1,1,2,1,2,2,2,1,1,2,2,1,2,1,2,1,2,1,2,1,2,1,2,2,2,1,2,1,2,1,2,2,2
12,2,2,1,1,1,1,1,1,2,2,1,2,1,1,1,1,1,2,2,2,2,2,2,2,1,1,1,1,-9,-9,1,1,2,2,2,2,1,1,1,1,1,2,2,2,2,2,1,2,2,2,1,2,2,2,2,2,2,2,1,2,1,2,1,1,-9,-9,1,1,1,2,1,1,1,1,2,2,2,2,2,2,1,2,-9,-9,1,1,2,2,1,1,-9,-9,1,2,2,2,-9,-9,1,1,2,2,2,2,1,2,1,1,1,1,2,2,1,2,2,2,1,1,2,2,1,1,2,2
12,1,2,2,2,1,1,1,1,1,1,1,2,1,1,1,1,1,1,2,2,1,1,1,2,-9,-9,1,1,1,1,1,1,1,2,1,1,1,1,2,2,2,2,1,2,1,1,-9,-9,2,2,1,2,2,2,1,2,1,1,1,1,1,1,1,1,1,1,1,2,2,2,1,1,-9,-9,1,2,1,2,1,2,1,2,2,2,2,2,1,1,2,2,2,2,1,1,2,2,2,2,1,2,1,2,2,2,1,1,1,1,1,1,1,1,2,2,1,2,2,2,1,1,1,1,1,2
12,2,2,2,2,1,1,1,1,1,1,1,1,1,1,1,1,2,2,2,2,1,1,2,2,1,1,1,1,1,2,1,1,1,2,2,2,1,1,2,2,1,2,1,1,2,2,2,2,1,1,2,2,2,2,1,2,1,1,1,1,2,2,1,2,1,1,1,1,2,2,1,2,1,2,2,2,1,1,1,1,2,2,-9,-9,2,2,1,1,1,1,1,2,1,1,2,2,-9,-9,2,2,1,2,2,2,2,2,1,2,1,1,-9,-9,1,1,2,2,1,1,1,1,1,1,2,2
13,1,2,1,1,1,1,1,1,1,2,1,1,1,1,2,2,2,2,2,2,1,1,1,1,1,1,1,1,1,2,1,1,1,2,1,2,2,2,2,2,2,2,2,2,1,2,1,2,1,2,1,2,2,2,1,1,1,1,2,2,1,1,1,2,1,1,1,1,-9,-9,1,1,2,2,1,2,1,1,2,2,1,2,-9,-9,2,2,1,2,-9,-9,1,1,1,1,1,2,2,2,1,1,2,2,2,2,1,1,1,2,2,2,1,1,1,2,1,2,1,2,1,2,1,1,2,2
13,1,2,2,2,1,2,-9,-9,1,1,1,1,1,1,1,1,1,2,2,2,1,1,2,2,1,1,1,1,1,1,1,1,1,1,2,2,1,1,1,2,1,2,1,2,2,2,1,2,2,2,2,2,2,2,1,1,1,2,1,1,1,1,1,1,1,1,1,1,1,1,1,2,1,1,2,2,1,1,2,2,1,2,-9,-9,2,2,1,1,1,1,1,1,1,1,2,2,-9,-9,1,1,1,1,2,2,2,2,1,1,1,1,1,1,1,1,2,2,1,1,2,2,1,2,2,2
13,2,2,2,2,1,1,1,1,1,1,1,1,1,1,-9,-9,1,1,2,2,1,1,2,2,1,1,1,1,1,1,1,1,1,1,2,2,1,1,2,2,1,2,1,1,2,2,2,2,-9,-9,1,1,1,1,1,1,2,2,1,1,1,1,1,2,1,1,2,2,1,1,1,1,1,1,1,2,1,1,2,2,2,2,-9,-9,2,2,2,2,-9,-9,-9,-9,1,2,2,2,-9,-9,1,2,2,2,2,2,1,2,1,1,1,1,2,2,2,2,1,2,2,2,1,1,1,1,-9,-9
13,2,2,1,2,1,1,2,2,2,2,1,1,1,1,1,1,2,2,2,2,2,2,2,2,-9,-9,1,1,2,2,1,1,1,2,2,2,-9,-9,1,1,1,1,1,1,1,1,1,1,2,2,1,1,2,2,1,1,1,1,1,2,1,1,1,1,1,1,2,2,2,2,2,2,1,1,2,2,1,1,2,2,2,2,-9,-9,2,2,1,1,2,2,-9,-9,1,1,2,2,2,2,1,1,2,2,2,2,1,1,1,1,1,1,1,1,2,2,2,2,1,1,1,1,1,1,-9,-9
13,2,2,1,1,-9,-9,2,2,1,2,1,1,1,1,-9,-9,1,1,2,2,1,1,2,2,1,1,1,1,1,2,1,1,1,2,2,2,2,2,1,2,1,2,2,2,1,1,2,2,1,1,1,2,2,2,1,1,2,2,2,2,1,2,2,2,-9,-9,1,1,-9,-9,1,1,2,2,2,2,2,2,2,2,1,1,1,2,2,2,1,1,1,1,1,1,2,2,2,2,2,2,1,1,1,1,2,2,1,1,1,2,1,2,1,1,1,1,2,2,1,1,1,2,1,1,2,2
13,1,2,1,1,1,1,1,1,1,2,1,2,1,2,2,2,1,2,2,2,1,1,2,2,1,1,1,1,1,2,1,1,1,2,2,2,1,2,1,2,-9,-9,2,2,1,2,1,2,1,1,1,2,1,2,1,1,1,2,2,2,2,2,1,2,1,1,1,1,2,2,1,1,1,2,2,2,1,2,1,2,1,1,1,2,2,2,1,1,1,1,-9,-9,1,2,1,2,2,2,-9,-9,1,1,2,2,1,1,1,2,1,2,1,1,1,2,2,2,1,1,1,2,1,1,2,2
13,1,1,1,2,1,1,2,2,1,2,1,1,2,2,2,2,2,2,2,2,1,1,1,1,-9,-9,1,1,-9,-9,1,1,1,2,1,1,1,1,1,2,1,2,2,2,2,2,1,2,1,2,1,2,1,1,1,1,1,1,1,2,1,1,1,1,1,1,1,1,1,1,1,1,1,2,1,1,1,2,-9,-9,1,2,1,2,2,2,1,2,1,1,1,1,1,1,1,1,-9,-9,1,1,1,1,2,2,1,1,1,2,2,2,1,1,1,1,1,1,2,2,1,2,1,1,2,2
13,1,2,1,2,1,1,1,2,1,2,1,2,1,2,1,2,1,2,2,2,1,1,1,2,1,1,1,1,1,2,1,1,1,2,1,2,1,2,1,2,1,2,2,2,1,2,1,2,1,2,1,2,1,2,1,1,1,2,1,2,1,2,1,2,1,1,1,1,1,2,1,1,1,2,1,2,1,2,-9,-9,1,2,1,2,2,2,1,2,1,1,1,1,1,2,1,2,2,2,1,1,1,2,2,2,1,1,1,2,1,2,1,1,1,2,1,2,1,2,1,2,1,1,2,2
13,1,2,1,2,1,1,1,2,1,2,1,2,1,2,1,2,1,2,2,2,1,1,1,2,1,1,1,1,1,2,1,1,1,2,1,2,1,2,1,2,1,2,2,2,1,2,1,2,1,2,1,2,1,2,1,1,1,2,1,2,1,2,1,2,1,1,1,1,1,2,1,1,1,2,1,2,1,2,1,2,1,2,1,2,2,2,1,2,1,1,1,1,1,2,1,2,2,2,1,1,1,2,2,2,1,1,1,2,1,2,1,1,1,2,1,2,1,2,1,2,1,1,2,2
13,2,2,-9,-9,1,1,1,2,1,2,1,2,2,2,-9,-9,-9,-9,1,2,1,1,-9,-9,1,1,1,2,1,1,1,1,-9,-9,2,2,1,1,2,2,1,1,2,2,2,2,1,2,1,2,2,2,-9,-9,1,1,2,2,1,1,1,2,-9,-9,1,1,-9,-9,1,2,1,1,-9,-9,1,2,1,1,1,2,1,2,1,1,-9,-9,1,1,1,1,1,2,-9,-9,2,2,2,2,1,1,-9,-9,2,2,1,2,1,2,-9,-9,1,1,1,2,1,2,1,1,1,2,1,2,1,1
13,1,2,1,1,1,1,1,2,1,2,-9,-9,1,1,1,1,1,2,2,2,1,1,2,2,1,1,1,1,1,2,1,1,1,2,1,1,2,2,1,2,2,2,1,2,1,2,1,2,2,2,1,1,2,2,1,2,1,2,1,1,1,2,2,2,1,1,2,2,1,2,1,1,1,1,1,1,1,2,1,1,2,2,-9,-9,2,2,1,2,1,1,2,2,1,2,1,2,2,2,1,1,2,2,1,2,1,2,1,1,1,2,1,1,2,2,1,1,2,2,1,1,2,2,-9,-9
13,2,2,2,2,1,1,1,1,1,1,1,1,1,1,1,1,1,2,2,2,1,1,2,2,1,1,1,1,1,1,1,1,1,1,2,2,1,1,2,2,1,2,2,2,2,2,1,1,2,2,2,2,1,2,1,1,2,2,1,1,1,2,1,1,1,1,1,1,-9,-9,1,2,1,2,2,2,1,1,2,2,2,2,-9,-9,2,2,1,1,1,1,1,1,1,1,2,2,-9,-9,1,2,1,1,2,2,1,2,1,1,1,1,1,2,2,2,2,2,1,1,2,2,1,2,2,2
13,1,2,2,2,1,1,-9,-9,1,2,2,2,1,1,1,1,1,2,2,2,1,1,-9,-9,-9,-9,1,1,2,2,-9,-9,1,2,1,2,2,2,1,1,1,1,2,2,1,2,1,2,1,2,-9,-9,2,2,1,1,1,2,1,2,1,2,2,2,1,1,1,1,-9,-9,1,1,1,2,1,2,1,2,1,2,1,2,1,2,2,2,1,2,-9,-9,1,1,1,2,2,2,2,2,1,1,1,1,2,2,1,1,-9,-9,-9,-9,1,1,1,2,-9,-9,-9,-9,1,2,1,1,-9,-9
13,1,2,1,2,1,1,1,2,1,2,1,2,1,2,-9,-9,1,2,2,2,1,1,-9,-9,1,1,1,1,1,2,1,1,1,2,-9,-9,-9,-9,1,2,1,1,2,2,1,2,1,2,1,2,-9,-9,1,2,1,1,1,2,1,2,1,2,1,2,1,1,1,1,1,2,1,1,-9,-9,1,2,1,2,-9,-9,1,2,1,2,2,2,1,2,1,1,1,1,1,2,1,2,2,2,1,1,-9,-9,2,2,1,1,-9,-9,1,2,1,1,1,2,1,2,1,2,-9,-9,1,1,2,2
13,1,2,1,2,1,1,1,2,1,2,1,2,-9,-9,1,2,1,2,2,2,1,1,1,2,1,1,1,1,1,2,1,1,1,2,1,2,1,2,1,2,-9,-9,-9,-9,1,2,1,2,1,2,1,2,1,2,1,1,1,2,1,2,-9,-9,1,2,-9,-9,1,1,1,2,1,1,1,2,1,2,1,2,-9,-9,1,2,-9,-9,2,2,1,2,1,1,1,1,1,2,1,2,2,2,1,1,1,2,2,2,1,1,1,2,1,2,1,1,1,2,1,2,-9,-9,1,2,1,1,2,2
13,-9,-9,1,1,1,1,-9,-9,-9,-9,1,2,1,1,1,1,1,2,2,2,1,1,2,2,1,1,1,1,1,2,1,1,-9,-9,1,1,2,2,-9,-9,-9,-9,1,2,1,2,-9,-9,2,2,1,1,2,2,-9,-9,1,2,1,1,1,2,2,2,1,1,2,2,1,2,1,1,1,1,1,1,1,2,1,1,2,2,-9,-9,2,2,1,2,1,1,2,2,1,2,1,2,2,2,1,1,2,2,1,2,1,2,1,1,1,2,1,1,2,2,1,1,2,2,1,1,2,2,-9,-9
13,2,2,2,2,-9,-9,-9,-9,1,1,1,1,1,1,1,1,1,2,2,2,1,1,2,2,1,1,1,1,1,1,1,1,1,1,2,2,1,1,2,2,1,1,2,2,2,2,2,2,2,2,2,2,1,2,1,1,2,2,1,1,2,2,1,1,1,1,1,1,1,1,1,2,-9,-9,2,2,1,1,2,2,2,2,-9,-9,2,2,1,1,1,1,1,1,1,1,-9,-9,-9,-9,1,1,1,1,2,2,1,2,1,1,1,1,1,1,1,1,2,2,1,1,-9,-9,1,1,2,2
13,2,2,2,2,1,2,1,1,1,1,1,1,1,1,1,1,1,1,2,2,1,1,2,2,1,1,1,1,1,1,1,1,1,1,2,2,1,1,2,2,-9,-9,2,2,2,2,1,1,1,1,2,2,1,2,1,1,2,2,1,1,1,1,1,1,1,1,1,1,1,1,2,2,1,2,2,2,1,1,2,2,2,2,-9,-9,2,2,1,1,1,1,1,1,1,1,2,2,-9,-9,1,1,1,1,2,2,1,2,1,1,1,1,1,2,1,1,2,2,1,1,2,2,1,1,2,2
14,2,2,2,2,1,2,1,1,1,1,1,1,1,1,1,2,1,2,2,2,1,1,1,2,2,2,1,1,1,1,1,2,1,1,1,1,-9,-9,2,2,2,2,1,1,1,1,1,1,1,1,2,2,2,2,1,1,2,2,1,1,1,2,1,1,1,1,1,1,2,2,1,2,1,2,2,2,1,1,-9,-9,2,2,1,1,2,2,1,2,1,1,2,2,1,1,2,2,2,2,1,2,2,2,-9,-9,1,1,1,2,1,1,1,2,1,2,1,1,2,2,2,2,1,1,2,2
14,2,2,2,2,1,1,1,1,1,1,1,1,1,1,1,1,1,2,2,2,1,1,2,2,1,1,1,1,1,1,1,1,1,1,2,2,1,1,2,2,1,2,1,2,2,2,1,1,1,1,2,2,1,2,1,1,2,2,1,1,1,2,1,1,1,1,1,1,1,1,1,2,1,2,2,2,1,1,2,2,2,2,-9,-9,2,2,1,1,1,2,1,1,1,1,2,2,-9,-9,1,1,1,1,2,2,2,2,1,1,1,1,1,2,1,2,2,2,1,1,1,2,-9,-9,-9,-9
14,2,2,2,2,1,2,1,1,1,1,1,1,1,1,1,1,1,2,-9,-9,1,1,2,2,1,1,1,1,1,1,1,1,1,1,2,2,1,1,2,2,2,2,2,2,2,2,1,2,1,1,2,2,1,2,1,1,1,2,1,1,1,2,1,1,1,1,1,1,1,1,1,1,2,2,2,2,1,1,2,2,1,2,-9,-9,2,2,1,2,1,1,1,1,1,1,2,2,-9,-9,1,1,1,1,2,2,1,1,1,1,1,1,1,2,1,2,2,2,1,1,2,2,2,2,-9,-9
14,2,2,1,2,1,1,2,2,1,2,1,1,-9,-9,1,1,1,2,2,2,1,2,2,2,1,1,1,1,1,1,1,1,1,1,2,2,1,1,2,2,1,1,1,1,2,2,1,1,2,2,1,1,2,2,1,1,-9,-9,1,2,1,1,1,1,1,1,2,2,1,1,1,2,1,1,2,2,1,2,1,2,2,2,-9,-9,2,2,1,2,2,2,-9,-9,2,2,1,2,-9,-9,1,1,1,2,1,2,1,1,1,1,1,2,1,2,1,2,2,2,-9,-9,1,1,1,2,-9,-9
14,2,2,1,2,1,1,1,1,1,1,1,1,1,1,1,1,1,1,2,2,2,2,2,2,1,1,1,1,1,1,1,1,1,1,2,2,1,1,1,1,2,2,1,2,2,2,1,1,2,2,1,2,1,1,1,1,2,2,1,2,1,1,1,1,1,1,1,1,1,1,1,2,1,1,2,2,1,1,2,2,1,2,1,1,2,2,1,2,2,2,-9,-9,1,1,2,2,-9,-9,1,2,1,1,2,2,2,2,1,1,1,1,1,1,1,1,2,2,-9,-9,1,1,1,1,-9,-9
14,2,2,1,1,1,1,1,2,1,1,1,1,2,2,1,1,1,2,2,2,2,2,1,1,1,1,1,1,1,1,1,1,2,2,1,2,1,1,1,2,2,2,2,2,2,2,1,2,2,2,1,1,2,2,1,1,-9,-9,2,2,1,2,1,2,-9,-9,1,1,1,1,1,2,1,1,1,2,2,2,2,2,1,2,1,1,2,2,2,2,1,1,-9,-9,1,2,2,2,-9,-9,2,2,1,1,1,2,1,2,1,2,1,1,1,1,1,1,1,2,1,2,2,2,1,2,1,1
14,1,1,1,2,-9,-9,1,2,1,1,2,2,1,1,2,2,1,1,2,2,1,1,1,2,1,1,1,1,1,1,1,1,1,1,1,2,2,2,1,2,1,2,2,2,1,2,1,2,1,1,1,2,2,2,1,1,2,2,1,2,2,2,1,2,-9,-9,1,1,1,2,1,1,1,2,1,1,2,2,1,1,1,2,1,2,2,2,1,1,1,1,1,1,1,1,1,1,2,2,1,1,1,2,2,2,1,1,1,2,1,1,1,1,1,2,1,1,2,2,1,2,1,1,-9,-9
14,1,2,1,1,1,1,1,2,1,1,1,2,-9,-9,1,2,1,1,2,2,1,1,1,2,1,1,1,1,1,2,1,1,1,1,1,1,1,2,1,1,2,2,2,2,1,1,1,2,1,1,1,2,1,2,1,1,2,2,2,2,1,2,1,1,1,1,1,1,1,1,1,1,1,1,1,2,1,1,1,1,1,2,1,2,2,2,1,1,1,1,1,1,2,2,1,2,2,2,-9,-9,1,2,2,2,1,1,2,2,2,2,1,1,1,2,1,2,1,2,2,2,1,1,2,2
14,2,2,1,2,1,1,1,2,1,2,1,1,1,2,2,2,1,2,2,2,1,1,1,2,1,1,1,1,1,2,1,1,1,2,2,2,1,2,1,1,1,2,2,2,2,2,1,2,1,2,2,2,1,2,1,1,1,2,1,2,1,2,1,2,1,1,1,1,1,1,1,1,1,1,2,2,1,2,1,1,1,2,1,2,2,2,1,2,1,1,1,1,2,2,2,2,2,2,-9,-9,1,2,2,2,1,1,2,2,1,2,1,1,1,2,2,2,1,1,2,2,1,1,2,2
14,1,1,1,2,1,1,1,2,1,1,1,2,1,2,1,1,1,2,2,2,1,2,1,2,1,1,1,1,1,1,1,1,1,1,1,2,1,1,1,1,1,2,1,1,1,2,2,2,-9,-9,1,2,2,2,1,1,1,2,1,1,2,2,1,2,1,1,1,1,2,2,1,2,1,1,1,2,1,2,1,1,1,1,1,2,2,2,1,2,1,1,-9,-9,1,2,1,1,2,2,1,1,1,1,2,2,2,2,1,1,1,1,1,1,1,1,1,2,1,2,1,2,1,2,1,1
14,1,2,1,2,1,1,1,2,1,2,1,2,1,2,1,2,1,2,2,2,1,1,1,2,1,1,1,1,1,2,1,1,1,2,1,2,1,2,1,2,-9,-9,2,2,1,2,1,2,1,2,1,2,1,2,1,1,1,2,1,2,1,2,1,2,1,1,1,1,1,2,1,1,1,2,1,2,1,2,1,2,1,2,1,2,2,2,1,2,1,1,1,1,1,2,1,2,2,2,1,1,1,2,2,2,1,1,1,2,1,2,1,1,1,2,1,2,-9,-9,1,2,1,1,2,2
14,1,2,1,2,1,1,1,2,1,2,1,2,1,2,1,2,1,2,2,2,1,1,1,2,1,1,1,1,1,2,1,1,1,2,1,2,1,2,1,2,1,2,2,2,1,2,1,2,1,2,1,2,1,2,1,1,1,2,1,2,1,2,1,2,1,1,1,1,1,2,1,1,1,2,1,2,1,2,1,2,1,2,1,2,2,2,1,2,1,1,1,1,1,2,1,2,2,2,1,1,1,2,2,2,1,1,1,2,1,2,1,1,1,2,1,2,1,2,1,2,1,1,2,2
14,1,2,2,2,1,1,2,2,2,2,1,2,2,2,1,1,1,2,2,2,1,1,1,2,-9,-9,1,1,2,2,1,1,1,2,1,2,1,2,1,2,2,2,1,2,1,2,1,1,2,2,1,1,2,2,1,2,1,2,1,1,1,2,2,2,1,1,1,2,-9,-9,1,1,1,1,1,2,1,2,1,2,2,2,-9,-9,2,2,1,2,1,1,1,1,1,2,1,2,-9,-9,1,1,1,2,1,2,2,2,1,1,1,2,1,2,1,2,1,2,1,2,1,1,2,2,1,1
14,1,2,2,2,1,2,1,2,1,2,1,1,1,1,1,1,1,2,2,2,1,1,2,2,2,2,1,1,1,1,2,2,1,1,1,2,1,1,2,2,2,2,1,1,1,2,2,2,1,2,2,2,2,2,1,1,1,1,1,1,1,2,1,2,1,1,1,1,2,2,1,2,1,1,2,2,1,2,1,1,1,2,-9,-9,2,2,2,2,2,2,1,2,1,1,2,2,2,2,2,2,2,2,2,2,1,2,1,1,-9,-9,1,2,1,2,1,1,2,2,1,2,1,1,2,2
14,1,2,1,1,1,1,1,1,1,2,1,2,1,2,1,1,1,2,2,2,2,2,2,2,1,1,1,1,1,1,1,1,1,2,1,2,1,1,1,1,2,2,1,1,1,1,1,2,-9,-9,1,2,2,2,1,2,1,2,1,1,2,2,2,2,1,1,1,1,1,2,1,2,1,1,1,2,1,2,1,1,1,1,1,2,2,2,2,2,1,1,-9,-9,1,2,1,2,2,2,1,1,1,2,2,2,1,2,1,2,1,1,1,1,1,1,1,1,1,2,1,2,2,2,-9,-9
14,1,1,2,2,1,1,1,2,1,2,1,1,1,2,1,2,1,1,2,2,1,2,1,2,1,1,1,1,1,2,1,1,-9,-9,1,2,1,1,1,2,2,2,1,1,1,2,1,2,1,1,1,2,2,2,1,1,1,2,1,1,2,2,2,2,1,1,1,2,1,2,1,1,1,2,1,2,1,1,1,2,1,1,1,2,2,2,1,1,1,1,1,2,1,1,1,2,2,2,1,1,1,2,2,2,1,2,1,2,1,2,1,2,1,2,1,2,1,2,1,2,1,2,2,2
14,1,2,1,1,1,1,1,1,2,2,1,1,1,2,1,2,1,2,2,2,1,2,1,2,1,1,1,1,1,2,1,2,2,2,1,2,1,1,1,1,2,2,1,1,2,2,1,2,1,2,1,2,2,2,1,2,1,2,1,1,1,2,1,2,1,1,1,2,1,1,1,2,1,2,2,2,1,1,1,2,1,2,1,2,2,2,1,1,-9,-9,2,2,1,2,1,2,-9,-9,1,2,1,2,2,2,1,1,1,2,1,1,1,1,1,2,1,2,1,2,1,2,1,2,1,2
14,1,2,2,2,1,1,1,1,1,1,1,2,1,2,1,1,1,2,2,2,2,2,1,2,1,1,1,1,1,1,1,1,2,2,1,2,1,1,1,1,2,2,1,1,1,2,1,1,-9,-9,2,2,2,2,2,2,1,2,1,1,2,2,1,2,1,1,1,1,1,2,1,2,1,2,2,2,1,1,1,2,1,2,1,2,2,2,1,2,1,2,1,1,1,1,1,2,-9,-9,1,1,1,2,2,2,2,2,1,2,1,1,1,2,1,1,2,2,2,2,1,2,2,2,2,2
14,1,1,2,2,1,1,1,2,1,2,1,1,1,2,1,2,1,1,2,2,1,2,1,2,1,1,1,1,1,2,1,1,1,2,1,2,1,1,1,2,2,2,1,1,1,2,1,2,1,1,1,2,2,2,1,1,1,2,1,1,2,2,2,2,1,1,1,2,1,2,1,1,1,2,1,2,1,1,1,2,1,1,1,2,2,2,1,1,1,1,1,2,1,1,1,2,2,2,1,1,1,2,2,2,1,2,1,2,1,2,1,2,1,2,1,2,1,2,1,2,1,2,2,2
14,2,2,2,2,-9,-9,2,2,1,1,1,1,1,1,1,1,1,1,2,2,1,1,1,1,-9,-9,1,1,1,1,1,2,1,1,1,1,-9,-9,2,2,1,1,1,1,1,1,1,2,-9,-9,2,2,2,2,1,1,2,2,1,1,1,2,2,2,-9,-9,2,2,2,2,1,1,1,1,2,2,2,2,1,1,2,2,-9,-9,1,2,1,2,2,2,2,2,1,1,2,2,2,2,1,1,1,2,2,2,1,2,1,1,1,2,1,1,1,2,2,2,1,1,2,2,2,2,1,1
14,2,2,2,2,-9,-9,2,2,1,1,1,1,1,1,1,2,1,2,2,2,1,1,1,1,1,1,1,1,1,1,1,2,1,1,1,1,-9,-9,2,2,1,1,1,2,1,1,1,2,-9,-9,2,2,2,2,1,1,2,2,1,1,2,2,2,2,-9,-9,2,2,2,2,1,1,1,1,2,2,2,2,1,1,2,2,-9,-9,1,2,1,2,2,2,2,2,1,1,-9,-9,2,2,1,1,1,2,2,2,1,1,1,1,1,2,1,1,1,1,2,2,1,1,2,2,1,1,1,1
