1,114,114,230,230,217,217,126,126,197,197,171,171,153,153,173,173
1,109,109,167,176,275,275,132,132,197,197,171,171,149,149,171,171
1,115,115,230,230,217,217,126,126,197,197,172,172,153,153,173,173
1,115,115,229,229,216,216,126,126,197,197,220,220,153,153,173,173
1,115,115,229,229,217,217,126,126,197,197,154,154,152,152,173,173
1,115,115,230,230,217,217,126,126,197,197,220,220,153,153,143,143
1,114,114,230,230,217,217,125,125,197,197,-9,-9,153,153,173,173
1,112,112,235,235,235,235,125,125,197,197,214,214,150,150,163,163
1,115,115,229,229,217,217,126,126,200,200,-9,-9,153,153,173,173
1,114,114,233,233,217,217,125,125,197,197,157,157,153,153,173,173
1,115,115,230,230,217,217,125,125,197,197,175,175,153,153,173,173
1,115,115,233,233,217,217,125,125,197,197,169,169,153,153,172,172
1,115,115,233,233,216,216,126,126,197,197,220,220,153,153,173,173
1,115,115,-9,-9,217,217,126,126,-9,-9,178,178,152,152,172,172
1,115,115,210,210,217,217,-9,-9,190,190,-9,-9,-9,-9,173,173
1,115,115,229,229,217,217,136,136,197,197,136,136,153,153,173,173
1,112,112,155,188,320,320,132,132,-9,-9,225,225,158,158,163,163
1,110,110,184,229,-9,-9,125,130,189,189,144,144,153,153,161,161
1,112,112,188,188,362,362,132,132,191,191,221,221,159,159,139,139
1,115,115,160,160,214,214,-9,-9,190,190,-9,-9,-9,-9,-9,-9
1,115,115,236,236,217,217,126,126,200,200,202,202,153,153,173,173
1,112,112,160,160,343,343,131,131,-9,-9,174,175,150,150,160,160
1,115,115,229,229,217,217,125,125,197,197,136,187,153,153,173,173
1,115,115,128,128,214,214,125,125,197,197,168,168,152,152,173,173
1,115,115,229,229,217,217,125,125,197,197,-9,-9,152,152,173,173
1,109,109,224,224,233,233,126,126,-9,-9,130,130,153,153,166,166
1,115,115,233,233,198,214,125,125,198,198,-9,-9,153,153,172,172
1,115,115,259,259,217,217,125,125,197,197,185,185,152,152,173,173
1,108,108,199,199,199,199,132,132,-9,-9,171,171,153,153,169,169
1,-9,-9,229,229,217,217,125,125,197,197,203,203,170,170,173,173
1,115,115,229,229,-9,-9,125,125,197,197,-9,-9,150,150,172,172
1,115,115,230,230,217,217,-9,-9,197,197,-9,-9,154,154,173,173
1,115,115,230,230,217,217,126,126,197,197,207,207,153,153,173,173
1,115,115,230,230,217,217,126,126,197,197,220,220,153,153,161,161
1,115,115,145,145,-9,-9,126,126,191,191,-9,-9,153,153,156,156
1,115,115,229,229,217,217,125,125,197,197,-9,-9,153,153,173,173
1,112,112,290,290,217,217,125,125,197,197,214,214,149,149,172,172
1,115,115,229,229,217,217,125,125,197,197,182,182,152,152,173,173
1,112,115,287,287,217,217,125,125,200,200,214,214,150,153,173,173
1,112,115,235,290,217,217,125,125,197,197,214,214,150,153,162,162
1,115,115,230,230,217,217,126,126,197,197,174,174,153,153,173,173
1,109,109,224,224,233,233,126,126,-9,-9,130,130,152,152,166,166
1,115,115,230,230,217,217,126,126,197,197,220,220,153,153,172,172
2,109,109,221,221,233,233,126,126,197,197,130,130,153,153,166,166
2,112,112,164,164,230,230,126,126,188,188,159,159,153,153,166,166
2,112,112,155,155,233,233,126,126,188,188,175,175,154,154,152,152
2,112,112,154,154,232,232,125,125,189,189,-9,-9,147,147,122,122
2,112,112,155,155,233,233,126,126,188,188,171,171,154,154,152,152
2,111,111,155,155,233,233,126,126,188,188,171,171,153,153,153,153
2,111,111,158,158,232,232,126,126,188,188,171,171,153,153,160,160
2,112,112,155,158,233,233,126,126,188,188,171,171,153,153,162,162
2,112,112,158,158,232,232,126,126,188,188,172,172,153,153,166,166
2,112,112,158,158,233,233,126,126,188,188,171,171,153,153,153,153
2,109,109,151,151,390,390,132,132,204,204,154,154,150,150,162,162
2,112,112,158,158,233,233,125,125,188,188,171,171,153,153,162,162
2,112,112,154,154,233,233,125,126,188,249,171,171,152,152,-9,-9
2,112,112,157,157,233,233,125,125,188,188,171,171,153,171,-9,-9
2,-9,-9,159,218,209,209,-9,-9,195,195,-9,-9,150,150,-9,-9
2,112,112,155,155,229,229,126,126,188,188,172,172,153,153,-9,-9
2,112,112,155,155,230,230,126,126,188,188,172,172,153,153,147,147
2,112,112,155,155,230,230,125,125,188,197,171,171,153,153,162,162
2,112,112,154,154,229,229,126,126,188,197,171,171,153,153,174,174
2,109,109,221,221,233,233,126,126,197,197,136,136,153,153,166,166
2,111,111,155,155,226,226,-9,-9,188,188,174,174,153,153,-9,-9
2,-9,-9,154,154,226,226,125,125,188,188,-9,-9,-9,-9,156,156
2,112,112,154,154,206,206,125,125,188,188,171,171,149,149,122,122
2,112,112,154,154,206,206,-9,-9,249,249,-9,-9,-9,-9,-9,-9
2,111,111,154,154,229,229,125,125,188,188,171,171,152,152,157,157
2,111,111,154,154,-9,-9,125,125,188,188,171,171,153,153,165,165
2,112,112,155,155,233,233,126,126,188,188,171,171,153,171,-9,-9
2,112,112,154,154,230,230,125,125,188,188,171,171,153,153,147,147
2,111,111,157,157,233,233,125,125,187,187,171,171,153,153,147,188
2,111,111,128,188,234,234,125,125,188,188,171,171,152,152,157,157
2,-9,-9,193,193,427,427,132,132,191,191,-9,-9,-9,-9,163,163
2,115,115,193,193,220,220,126,126,197,197,218,222,152,153,172,172
2,112,112,154,154,213,213,125,125,188,188,174,174,148,148,122,122
2,112,112,155,155,233,233,125,125,188,188,171,171,153,153,-9,-9
2,112,112,155,155,233,236,125,125,188,188,171,171,153,153,148,148
2,112,112,155,155,230,230,125,125,188,188,171,171,153,153,148,148
2,112,112,155,155,233,233,125,125,188,188,158,158,153,153,148,148
2,112,112,164,164,229,229,-9,-9,188,188,158,158,153,153,-9,-9
2,112,112,164,164,230,230,125,125,188,188,158,158,153,153,148,148
2,-9,-9,-9,-9,352,352,-9,-9,-9,-9,171,171,152,152,153,153
2,111,111,193,193,193,373,125,125,191,191,193,193,-9,-9,161,161
2,112,112,157,157,233,233,126,126,188,188,171,171,153,171,-9,-9
2,112,112,158,158,233,233,125,125,188,188,171,171,153,153,148,148
2,112,112,158,158,233,233,125,125,188,188,171,171,154,154,148,148
2,-9,-9,-9,-9,207,207,-9,-9,-9,-9,174,174,152,152,152,152
2,112,112,158,158,233,233,126,126,188,188,185,185,157,157,157,157
3,111,111,172,172,363,363,131,131,191,191,161,161,159,159,147,147
3,112,112,194,194,331,331,131,131,191,191,172,172,150,150,162,162
3,112,112,173,173,215,215,131,131,191,191,168,168,159,159,171,171
3,111,111,172,185,209,209,-9,-9,192,192,-9,-9,-9,-9,-9,-9
3,111,111,-9,-9,358,358,131,132,205,205,186,186,158,158,163,163
3,-9,-9,-9,-9,214,389,-9,-9,205,205,171,171,149,149,162,162
3,111,111,194,194,389,389,132,132,191,191,171,171,150,150,162,162
3,108,108,145,145,460,460,131,131,197,197,187,187,159,159,163,163
3,109,109,145,145,461,491,131,131,197,197,187,187,159,159,145,145
3,109,109,145,145,458,461,132,132,197,197,168,168,159,159,-9,-9
3,-9,-9,146,146,460,460,131,131,197,197,187,187,159,159,145,145
3,112,112,172,172,171,171,131,131,191,191,171,171,149,149,162,162
3,109,109,145,145,461,461,131,131,197,197,186,186,159,159,-9,-9
3,109,109,144,144,461,461,131,131,197,197,186,186,158,158,162,162
3,108,108,145,145,460,460,131,131,197,197,187,187,159,159,161,161
3,108,108,-9,-9,-9,-9,131,131,197,197,186,186,159,159,147,147
3,109,109,145,145,461,461,132,132,197,197,187,187,158,158,161,161
3,108,108,144,144,481,481,131,131,197,197,186,186,159,159,147,147
3,109,109,145,145,461,461,132,132,200,200,187,187,158,158,147,147
3,109,109,144,144,466,466,131,131,197,197,186,186,158,158,161,161
3,108,108,144,144,461,461,131,131,197,197,186,186,158,158,163,163
3,108,108,144,144,490,490,131,131,197,197,186,186,158,158,163,163
3,109,109,145,145,210,210,131,131,197,197,186,186,147,147,121,121
3,112,112,173,173,222,222,-9,-9,191,191,162,162,158,158,158,158
3,112,112,160,160,591,591,131,131,191,191,301,301,158,158,119,119
3,108,108,157,157,235,235,131,131,200,200,138,138,150,150,163,163
3,109,109,157,157,234,234,131,131,197,197,138,138,150,150,160,160
3,-9,-9,152,194,209,209,-9,-9,192,192,-9,-9,-9,-9,-9,-9
3,109,109,144,144,481,481,131,131,197,197,186,186,159,159,-9,-9
3,108,108,172,172,497,497,131,131,191,191,204,204,159,159,147,147
3,-9,-9,169,169,218,218,-9,-9,-9,-9,-9,-9,-9,-9,137,137
3,108,108,144,144,460,460,131,131,197,197,186,186,158,158,163,163
3,-9,-9,212,212,299,299,-9,-9,191,191,201,201,159,159,147,147
3,112,112,161,161,-9,-9,131,131,-9,-9,118,118,-9,-9,160,160
3,108,108,145,145,385,385,131,131,197,197,183,183,159,159,-9,-9
3,112,112,161,161,-9,-9,131,131,191,191,175,175,150,165,160,160
3,109,109,224,224,212,212,126,126,197,197,143,143,153,153,169,169
3,-9,-9,185,185,209,209,-9,-9,194,194,-9,-9,-9,-9,-9,-9
3,112,112,173,173,392,392,131,131,191,191,171,171,150,150,163,163
3,112,112,173,173,162,162,131,131,191,191,171,171,150,150,164,164
3,109,109,173,173,388,388,131,131,197,197,162,162,159,159,163,163
4,109,109,157,157,294,294,125,125,200,200,142,142,150,150,165,165
4,109,109,154,154,216,216,125,125,200,200,142,142,157,157,165,165
4,108,108,155,200,215,215,125,125,200,200,143,157,150,150,166,166
4,109,109,155,155,215,215,125,125,200,200,143,143,153,159,166,166
4,109,109,189,189,224,224,125,125,191,200,224,224,158,158,166,166
4,109,109,168,168,224,224,126,126,200,200,153,153,159,159,165,165
4,109,109,148,148,297,297,132,132,200,200,143,143,159,159,151,151
4,108,108,155,227,215,218,125,125,200,200,143,143,150,159,160,166
4,106,106,128,128,212,212,127,127,179,179,154,154,150,150,143,144
4,112,112,160,160,-9,-9,131,131,191,191,171,175,149,149,160,160
4,109,109,154,154,215,215,125,125,200,200,169,169,150,150,166,166
4,109,109,154,154,215,215,125,125,200,200,215,215,149,149,166,166
4,109,109,155,158,215,215,125,125,200,200,221,221,150,159,166,166
4,109,109,227,227,294,294,125,125,200,200,143,143,153,153,151,151
4,109,109,227,227,297,297,125,125,200,200,143,143,153,153,151,151
4,109,109,227,227,215,293,126,126,200,200,143,143,150,153,166,166
4,109,109,154,154,215,294,125,125,200,200,294,294,149,149,166,169
4,108,108,148,148,297,297,131,131,200,200,143,143,159,159,151,151
4,109,109,154,154,214,214,126,126,200,200,155,155,150,150,165,165
4,106,111,163,163,419,419,125,125,191,191,201,201,158,158,165,165
4,109,109,226,226,211,215,125,125,200,200,-9,-9,149,149,151,151
4,108,108,226,226,218,294,125,125,200,200,143,143,159,159,160,160
4,109,109,154,154,215,215,125,125,200,200,-9,-9,149,149,166,166
4,111,111,162,162,358,358,-9,-9,190,190,-9,-9,158,158,169,169
4,110,110,159,159,209,209,-9,-9,199,199,-9,-9,158,158,-9,-9
4,108,108,154,154,214,214,126,126,200,200,155,155,150,150,166,166
4,112,112,161,161,-9,-9,131,131,191,191,175,175,149,149,160,160
4,-9,-9,159,159,208,208,-9,-9,199,199,-9,-9,149,149,-9,-9
4,108,108,155,155,294,294,125,125,200,200,156,156,153,153,166,166
4,109,109,160,160,294,294,-9,-9,200,200,-9,-9,159,159,166,166
4,109,112,158,158,224,235,126,127,200,200,218,221,150,150,166,166
4,111,111,160,160,343,363,131,131,191,191,174,174,149,149,160,160
4,108,108,157,157,224,224,125,125,200,200,176,176,150,150,166,169
4,108,108,227,227,294,294,125,125,200,200,142,142,153,153,166,166
4,109,109,157,157,215,215,126,126,200,200,-9,-9,150,150,166,166
4,109,109,157,157,215,215,125,126,200,200,215,215,150,150,166,166
4,109,109,226,226,296,296,125,125,200,200,142,142,152,152,151,151
4,108,108,157,157,215,215,125,125,200,200,120,120,149,149,165,165
4,108,108,155,155,214,214,125,125,200,200,155,155,150,150,165,165
4,109,109,154,154,215,215,125,125,200,200,-9,-9,150,150,163,163
4,109,109,-9,-9,222,222,126,126,-9,-9,-9,-9,150,150,97,97
4,109,109,158,158,224,224,125,125,200,200,-9,-9,150,150,-9,-9
4,103,103,227,227,215,294,125,125,201,201,-9,-9,150,150,165,165
5,109,109,161,161,274,274,132,132,197,197,165,165,150,150,170,170
5,115,115,118,170,220,367,135,135,200,200,197,197,154,154,154,154
5,109,109,152,152,388,388,131,131,203,203,142,142,149,149,163,163
5,109,109,170,170,216,219,132,135,197,197,133,133,165,171,141,160
5,109,109,152,152,391,391,131,131,203,203,-9,-9,150,150,163,163
5,109,109,211,211,213,213,126,126,200,200,153,153,153,153,163,163
5,115,115,139,185,217,221,135,135,197,200,101,101,153,165,141,166
5,112,112,150,165,222,222,132,135,197,197,98,98,153,153,163,163
5,109,109,168,168,275,275,131,131,200,200,165,165,150,150,172,172
5,112,112,187,187,358,358,131,136,191,191,221,221,159,159,138,138
5,115,115,193,196,320,320,125,125,197,197,169,169,-9,-9,172,172
5,112,112,161,161,361,361,132,132,191,191,224,224,159,159,139,139
5,-9,-9,187,187,219,219,-9,-9,198,198,168,168,152,152,-9,-9
5,108,108,168,168,225,225,125,125,197,197,233,233,150,150,162,162
5,109,109,173,173,274,274,125,125,197,197,165,165,150,150,-9,-9
5,109,109,159,167,274,274,132,132,201,201,165,165,150,150,163,163
5,109,109,170,198,236,236,-9,-9,197,197,165,171,150,150,-9,-9
5,109,109,173,173,275,275,132,132,197,197,168,168,150,150,172,172
5,109,109,161,191,236,236,126,126,197,197,165,165,150,150,162,162
5,109,109,167,167,385,385,-9,-9,197,197,149,149,150,150,160,160
5,108,108,210,210,213,213,125,125,197,197,214,214,153,153,163,163
5,109,109,170,170,215,236,125,125,197,197,165,165,150,150,159,159
5,115,115,193,193,220,220,125,125,200,206,221,221,153,153,172,172
5,115,115,193,193,220,220,125,125,197,197,221,221,153,153,171,171
5,109,109,211,211,271,271,131,131,197,197,174,174,150,150,172,172
5,109,109,173,173,274,274,132,132,197,197,169,169,150,150,170,170
5,109,109,176,176,251,251,132,132,197,197,-9,-9,150,150,170,170
5,106,108,167,167,260,260,131,131,197,197,172,172,150,150,172,172
5,115,115,193,219,220,220,125,125,197,197,218,221,153,153,163,163
5,108,108,200,200,446,449,131,131,188,188,177,177,168,168,160,163
5,109,109,172,172,386,386,131,131,197,197,148,148,150,150,172,172
5,109,109,-9,-9,236,236,125,125,197,197,168,168,150,150,163,163
5,109,109,170,170,236,274,126,126,197,197,136,165,150,150,171,171
6,108,108,217,217,217,232,-9,-9,196,196,-9,-9,148,148,-9,-9
6,114,114,199,199,220,359,125,125,197,197,221,222,153,153,172,172
6,115,115,193,193,220,220,125,125,197,197,221,221,153,153,163,163
6,112,112,161,161,218,218,131,131,197,200,305,305,150,159,159,159
6,115,115,193,193,220,220,126,126,197,197,222,222,153,153,172,172
6,112,112,193,193,378,378,131,131,191,191,224,224,159,159,160,160
6,115,115,192,192,220,220,125,125,197,197,220,220,152,152,172,172
6,109,109,192,192,341,341,131,131,197,197,234,234,150,150,160,160
6,109,109,183,183,289,289,132,132,197,197,147,147,150,150,160,160
6,109,109,167,167,216,216,131,131,197,197,434,434,146,146,160,160
6,-9,-9,170,170,213,213,-9,-9,199,199,-9,-9,152,152,-9,-9
6,108,108,129,129,224,224,-9,-9,178,178,332,332,-9,-9,-9,-9
6,115,115,193,193,220,220,125,125,197,197,226,226,153,153,172,172
6,115,115,192,195,220,220,125,125,197,197,-9,-9,153,153,172,172
6,115,115,192,192,220,220,125,125,197,197,224,224,153,153,172,172
6,114,114,217,217,217,217,125,125,197,197,-9,-9,153,153,172,172
6,115,115,217,217,217,217,125,125,198,198,-9,-9,153,153,172,172
6,112,112,161,161,-9,-9,131,131,-9,-9,175,175,151,151,160,160
6,115,115,193,193,220,220,125,125,197,197,220,220,153,153,172,172
6,115,115,193,193,220,220,133,133,197,197,165,165,153,153,165,165
6,112,112,161,161,216,216,132,132,191,191,175,175,148,148,160,160
6,106,106,129,129,213,213,127,127,179,179,129,129,153,154,144,144
6,115,115,192,192,220,220,125,125,197,197,224,224,153,153,172,172
6,109,109,167,225,-9,-9,131,131,197,197,150,150,-9,-9,-9,-9
6,109,109,152,152,276,276,131,131,203,203,139,139,149,149,163,163
6,115,115,193,193,220,220,126,126,197,197,225,225,153,153,172,172
6,115,115,199,199,220,220,126,126,197,197,221,221,153,153,172,172
6,109,109,223,223,212,212,125,125,204,204,142,142,153,153,169,169
6,113,113,192,192,230,230,125,125,197,197,150,150,161,161,172,172
6,115,115,193,193,220,220,125,125,197,197,216,216,153,153,172,172
6,115,115,192,192,220,220,125,125,198,198,168,169,153,153,172,172
6,106,106,129,129,213,213,127,127,194,194,357,357,149,149,144,144
6,108,108,154,154,215,215,-9,-9,200,200,215,214,150,150,166,166
6,109,109,226,226,214,214,125,125,200,200,219,219,149,149,166,166
6,108,108,217,217,-9,-9,126,126,-9,-9,169,169,-9,-9,-9,-9
6,115,115,193,193,220,220,126,126,197,197,221,221,153,153,172,172
6,115,115,192,192,220,220,125,125,198,198,-9,-9,153,153,172,172
6,115,115,193,193,220,220,-9,-9,198,198,179,179,153,153,142,142
6,106,106,129,129,213,213,127,127,194,194,357,357,149,149,144,144
6,115,115,192,192,220,220,125,125,197,197,-9,-9,153,153,172,172
6,108,108,-9,-9,-9,-9,131,131,197,197,393,393,-9,-9,-9,-9
6,106,106,129,129,213,213,127,127,179,179,382,382,149,149,144,144
6,106,106,129,129,213,213,127,127,179,179,384,384,149,149,144,144
6,108,108,214,214,258,258,125,125,197,197,169,169,153,153,-9,-9
6,108,114,143,143,219,219,134,134,197,197,219,219,165,165,165,165
6,115,115,136,136,212,212,-9,-9,197,197,221,221,-9,-9,102,102
6,-9,-9,129,158,220,220,125,125,178,178,-9,-9,-9,-9,-9,-9
6,109,109,221,221,233,233,126,126,197,197,136,136,152,152,166,166
7,115,115,217,217,218,218,125,125,197,197,220,220,152,152,172,172
7,108,108,205,205,202,202,125,125,197,197,133,133,152,152,172,172
7,109,109,151,151,388,388,132,132,-9,-9,-9,-9,150,150,162,162
7,112,112,188,188,159,159,131,131,191,191,225,225,159,159,160,160
7,109,109,152,152,388,388,-9,-9,203,203,-9,-9,149,149,-9,-9
7,115,115,192,192,220,220,126,126,-9,-9,142,142,153,153,171,171
7,108,108,152,152,391,391,131,131,203,203,152,152,150,150,162,162
7,104,104,152,152,391,391,131,131,204,204,-9,-9,150,150,163,163
7,109,109,152,152,391,391,131,131,203,203,154,154,150,150,163,163
7,109,115,151,151,218,388,131,131,197,204,193,193,149,152,163,163
7,109,109,152,152,391,391,131,131,203,203,172,172,150,150,163,163
7,109,109,152,152,-9,-9,131,131,204,204,168,168,150,150,163,163
7,109,109,152,152,391,391,131,131,203,203,172,172,150,150,163,163
7,108,108,152,152,394,394,131,131,203,203,170,170,150,150,163,163
7,109,109,192,192,326,326,131,131,197,197,234,234,150,156,171,171
7,109,109,131,131,261,261,131,131,192,192,-9,-9,150,150,-9,-9
7,108,108,152,152,391,391,131,131,203,203,141,141,150,150,163,163
7,114,114,192,192,220,220,125,125,197,197,186,186,153,153,171,171
7,109,109,152,152,388,388,-9,-9,203,203,-9,-9,150,150,163,163
7,109,109,152,152,391,391,-9,-9,203,203,124,124,150,150,162,162
7,-9,-9,-9,-9,223,223,131,131,198,198,-9,-9,150,150,163,163
7,109,109,152,152,388,388,131,131,203,203,147,147,150,150,163,163
7,109,109,150,150,391,391,-9,-9,215,215,140,140,150,150,163,163
7,109,109,-9,-9,-9,-9,129,129,203,203,338,338,-9,-9,163,163
7,108,108,218,218,-9,-9,125,125,197,197,172,172,-9,-9,-9,-9
7,109,109,152,152,388,388,131,131,203,203,179,179,150,150,163,163
7,109,115,152,152,388,388,131,131,204,204,157,157,150,150,162,162
7,108,108,152,152,387,387,131,131,204,204,-9,-9,150,150,162,162
7,108,108,150,150,-9,-9,124,129,199,199,390,390,-9,-9,161,161
7,109,109,152,152,388,388,131,131,203,203,139,139,150,150,163,163
7,109,109,151,151,388,388,131,131,203,203,143,143,150,150,163,163
7,109,109,151,151,391,391,132,132,203,203,-9,-9,150,150,162,162
7,109,109,159,159,-9,-9,124,131,201,201,390,390,150,150,115,181
7,-9,-9,-9,-9,214,214,125,125,202,202,361,361,-9,-9,-9,-9
7,109,109,152,199,391,391,131,131,191,203,171,171,150,153,163,169
7,-9,-9,205,205,-9,-9,127,127,-9,-9,359,359,-9,-9,163,163
7,109,109,151,151,386,386,131,131,203,203,153,153,149,149,162,162
7,109,109,152,152,391,391,131,131,204,204,155,155,150,150,162,162
7,109,109,152,152,391,391,131,131,204,204,139,139,150,150,163,163
7,108,108,151,151,388,388,131,131,203,203,-9,-9,149,149,162,162
7,108,108,150,150,388,388,131,131,203,203,144,144,149,149,162,162
7,108,108,152,152,212,388,-9,-9,203,203,126,126,150,150,162,162
8,112,112,160,160,361,361,132,132,191,191,218,221,159,159,138,138
8,112,112,161,161,361,361,132,132,191,191,225,225,159,159,138,138
8,111,111,160,160,361,358,131,131,191,191,224,224,159,159,163,163
8,112,112,161,161,361,361,132,132,191,191,225,225,159,159,138,138
8,112,112,161,161,361,361,132,132,191,191,225,225,159,159,138,138
8,-9,-9,151,151,211,211,131,131,203,203,162,162,150,153,163,163
8,112,112,188,188,359,359,132,132,192,192,221,221,159,159,163,163
8,111,111,187,187,-9,-9,131,131,191,191,221,221,159,159,166,166
8,111,111,184,187,358,361,131,131,-9,-9,220,220,159,159,138,138
8,109,109,221,221,233,233,126,126,197,197,136,136,152,152,166,166
8,109,112,161,161,361,361,131,131,191,191,221,221,159,159,137,137
8,112,112,188,188,360,360,131,131,191,191,221,221,159,159,-9,-9
8,112,112,187,187,-9,-9,131,131,191,191,221,221,159,159,161,161
8,108,108,244,244,228,228,131,131,191,191,169,172,159,159,-9,-9
8,111,111,160,160,361,361,132,132,191,191,225,225,159,159,138,138
8,108,108,213,213,213,213,125,125,197,197,211,211,152,152,162,162
8,109,109,218,218,151,151,131,131,197,197,293,293,150,151,163,163
8,111,111,184,187,361,358,131,131,191,191,221,221,159,159,138,138
8,108,108,211,211,213,213,125,125,197,197,153,153,153,153,163,163
8,112,112,188,188,361,361,132,132,191,191,221,221,159,159,-9,-9
8,108,108,151,151,391,391,131,131,203,203,106,106,149,149,163,163
8,111,118,188,188,302,361,-9,-9,191,191,221,221,159,159,138,158
8,111,111,188,188,358,358,131,131,191,191,220,220,159,159,138,138
8,112,112,187,187,358,358,131,131,191,191,220,220,158,158,138,138
8,112,112,188,188,358,358,131,131,191,191,221,221,159,159,159,159
8,112,112,187,187,358,358,131,131,191,191,220,220,158,158,139,139
8,111,111,188,188,361,361,131,131,191,191,211,211,159,159,176,176
8,111,111,187,187,361,439,131,131,191,191,221,221,159,159,146,146
8,112,112,187,187,362,362,131,131,191,191,220,220,158,158,138,138
8,108,108,151,151,379,379,131,131,203,203,138,138,150,150,160,160
8,109,109,214,214,213,213,126,126,-9,-9,212,212,153,153,163,163
8,112,112,188,188,216,360,131,131,191,191,221,221,159,159,148,148
8,112,112,187,187,361,361,131,131,191,191,221,221,158,158,138,138
8,109,109,170,170,275,275,131,131,197,197,165,165,150,150,172,172
8,115,115,217,217,214,214,125,125,197,197,-9,-9,152,152,172,172
8,-9,-9,150,150,213,220,134,134,199,199,155,155,155,155,-9,-9
8,111,111,161,161,361,361,131,131,191,191,224,224,159,159,158,158
8,112,112,187,187,-9,-9,131,131,143,143,224,224,159,159,145,145
8,109,109,225,225,-9,-9,132,132,197,197,293,293,149,149,-9,-9
8,112,112,158,158,233,233,125,125,188,188,171,171,153,153,176,176
8,111,111,184,184,275,275,131,131,191,191,224,224,158,158,147,147
8,109,109,218,218,151,151,131,131,197,197,293,293,150,150,158,158
8,112,112,187,187,361,361,131,131,191,191,221,221,158,158,139,139
8,109,109,218,218,144,144,131,131,197,197,293,293,150,150,173,173
8,112,112,161,161,361,361,132,132,191,191,224,224,-9,-9,138,138
9,109,109,218,218,145,145,131,131,197,197,293,293,150,150,164,164
9,112,112,188,193,363,363,131,131,191,191,192,224,158,158,162,162
9,108,108,211,211,227,227,125,125,188,188,156,156,153,153,169,169
9,112,112,160,160,538,538,131,131,200,200,304,304,159,159,169,187
9,112,112,160,160,212,212,131,131,200,200,305,305,159,159,169,169
9,112,112,161,161,539,539,132,132,200,200,302,302,159,159,147,147
9,112,112,163,163,361,361,131,131,191,191,221,221,159,159,-9,-9
9,-9,-9,167,167,216,216,129,129,191,197,144,144,166,166,144,144
9,108,108,211,211,227,227,125,125,188,188,156,156,153,153,168,168
9,108,108,211,211,227,227,125,125,188,188,159,159,153,153,168,168
9,112,112,162,162,-9,-9,131,131,191,191,174,174,-9,-9,160,160
9,112,112,163,163,218,218,131,131,191,191,174,174,150,150,160,160
9,112,112,161,161,215,215,131,131,191,191,175,175,149,152,160,160
9,112,112,164,164,-9,-9,131,131,191,191,181,181,158,158,160,160
9,109,109,227,227,212,212,126,126,197,197,143,143,153,153,169,169
9,112,112,160,160,516,516,-9,-9,200,200,305,305,159,159,168,168
9,112,112,199,199,463,463,131,131,200,200,249,249,158,158,162,162
9,111,111,187,187,361,361,131,131,191,191,-9,-9,159,159,137,137
9,109,109,186,186,341,341,126,126,197,197,202,202,150,150,160,160
9,112,112,190,190,525,525,131,131,191,191,311,311,158,158,164,164
9,109,109,168,168,228,231,125,125,197,197,281,281,149,149,163,163
9,111,111,160,160,581,581,131,131,200,200,305,305,158,158,161,161
9,109,109,186,186,325,325,131,131,197,197,172,172,150,150,161,161
9,112,112,169,169,233,233,131,131,191,191,295,295,158,158,161,161
9,108,112,211,214,216,240,125,125,206,206,143,150,153,153,157,169
9,111,111,160,160,522,522,131,131,200,200,305,305,150,159,187,187
9,112,112,160,160,517,517,131,131,191,191,296,296,158,158,160,160
9,112,112,190,214,214,214,125,131,-9,-9,184,184,153,168,169,169
9,112,112,190,190,516,516,131,131,191,191,255,255,158,158,159,159
9,111,111,169,169,516,516,131,131,191,191,240,240,158,158,156,156
9,112,112,175,211,214,218,125,125,200,200,153,190,153,168,156,156
9,112,112,169,169,363,363,131,131,191,191,298,298,149,149,162,162
9,109,109,170,170,276,276,125,125,197,197,140,140,149,149,-9,-9
9,108,112,190,202,214,218,125,125,188,206,139,150,150,153,157,172
9,112,112,187,187,516,516,131,131,191,191,302,308,149,149,164,164
9,112,112,161,161,516,516,131,131,200,200,298,298,149,149,164,164
9,111,111,169,169,-9,-9,131,131,191,191,296,296,150,150,146,202
9,112,112,199,199,413,413,131,131,200,200,255,255,158,158,161,161
9,112,112,199,199,327,327,131,131,191,191,287,287,158,158,164,164
9,112,112,196,196,403,403,131,131,191,191,208,208,158,158,159,159
9,112,112,178,178,582,582,131,131,200,200,299,299,158,158,160,160
9,112,112,160,160,557,557,131,131,200,200,301,301,159,159,-9,-9
9,111,111,185,185,343,343,134,134,191,191,156,156,159,159,170,174
10,109,109,186,186,354,354,132,132,197,197,238,238,150,150,159,159
10,109,109,166,166,-9,-9,131,131,197,197,165,165,168,168,148,148
10,109,109,189,189,316,316,132,132,197,197,-9,-9,150,150,159,159
10,109,109,193,193,319,319,132,132,197,197,-9,-9,150,150,160,160
10,109,109,189,189,322,322,131,131,197,197,234,234,150,150,147,147
10,109,109,190,190,322,322,-9,-9,197,197,179,179,150,150,-9,-9
10,111,111,187,187,213,213,131,131,191,191,224,224,159,159,168,168
10,-9,-9,195,195,212,212,126,126,197,197,155,155,150,150,159,159
10,108,108,195,195,319,323,131,131,197,197,124,124,150,150,159,159
10,108,108,180,180,-9,-9,125,125,197,197,139,139,150,150,159,159
10,108,108,195,195,209,211,126,126,197,197,156,156,150,150,159,159
10,108,108,187,187,313,313,132,132,197,197,154,154,150,150,159,159
10,108,108,187,187,323,323,131,131,197,197,156,157,150,150,159,159
10,109,109,183,183,310,310,132,132,197,197,123,154,150,150,159,159
10,109,109,187,187,266,269,132,132,198,198,124,124,150,150,159,159
10,112,112,182,185,367,424,131,134,191,191,149,149,150,159,163,163
10,109,109,167,167,218,218,131,131,-9,-9,136,136,150,150,160,160
10,112,112,185,185,443,443,131,131,191,191,149,149,159,159,174,174
10,109,109,192,192,326,326,131,131,197,197,-9,-9,150,150,160,160
10,109,109,189,189,323,323,131,131,199,199,158,158,150,150,-9,-9
10,109,109,-9,-9,215,386,125,125,197,197,-9,-9,150,150,160,160
10,109,109,192,192,313,313,-9,-9,197,197,224,224,150,150,176,176
10,109,109,195,195,322,323,131,131,197,197,155,155,150,150,160,160
10,109,109,180,180,323,323,125,125,198,198,142,142,150,150,-9,-9
10,109,109,192,192,-9,-9,131,131,197,197,172,172,150,150,160,160
10,112,112,182,182,367,367,131,131,191,191,150,150,150,150,143,161
10,109,109,189,189,316,316,131,131,197,197,-9,-9,150,150,160,160
10,112,112,203,203,434,434,131,131,191,191,153,153,159,159,166,166
10,-9,-9,180,192,215,215,125,131,198,198,142,142,150,150,159,159
10,109,109,195,195,325,325,-9,-9,-9,-9,-9,-9,150,150,-9,-9
10,109,109,186,186,354,354,132,132,-9,-9,238,238,150,150,160,160
11,109,109,173,188,274,274,131,131,197,197,168,168,150,150,172,172
11,-9,-9,-9,-9,228,228,131,131,197,197,-9,-9,-9,-9,181,181
11,108,108,217,217,291,291,125,125,197,197,135,135,150,150,162,162
11,109,109,169,169,275,275,-9,-9,197,197,139,139,149,149,160,160
11,109,109,163,167,275,275,132,132,197,197,169,169,149,149,171,171
11,112,112,191,191,434,434,131,131,191,191,146,146,159,159,163,166
11,109,109,167,167,274,274,131,131,197,197,165,165,150,150,172,172
11,109,109,170,170,274,274,131,131,197,197,136,136,150,150,172,172
11,109,109,159,182,226,226,125,125,197,197,-9,-9,150,150,172,172
11,109,109,157,157,234,234,131,131,197,197,139,139,149,149,162,162
11,109,109,170,170,278,278,131,131,197,197,150,150,150,150,163,163
11,109,109,167,167,274,274,131,131,197,197,172,172,150,150,172,172
11,109,109,216,216,243,243,125,125,197,197,135,135,150,150,160,160
11,109,109,167,194,274,274,131,131,197,197,168,168,150,150,172,172
11,109,109,171,171,274,274,132,132,197,197,169,169,150,150,172,172
11,109,109,218,218,213,213,131,131,197,197,293,293,149,149,-9,-9
11,109,109,203,203,267,267,131,131,197,197,127,127,150,150,163,163
11,112,112,160,160,210,210,131,131,200,200,154,218,159,159,169,169
11,112,121,214,218,216,216,125,125,206,206,136,150,150,153,154,169
11,108,108,170,188,262,273,125,131,197,197,143,153,150,150,160,163
11,108,108,185,185,246,246,131,131,197,197,139,139,150,150,-9,-9
11,109,109,169,169,273,273,131,131,197,197,139,139,150,150,152,152
11,109,109,169,184,244,244,125,125,197,197,126,126,150,150,160,160
11,109,109,158,158,270,270,131,131,197,197,143,143,150,150,160,160
11,109,109,185,185,255,255,131,131,197,197,139,139,150,150,-9,-9
11,109,111,170,170,275,275,131,131,200,200,139,139,149,149,-9,-9
11,109,109,170,170,276,276,131,131,197,197,127,127,150,150,161,161
11,109,109,170,170,255,273,131,131,197,197,142,142,150,150,160,160
11,109,109,169,169,275,275,131,131,197,197,138,138,149,149,168,168
11,109,109,157,157,246,246,131,131,197,197,138,138,149,149,161,161
11,108,108,157,157,270,270,131,131,197,197,142,142,149,149,160,160
11,109,109,157,157,246,246,131,131,197,197,139,139,149,149,162,162
11,109,109,173,173,274,274,131,131,197,197,168,168,150,150,172,172
11,109,109,202,202,311,311,125,125,197,197,139,139,149,149,165,168
11,109,109,217,217,265,265,132,132,197,197,136,136,149,149,162,162
11,108,108,150,150,-9,-9,125,131,197,197,-9,-9,150,152,-9,-9
11,-9,-9,170,170,276,276,131,131,197,197,139,139,150,150,163,163
11,109,109,173,173,-9,-9,131,131,-9,-9,205,205,-9,-9,-9,-9
11,109,109,185,185,243,243,125,125,197,197,146,146,150,150,163,163
11,109,109,217,217,261,261,125,125,197,197,135,135,149,149,160,160
11,109,109,181,181,244,244,125,125,197,197,146,146,149,149,163,163
12,109,109,218,218,560,560,132,132,197,197,293,293,150,150,147,147
12,108,108,218,218,491,558,131,131,197,197,293,293,150,150,149,149
12,108,108,218,218,206,551,131,131,197,197,293,293,150,150,146,146
12,108,108,219,219,218,218,131,131,197,197,293,293,150,150,149,149
12,109,109,219,219,210,210,131,131,197,197,293,293,150,150,147,147
12,109,109,218,218,-9,-9,131,131,190,190,293,293,150,150,160,160
12,109,109,218,218,560,560,131,131,197,197,293,293,149,149,163,171
12,109,109,221,221,-9,-9,131,131,200,200,293,293,150,150,148,180
12,109,109,218,218,558,558,132,132,197,197,293,293,150,150,-9,-9
12,-9,-9,-9,-9,223,223,123,123,197,197,-9,-9,150,153,115,181
12,108,108,197,218,558,558,131,131,197,197,293,293,150,150,151,151
12,112,112,161,161,-9,-9,132,132,200,200,302,302,159,159,170,170
12,-9,-9,-9,-9,222,222,-9,-9,184,184,-9,-9,-9,-9,175,175
12,112,112,161,161,-9,-9,132,132,200,200,305,305,159,159,166,166
12,-9,-9,150,150,213,213,124,124,223,223,271,271,150,150,157,157
12,109,109,168,168,279,279,131,131,197,197,149,149,150,150,-9,-9
12,109,109,218,218,558,558,132,132,197,197,293,293,150,150,165,165
12,112,112,161,161,-9,-9,131,131,191,191,302,302,150,150,160,160
12,109,109,218,218,557,557,131,131,197,197,293,293,149,149,165,165
12,115,115,230,230,217,217,126,126,197,197,-9,-9,152,152,173,173
12,115,115,125,210,217,217,125,125,197,197,154,154,152,152,173,173
12,112,112,191,191,234,234,131,131,191,191,299,299,150,150,163,163
12,109,109,218,218,-9,-9,131,131,197,197,293,293,149,149,-9,-9
12,109,109,195,195,215,215,131,131,197,197,-9,-9,150,150,163,163
12,109,109,218,218,553,553,132,132,197,197,294,294,150,150,147,147
12,109,109,145,145,211,211,131,131,197,197,187,187,158,158,-9,-9
12,109,109,211,211,212,212,126,126,197,197,215,215,152,152,163,163
12,109,109,215,215,213,213,126,126,198,198,212,212,152,152,163,163
12,109,109,218,218,557,557,131,131,197,197,293,293,149,149,161,161
12,-9,-9,206,206,-9,-9,130,130,223,223,271,271,-9,-9,115,115
12,109,109,218,218,557,557,131,131,197,197,293,293,149,149,147,147
12,109,109,-9,-9,-9,-9,126,126,-9,-9,143,143,153,153,169,169
12,109,109,218,218,558,558,132,132,197,197,294,294,150,150,147,147
12,109,109,219,219,560,560,132,132,-9,-9,293,293,149,149,-9,-9
12,109,109,164,164,343,343,131,131,191,191,273,273,149,149,158,158
12,109,109,218,218,215,215,131,131,197,197,-9,-9,150,150,-9,-9
12,109,109,224,224,555,555,131,131,197,197,293,293,150,150,-9,-9
12,109,109,217,217,216,216,132,132,197,197,293,293,150,150,186,186
12,109,109,218,218,217,217,131,131,197,197,293,293,149,149,173,173
12,109,109,218,218,558,558,131,131,197,197,293,293,149,149,169,169
12,109,109,218,218,558,558,132,132,197,197,294,294,150,150,154,154
12,109,109,218,218,-9,-9,131,131,197,197,293,293,150,150,152,152
12,109,109,218,218,555,555,132,132,197,197,291,291,150,150,154,154
12,108,108,219,219,549,549,131,131,197,197,293,293,150,150,147,147
13,109,109,218,218,210,210,131,131,198,198,293,293,150,150,-9,-9
13,108,108,223,223,212,212,125,125,197,197,142,142,152,152,168,168
13,109,109,209,209,269,346,131,131,197,197,233,233,159,159,161,161
13,109,109,183,183,384,384,131,131,197,197,275,276,150,150,159,159
13,109,109,200,200,337,337,125,125,197,197,270,270,150,150,155,155
13,109,109,224,224,212,212,125,125,197,197,142,142,153,153,169,169
13,109,109,218,224,556,556,131,131,197,197,293,293,149,149,147,147
13,109,109,155,196,384,478,132,132,197,197,270,270,150,159,146,146
13,109,109,155,182,384,384,132,132,197,197,270,276,150,159,147,147
13,108,108,223,223,212,212,125,125,197,197,143,143,153,150,169,169
13,109,109,181,181,599,599,132,132,197,197,231,231,159,159,147,147
13,109,109,194,194,-9,-9,131,131,197,197,250,250,148,148,159,159
13,108,108,155,155,318,392,131,131,197,197,270,270,159,159,146,146
13,109,109,155,197,283,283,132,132,197,197,264,270,150,150,147,147
13,108,108,155,182,384,481,131,131,197,197,261,282,150,150,143,143
13,109,109,200,200,265,265,126,126,197,197,269,269,150,150,146,146
13,108,108,182,182,227,227,132,132,197,197,270,270,159,159,158,158
13,108,108,206,209,235,235,132,132,197,197,233,240,159,159,155,155
13,109,109,226,226,211,211,125,125,197,197,142,142,152,152,169,169
13,109,109,223,223,208,208,125,125,197,197,-9,-9,152,152,169,169
13,108,108,208,208,213,213,131,131,197,197,233,233,150,159,-9,-9
13,109,109,223,223,212,212,125,125,197,197,142,142,152,152,169,169
13,-9,-9,222,222,212,212,125,125,197,197,-9,-9,-9,-9,169,169
13,109,109,223,223,212,212,125,125,197,197,142,211,152,152,169,169
13,108,108,226,226,212,212,125,125,197,197,142,142,152,152,169,169
13,109,109,226,226,212,212,125,125,197,197,142,142,152,152,169,169
13,108,108,226,226,211,211,125,125,197,197,142,142,152,152,169,169
13,108,108,223,223,212,212,125,125,197,197,142,142,152,152,169,169
13,109,109,209,209,-9,-9,132,132,197,197,234,234,159,159,160,160
13,109,109,226,226,212,212,125,125,197,197,142,142,153,153,168,168
13,109,109,193,209,-9,-9,132,132,197,197,228,231,159,159,147,182
14,108,108,211,211,228,228,126,126,188,188,156,156,-9,-9,169,169
14,108,108,211,211,228,228,-9,-9,-9,-9,-9,-9,-9,-9,162,163
14,109,112,184,184,276,276,131,131,197,197,337,337,159,159,159,159
14,-9,-9,218,218,218,228,128,131,-9,-9,-9,-9,-9,-9,-9,-9
14,108,108,211,211,218,218,126,126,188,188,127,127,153,153,169,169
14,107,107,211,211,218,218,125,125,188,188,126,126,153,153,169,169
14,108,108,208,208,215,215,125,125,188,188,127,127,150,150,169,169
14,109,109,177,177,224,224,126,126,197,197,279,279,-9,-9,163,163
14,108,108,214,214,221,221,-9,-9,188,188,126,126,153,153,168,168
14,107,107,215,215,218,218,125,125,188,188,126,126,153,153,168,168
14,108,108,211,211,215,215,125,125,188,188,126,126,153,153,169,169
14,108,108,207,207,215,215,125,125,188,188,126,126,153,153,168,168
14,107,107,212,212,215,215,125,125,188,188,127,127,153,153,168,168
14,108,108,201,201,227,227,125,125,188,188,155,155,153,153,160,160
14,108,108,211,211,228,228,125,125,188,188,156,156,153,153,169,169
14,115,115,226,226,217,217,125,125,197,197,146,146,153,153,172,172
14,107,107,211,211,218,218,126,126,188,188,126,126,153,153,168,168
14,108,108,210,210,218,218,125,125,188,188,126,126,153,153,168,168
14,108,108,211,211,227,227,126,126,188,188,156,156,153,153,169,169
14,107,107,210,210,218,218,125,125,188,188,126,126,153,153,168,168
14,107,107,210,210,227,227,125,125,188,188,155,155,153,153,168,168
14,108,108,207,207,227,211,125,125,188,188,156,156,153,153,169,169
14,107,107,211,211,227,227,125,125,188,188,156,156,153,153,169,169
14,109,109,199,199,211,211,131,131,198,198,233,233,153,153,-9,-9
14,107,107,211,211,227,227,125,125,188,188,156,156,153,153,169,169
14,108,108,211,211,227,227,125,125,188,188,155,155,153,153,169,169
14,112,112,161,170,334,334,132,132,191,191,256,256,159,159,163,163
14,112,112,164,164,223,247,132,132,200,200,305,305,159,159,163,163
14,107,107,210,210,227,227,125,125,188,188,156,156,153,153,169,169
14,112,112,290,290,379,379,125,125,197,197,214,214,150,150,163,163
15,109,109,155,158,215,215,126,126,200,200,-9,-9,149,149,169,169
15,112,112,170,170,235,235,132,132,191,191,231,231,150,150,163,163
15,112,112,161,161,217,217,131,131,191,191,175,175,150,150,160,160
15,115,115,193,218,217,220,125,125,197,197,143,214,152,152,172,172
15,112,112,170,170,334,334,131,131,191,191,279,279,158,158,-9,-9
15,112,112,160,160,363,363,131,131,191,191,174,174,149,149,160,160
15,115,115,230,230,217,217,125,125,-9,-9,145,145,152,152,173,173
15,112,112,161,161,218,383,131,131,191,191,174,174,150,150,160,160
15,112,112,160,160,217,217,132,132,191,191,174,174,165,165,160,160
15,115,115,193,193,220,220,125,125,197,197,295,295,152,152,163,172
15,112,112,161,161,460,460,131,131,191,191,174,174,150,150,160,160
15,112,112,161,161,396,396,131,131,191,191,174,174,150,150,160,160
15,112,112,161,161,388,388,131,131,191,191,180,180,150,150,160,160
15,109,109,220,220,233,233,125,125,197,197,129,129,152,152,166,166
15,112,112,161,161,247,247,131,131,191,191,174,174,165,165,160,160
15,112,112,176,194,375,415,131,131,191,191,146,153,159,159,164,164
15,112,112,161,161,255,255,131,131,191,191,174,174,150,150,160,160
15,109,109,211,211,213,213,-9,-9,197,197,214,214,153,153,160,160
15,109,112,167,170,337,397,132,132,191,197,234,293,150,159,148,148
15,112,112,161,161,216,216,131,131,191,191,174,174,150,150,160,160
15,109,109,220,220,215,215,125,125,197,197,171,171,152,152,166,166
15,112,112,173,173,221,248,-9,-9,191,191,171,171,150,150,-9,-9
15,112,112,160,160,399,399,131,131,191,191,174,174,149,149,160,160
15,109,109,212,212,213,213,125,125,198,198,211,211,153,153,163,163
15,106,106,129,129,213,213,127,127,179,179,387,387,149,149,144,144
15,115,115,193,193,220,220,125,125,198,198,157,157,152,152,172,172
15,115,115,180,230,217,217,125,125,197,197,-9,-9,149,149,172,172
15,112,112,155,155,230,230,126,126,-9,-9,174,174,152,152,-9,-9
15,109,109,205,205,-9,-9,126,126,198,198,134,134,152,152,166,166
15,107,107,208,208,211,211,125,125,197,197,136,136,152,152,166,166
15,112,112,158,158,233,233,126,126,-9,-9,172,172,152,153,-9,-9
15,109,109,220,220,215,215,125,125,197,197,171,171,152,152,166,166
15,112,112,161,161,214,216,-9,-9,191,191,174,174,150,150,-9,-9
15,112,112,161,161,218,218,131,131,191,191,174,174,150,150,160,160
15,112,112,161,161,200,218,131,131,191,191,174,174,150,150,160,160
15,109,109,219,219,-9,-9,131,131,197,197,294,294,150,150,-9,-9
15,112,112,160,160,343,363,131,131,191,191,174,174,149,149,160,160
15,112,112,160,160,212,212,131,131,191,191,174,174,146,147,160,160
15,112,112,160,160,212,212,131,131,191,191,174,174,146,146,160,160
15,112,112,170,170,218,218,131,131,191,191,293,293,159,159,173,173
15,111,111,160,160,-9,-9,131,131,-9,-9,117,117,-9,-9,160,160
16,115,115,-9,-9,220,220,-9,-9,197,197,228,228,153,153,172,172
16,109,109,155,155,294,294,125,125,-9,-9,143,143,159,159,166,166
16,109,109,167,167,274,274,131,131,197,197,171,171,150,150,171,171
16,109,109,166,166,274,274,131,131,197,197,171,171,150,150,172,172
16,109,109,167,167,274,274,131,131,197,197,165,171,150,150,172,172
16,109,109,223,223,212,212,125,125,197,197,142,142,149,149,169,169
16,108,108,170,170,274,274,131,131,197,197,136,164,-9,-9,172,172
16,109,109,223,223,212,212,125,125,197,197,162,162,153,153,169,169
16,107,107,201,201,227,227,125,125,188,188,129,129,153,153,169,169
16,109,109,223,223,212,212,125,125,197,197,143,143,153,153,169,169
16,109,109,223,223,212,212,125,125,197,197,142,142,153,153,169,169
16,111,111,158,161,-9,-9,131,131,199,199,305,305,159,159,167,167
16,109,109,151,151,388,388,131,131,204,204,156,156,150,150,163,163
16,109,109,166,166,274,274,131,131,197,197,171,171,155,155,172,172
16,109,109,223,223,212,212,126,126,197,197,143,143,153,153,169,169
16,115,115,226,229,217,217,125,125,198,198,-9,-9,153,153,173,173
16,109,109,223,223,212,212,125,125,198,198,142,142,153,153,169,169
16,108,108,223,223,212,212,125,125,199,199,142,142,153,153,169,169
16,108,108,224,224,212,212,125,125,197,197,143,143,153,153,169,169
16,109,109,223,223,229,229,126,126,197,197,142,142,154,154,169,169
16,108,108,223,223,211,211,-9,-9,197,197,142,142,153,153,169,169
16,109,109,227,227,212,212,125,125,197,197,142,142,153,153,168,168
16,109,109,151,151,388,388,131,131,204,204,138,138,150,150,163,163
16,109,109,200,200,593,593,132,132,197,197,218,218,-9,-9,146,146
16,109,109,223,223,211,211,125,125,195,195,142,142,153,153,169,169
16,109,109,223,223,212,212,125,125,198,198,142,142,153,153,169,169
16,109,109,223,223,212,212,125,125,197,197,142,142,153,153,169,169
16,109,109,226,226,211,211,-9,-9,197,197,142,142,153,153,169,169
16,109,109,223,223,212,212,125,125,147,147,142,142,153,153,169,169
16,109,109,223,223,212,212,125,125,197,197,284,284,153,153,169,169
16,108,108,223,223,212,212,125,125,157,157,142,142,153,153,169,169
16,109,109,224,224,212,212,125,125,197,197,143,143,153,153,169,169
16,108,108,223,223,212,212,-9,-9,197,197,142,142,153,153,169,169
16,108,108,223,223,212,212,125,125,197,197,142,142,153,153,163,169
16,115,115,193,193,220,220,125,125,197,197,-9,-9,153,153,172,172
16,109,109,226,226,212,212,125,125,198,198,142,142,153,153,169,169
16,112,112,170,170,334,334,132,132,191,191,279,279,160,160,160,160
16,112,112,154,154,230,230,125,125,189,189,221,221,153,153,162,162
17,108,108,172,172,505,505,131,131,197,197,261,261,149,149,147,147
17,108,108,166,166,491,495,125,125,197,197,246,246,150,150,148,148
17,109,109,166,166,491,491,126,126,197,197,246,246,150,150,148,148
17,109,109,166,166,-9,-9,131,131,197,197,237,237,150,150,148,148
17,109,109,166,166,330,330,131,131,197,197,233,233,149,149,147,147
17,111,111,163,163,-9,-9,131,131,200,200,305,305,159,159,164,164
17,108,108,166,166,332,332,131,131,197,197,234,234,150,150,147,147
17,109,109,189,189,243,243,131,131,194,194,256,256,150,150,157,157
17,108,108,166,166,195,243,131,131,194,197,196,233,150,150,147,157
17,108,108,171,194,355,355,125,131,194,197,208,252,150,174,147,157
17,108,108,166,166,337,337,125,125,197,197,202,202,150,150,147,147
17,107,107,169,169,337,337,125,125,197,197,230,230,149,149,172,172
17,109,109,167,167,337,337,125,131,197,197,234,247,150,150,148,148
17,109,109,167,167,499,499,126,126,197,197,247,247,150,150,148,148
17,108,108,166,166,496,496,125,125,197,197,246,246,150,150,147,147
17,108,108,166,166,498,498,125,125,-9,-9,246,246,150,150,147,147
17,109,109,168,168,-9,-9,-9,-9,200,200,177,177,150,150,169,169
17,109,109,167,167,337,338,131,131,197,197,236,236,150,150,148,148
17,108,108,182,182,394,391,125,125,197,197,174,174,150,150,160,160
17,109,109,167,167,216,216,131,131,197,197,202,202,150,150,160,160
17,109,109,183,183,394,394,125,125,197,197,174,174,149,149,160,160
17,112,112,161,161,303,306,131,131,191,191,299,299,150,150,154,154
17,109,109,172,172,226,226,126,126,197,197,218,218,150,150,156,156
17,109,109,166,166,289,289,125,125,197,197,201,201,150,150,147,147
17,109,109,183,183,397,397,125,125,197,197,174,174,149,149,160,160
17,109,109,182,182,391,391,125,125,197,197,174,174,149,149,160,160
17,112,112,169,169,333,333,131,131,191,191,255,334,158,158,147,147
17,109,109,187,187,338,338,126,126,194,194,258,258,150,150,172,172
17,109,109,188,188,350,350,126,126,197,197,202,202,150,150,160,160
17,109,109,167,167,347,347,125,125,197,197,202,202,150,150,160,160
17,109,109,167,167,350,350,125,125,197,197,202,202,150,150,160,160
17,109,109,157,157,340,340,125,125,197,197,246,246,149,149,148,148
17,109,109,186,186,340,340,125,125,197,197,201,201,150,150,160,160
17,109,109,186,186,341,341,125,125,197,197,201,201,149,149,160,160
17,109,109,185,185,338,347,125,125,197,197,201,201,149,149,160,160
17,108,108,185,185,340,340,125,125,197,197,201,201,149,149,160,160
17,109,109,163,163,340,340,125,125,197,197,201,340,149,149,160,160
17,109,109,188,188,337,460,131,131,197,197,202,202,150,159,160,160
17,100,100,188,188,223,223,125,125,197,197,201,223,149,152,160,160
17,108,108,167,167,337,337,125,125,197,197,237,237,150,150,171,171
17,109,109,167,167,247,247,131,131,197,197,246,246,174,174,148,148
17,108,108,186,186,337,337,131,131,197,197,201,201,150,150,160,160
17,109,109,218,222,-9,-9,132,132,197,197,293,293,149,149,-9,-9
18,109,109,169,169,231,231,126,126,197,197,282,282,150,150,163,163
18,109,109,169,181,228,228,125,125,197,197,214,258,150,150,163,163
18,109,109,177,177,228,228,125,125,197,197,205,205,150,150,163,163
18,109,109,177,177,228,228,125,125,197,197,278,278,149,149,163,163
18,109,109,177,177,229,229,125,125,197,197,275,275,149,149,161,161
18,109,109,168,168,228,228,125,125,197,197,264,264,150,150,163,163
18,109,109,177,177,224,224,125,125,201,201,272,284,150,150,163,163
18,109,109,183,183,224,224,125,125,197,197,236,236,149,149,160,160
18,109,109,159,168,212,230,125,125,197,197,272,281,149,149,162,162
18,109,109,169,169,-9,-9,125,125,197,197,270,270,150,150,163,163
18,109,109,171,171,225,225,126,126,197,197,284,284,150,150,162,162
18,109,109,168,168,225,225,125,125,197,197,273,273,150,150,163,163
18,109,109,177,177,225,225,125,125,197,197,273,273,150,150,163,163
18,109,109,168,174,227,227,125,125,197,197,221,284,150,150,163,163
18,109,109,159,174,212,228,125,125,200,200,273,284,150,150,163,163
18,108,108,159,159,212,212,125,125,197,197,270,272,150,150,163,163
18,108,108,168,168,228,228,125,125,197,197,261,261,150,150,163,163
18,109,109,168,177,225,228,126,126,198,198,-9,-9,150,150,163,163
18,109,109,177,177,231,231,126,126,198,198,265,265,150,150,163,163
18,109,109,178,178,231,231,126,126,-9,-9,218,265,150,150,163,163
18,108,108,168,168,225,225,125,125,197,197,230,233,150,150,162,162
18,108,108,159,159,212,212,125,125,196,196,272,272,150,150,163,163
18,108,108,159,159,211,211,125,125,196,196,272,272,150,150,163,163
18,108,108,170,170,224,224,125,125,197,197,284,284,150,150,163,163
18,108,108,160,160,225,225,125,125,197,197,258,258,150,150,163,163
18,108,108,167,183,225,225,125,125,197,197,269,287,150,150,163,163
18,108,108,183,183,224,224,125,125,197,197,269,269,150,150,163,163
18,109,109,177,177,227,227,125,125,197,197,284,284,150,150,162,163
18,108,108,163,163,340,340,125,125,200,200,201,201,150,150,160,161
18,112,112,196,196,196,196,131,131,-9,-9,208,208,159,159,163,163
18,108,108,177,177,224,224,125,125,200,200,239,239,150,150,162,162
18,108,108,177,177,224,224,125,125,197,197,273,273,150,150,163,163
18,109,109,168,168,224,224,125,125,200,200,287,287,150,150,162,162
18,108,108,177,177,228,228,125,125,197,197,276,276,150,150,163,163
18,108,108,177,177,228,228,125,125,197,197,278,278,150,150,162,162
18,108,108,176,176,227,227,125,125,197,197,258,258,150,150,163,163
18,108,108,168,168,221,211,125,125,200,200,230,230,150,150,162,163
18,109,109,168,168,228,228,126,126,198,198,259,259,150,150,162,163
18,108,108,177,183,228,228,125,125,197,197,230,230,150,150,162,162
18,108,108,-9,-9,228,228,125,125,197,197,218,218,150,150,162,162
18,108,108,168,168,225,231,125,125,197,197,267,267,150,150,163,163
18,108,108,180,180,222,222,126,126,197,197,202,202,150,150,163,163
18,108,108,177,177,231,231,125,125,197,197,266,266,150,150,162,162
18,109,109,180,180,-9,-9,125,125,197,197,249,249,150,150,162,162
18,108,108,176,183,224,228,125,125,197,197,214,275,150,150,163,163
18,108,108,169,178,225,225,125,125,197,197,218,218,150,150,162,162
18,109,109,169,169,213,228,126,126,150,150,217,217,150,150,162,162
18,108,108,178,178,228,228,125,125,197,197,276,276,150,150,162,162
18,109,109,169,181,213,228,125,125,197,197,281,281,150,150,162,162
19,108,108,169,199,437,464,125,125,191,197,152,152,139,159,-9,-9
19,109,109,205,205,344,344,131,131,197,197,250,253,152,152,161,161
19,112,112,202,202,-9,-9,131,131,197,197,273,273,150,150,164,164
19,-9,-9,202,202,220,220,-9,-9,196,196,135,135,152,152,-9,-9
19,112,112,205,205,344,344,132,132,197,197,274,279,149,149,-9,-9
19,-9,-9,202,202,213,227,131,131,197,197,-9,-9,-9,-9,-9,-9
19,108,112,189,214,216,216,125,125,206,206,146,146,149,152,157,169
19,111,111,199,202,199,202,-9,-9,197,197,272,272,150,150,161,161
19,111,111,205,205,206,206,131,131,197,197,275,275,150,150,163,163
19,111,111,202,205,206,206,131,131,197,197,278,278,150,150,158,158
19,112,112,199,199,215,215,131,131,197,197,273,273,150,150,-9,-9
19,109,112,205,205,344,344,131,131,191,191,252,272,149,152,147,147
19,112,112,206,206,225,225,131,131,191,197,284,284,149,149,179,179
19,112,112,199,199,216,216,131,131,197,197,270,270,150,150,186,186
19,111,111,199,199,200,200,-9,-9,197,197,278,278,150,150,-9,-9
19,112,112,206,206,220,220,131,131,197,197,278,278,150,150,-9,-9
19,112,112,169,169,215,215,131,131,197,197,267,267,150,150,166,166
19,112,112,169,169,228,228,131,131,191,191,211,211,150,150,-9,-9
19,112,112,169,169,344,344,131,131,191,191,263,263,149,149,147,147
19,112,112,196,196,209,209,131,131,197,197,272,272,150,150,164,164
19,112,112,202,202,201,201,131,131,191,191,217,217,149,149,155,155
19,108,108,169,169,490,490,131,131,197,197,264,264,-9,-9,-9,-9
19,-9,-9,193,193,-9,-9,131,131,197,197,-9,-9,-9,-9,159,159
19,109,109,202,202,350,350,125,125,197,197,168,168,149,149,163,163
19,109,109,203,203,350,350,125,125,197,197,168,168,149,149,163,163
19,109,109,183,183,172,172,131,131,197,197,252,252,152,152,170,170
19,112,112,205,205,344,344,131,131,191,191,273,273,149,149,154,154
19,112,112,208,208,586,601,131,131,197,197,267,272,149,149,154,154
19,112,112,209,209,-9,-9,131,131,197,197,267,267,150,150,162,162
19,111,111,208,208,-9,-9,131,131,197,197,243,243,150,150,162,162
19,112,112,202,202,495,495,131,131,191,191,269,269,149,149,154,154
19,112,112,203,203,217,217,125,125,191,191,165,165,150,150,-9,-9
19,111,111,196,196,211,211,131,131,197,197,267,267,153,153,147,147
19,112,112,196,196,268,268,131,131,197,197,267,267,150,150,-9,-9
19,112,112,199,202,488,488,131,131,197,197,267,272,150,150,157,157
19,112,112,123,123,217,217,131,132,191,191,270,270,150,150,154,154
19,111,111,199,199,199,199,131,131,197,197,278,278,150,150,164,164
19,112,112,208,208,174,174,131,131,191,191,275,275,150,150,165,165
19,112,112,199,199,344,344,131,131,197,197,275,279,149,149,164,164
20,109,109,211,211,213,213,125,125,197,197,215,215,153,153,163,163
20,109,109,208,208,213,213,125,125,197,197,216,216,153,153,163,163
20,109,109,166,166,209,209,131,131,197,197,168,168,149,149,172,172
20,-9,-9,211,211,213,213,125,125,200,200,-9,-9,153,164,163,163
20,109,109,211,211,213,213,126,126,-9,-9,-9,-9,153,153,163,163
20,109,109,209,209,213,213,126,126,197,197,212,212,153,153,162,162
20,109,109,209,209,213,213,126,126,197,197,212,212,153,153,162,162
20,109,109,211,211,213,213,126,126,197,197,215,215,153,153,163,163
20,108,108,198,198,213,213,125,125,200,200,211,211,153,153,163,163
20,109,109,211,211,213,213,126,126,200,200,215,215,153,153,163,163
20,109,109,211,211,213,213,125,125,197,197,217,217,153,153,163,163
20,109,109,211,211,213,213,126,126,197,197,215,215,153,153,160,161
20,109,109,260,260,213,213,125,125,200,200,162,162,153,153,163,163
20,109,109,208,208,213,213,126,126,197,197,214,214,153,153,162,162
20,109,109,259,259,210,210,125,125,197,197,152,152,152,152,163,163
20,109,109,211,211,213,213,126,126,197,197,153,153,152,153,163,163
20,108,108,212,212,213,213,125,125,197,197,215,215,153,153,162,162
20,109,109,259,259,212,212,125,125,197,197,152,212,152,152,163,163
20,109,109,211,211,213,213,126,126,197,197,215,215,152,153,163,163
20,109,109,211,211,235,235,126,126,197,197,214,214,153,153,162,162
20,108,108,212,212,212,212,126,126,198,198,215,215,153,153,162,162
20,109,109,212,212,213,213,125,125,197,197,215,215,153,153,162,162
20,109,109,-9,-9,205,211,-9,-9,194,194,215,215,153,153,163,163
20,109,109,210,210,213,213,125,125,197,197,214,214,153,153,163,163
20,109,109,207,207,212,212,125,125,197,197,152,152,152,152,163,163
20,115,115,230,230,217,217,125,125,197,197,-9,-9,152,153,173,173
20,109,109,207,207,212,212,125,125,197,197,211,211,153,153,163,163
20,112,112,160,160,-9,-9,131,131,191,191,174,174,150,150,160,160
20,109,109,209,209,213,213,126,126,197,197,212,212,153,153,163,163
20,109,109,211,211,213,213,125,131,197,197,214,214,153,153,157,157
20,109,109,-9,-9,213,234,-9,-9,194,194,215,215,153,153,163,163
20,108,108,208,208,259,259,126,126,198,198,166,166,153,153,-9,-9
20,109,109,155,206,215,215,126,126,-9,-9,143,143,153,153,166,166
20,109,109,211,211,213,213,126,126,197,197,215,215,153,153,162,162
20,109,109,211,211,213,213,126,126,197,197,217,217,153,153,163,163
20,115,115,193,218,217,220,126,126,197,197,-9,-9,152,152,163,163
20,109,109,170,170,-9,-9,126,126,197,197,140,140,150,150,163,163
20,109,109,214,214,212,212,125,125,197,197,211,211,153,153,163,163
20,109,109,214,214,213,213,125,125,197,197,211,211,153,153,163,163
20,109,109,210,210,213,213,125,125,197,197,152,152,153,153,163,163
20,109,109,210,210,212,212,125,125,198,198,214,214,153,153,163,163
20,108,108,210,210,213,213,125,125,200,200,214,214,153,153,162,162
20,115,115,193,193,220,220,125,125,197,197,225,225,152,152,172,172
20,109,109,211,211,213,213,126,126,-9,-9,215,215,152,152,163,163
20,109,109,211,211,213,213,126,126,197,197,215,215,153,153,162,163
20,109,109,151,151,209,209,132,132,204,204,240,240,151,151,163,163
20,108,108,210,210,212,212,125,125,197,197,214,214,153,153,163,163
20,108,108,210,210,213,213,125,125,197,197,214,214,153,153,163,163
21,108,108,-9,-9,224,224,131,131,204,204,171,171,153,153,163,163
21,108,108,203,203,202,270,125,125,197,197,224,224,159,159,168,168
21,112,112,211,217,221,244,125,125,206,206,138,156,152,152,156,156
21,112,112,196,196,214,214,134,134,191,191,202,202,159,159,172,172
21,108,108,182,182,171,171,131,131,197,197,171,171,153,153,169,169
21,112,112,198,198,214,214,131,131,188,188,146,146,159,159,169,169
21,108,108,182,196,172,214,131,134,191,197,171,224,153,159,169,169
21,112,112,199,199,213,213,134,134,188,188,172,172,159,159,169,169
21,109,109,181,181,172,172,132,132,197,197,171,171,153,153,163,163
21,112,112,195,195,213,213,134,134,191,191,171,171,158,158,172,172
21,112,112,164,167,355,355,131,131,197,197,290,290,159,159,163,163
21,112,112,164,164,355,355,132,132,197,197,291,291,-9,-9,160,160
21,118,118,196,196,171,171,125,125,197,197,236,236,152,152,163,163
21,112,112,165,165,355,355,132,132,198,198,290,290,159,159,163,163
21,112,112,183,183,469,489,-9,-9,197,197,243,243,150,150,-9,-9
21,112,112,183,183,-9,-9,125,125,197,197,244,244,150,150,151,151
21,109,109,182,182,172,172,132,132,197,197,171,171,153,153,163,163
21,-9,-9,181,181,172,172,135,135,200,200,179,179,-9,-9,163,163
21,118,118,230,230,221,221,126,135,197,197,234,234,153,153,163,163
21,109,109,182,182,172,172,132,132,191,191,171,171,153,156,169,169
21,109,109,181,181,165,165,131,131,197,197,171,171,153,153,163,163
21,111,111,170,170,466,466,125,125,191,191,153,153,159,159,165,165
21,112,112,187,187,224,378,-9,-9,184,187,152,152,153,153,-9,-9
21,112,112,191,191,409,409,126,126,191,191,153,153,160,160,-9,-9
21,109,109,182,182,172,229,132,132,197,197,171,171,153,153,169,169
21,110,110,192,192,-9,-9,125,125,191,191,153,153,-9,-9,167,167
21,112,112,170,170,466,472,-9,-9,191,191,153,153,159,159,-9,-9
21,112,112,182,192,209,209,-9,-9,191,191,174,174,151,151,163,163
21,111,111,199,199,-9,-9,131,131,191,191,224,224,159,159,163,163
21,-9,-9,198,198,213,213,134,134,188,188,-9,-9,-9,-9,170,170
21,108,121,202,211,216,216,125,131,206,206,150,162,153,153,154,157
21,109,109,202,202,214,214,132,135,191,191,198,224,153,159,170,170
21,108,108,199,199,213,213,126,126,188,193,171,171,153,153,-9,-9
21,112,112,-9,-9,478,478,126,126,197,197,240,240,150,150,151,151
21,109,109,182,182,220,220,132,132,197,197,171,171,153,153,168,168
21,109,112,181,195,172,214,134,134,191,191,201,201,153,153,170,170
21,112,112,157,157,233,233,126,126,188,188,186,186,153,153,162,162
21,109,109,200,200,254,254,131,131,191,191,171,171,153,153,169,169
21,-9,-9,151,151,229,229,131,131,204,204,-9,-9,-9,-9,162,162
21,112,112,182,182,466,466,125,125,197,197,246,246,149,149,151,151
21,109,109,196,196,171,171,131,131,197,197,171,171,152,152,169,169
21,112,112,170,170,355,355,-9,-9,184,184,290,290,159,159,-9,-9
21,-9,-9,-9,-9,220,220,-9,-9,200,190,171,198,152,158,169,172
21,108,108,199,199,-9,-9,131,131,191,191,171,171,153,153,169,169
21,109,109,181,181,172,172,132,132,197,197,172,172,153,153,166,169
21,118,118,181,181,171,171,134,134,197,197,285,285,153,153,162,162
22,108,108,213,213,258,258,125,125,197,197,165,165,153,153,172,172
22,108,108,208,208,240,240,125,125,198,198,165,165,153,153,172,172
22,107,107,205,205,233,270,125,125,197,197,133,133,153,153,172,172
22,108,108,217,217,258,258,125,125,197,197,168,168,153,153,173,173
22,108,108,202,221,215,215,126,126,198,198,172,172,152,152,-9,-9
22,106,106,129,129,213,213,127,127,194,194,357,357,150,150,144,144
22,98,98,-9,-9,261,261,125,125,197,197,201,201,153,153,172,172
22,108,108,218,218,270,270,125,125,197,197,165,165,153,153,172,172
22,115,115,230,230,217,217,126,126,197,197,169,169,152,152,173,173
22,108,108,214,214,258,258,125,125,197,197,168,168,152,152,138,138
22,108,108,217,217,270,270,125,125,200,200,165,165,154,154,172,172
22,108,108,218,218,265,265,126,126,197,197,166,166,152,152,172,172
22,108,108,217,217,262,262,125,125,197,197,168,168,153,153,-9,-9
22,108,108,208,208,215,215,126,126,200,200,171,171,153,153,169,169
22,109,109,220,220,237,237,126,126,198,198,129,129,153,153,166,166
22,112,112,161,161,-9,-9,131,131,191,191,175,175,150,164,160,160
22,109,109,223,223,209,209,125,125,198,198,139,139,153,153,169,169
22,108,108,216,216,258,258,125,125,197,197,171,171,152,152,-9,-9
22,109,109,220,220,217,217,125,125,198,198,132,132,153,153,166,166
22,108,108,217,217,259,259,125,125,197,197,165,165,152,152,-9,-9
22,108,108,220,220,233,233,125,125,197,197,129,129,152,152,166,166
22,109,109,221,221,205,205,-9,-9,197,197,129,129,151,151,166,166
22,109,109,154,154,217,303,125,125,197,197,135,135,146,146,166,166
22,108,108,202,202,215,215,126,126,-9,-9,172,172,152,152,169,169
22,108,108,201,201,215,215,125,125,197,197,171,171,153,153,168,168
22,109,109,219,219,-9,-9,132,132,197,197,296,296,149,149,-9,-9
22,116,116,131,170,-9,-9,-9,-9,-9,-9,140,140,158,158,164,164
22,109,109,220,220,215,215,126,126,197,197,172,172,153,153,166,166
22,115,115,218,218,217,217,125,125,197,197,227,227,152,152,172,172
22,109,109,153,153,205,205,126,126,-9,-9,141,141,152,152,166,166
22,112,112,161,161,-9,-9,131,131,191,191,118,118,164,164,160,160
22,-9,-9,260,260,213,213,126,126,197,197,-9,-9,152,152,163,163
22,107,107,207,207,258,258,125,125,197,197,165,165,153,153,161,161
22,112,112,163,163,230,230,125,125,188,188,159,159,153,153,-9,-9
22,-9,-9,260,260,213,213,126,126,197,197,-9,-9,152,152,163,163
22,108,108,217,217,261,261,125,125,197,197,171,171,153,153,172,172
22,108,108,220,220,239,239,125,125,198,198,165,165,153,153,172,172
22,109,109,205,263,213,213,126,126,197,197,153,153,152,152,163,163
22,109,109,220,220,203,203,125,125,198,198,129,129,153,153,166,166
22,112,112,164,164,430,430,126,126,191,191,202,202,158,158,182,182
22,-9,-9,202,202,-9,-9,126,127,191,198,143,143,152,152,166,166
22,109,109,167,167,250,250,132,132,198,198,235,235,149,149,172,172
22,108,108,217,217,265,265,125,125,197,197,165,165,152,152,172,172
22,107,107,217,217,261,261,125,125,197,197,171,171,152,152,172,172
22,108,108,217,217,264,264,126,126,-9,-9,-9,-9,153,153,172,172
23,111,111,184,184,375,375,131,131,177,177,153,156,159,159,163,163
23,112,112,185,185,343,343,135,135,191,191,156,156,159,159,163,163
23,111,111,184,184,346,346,134,134,-9,-9,153,156,159,159,-9,-9
23,112,112,181,181,207,207,-9,-9,191,191,152,152,149,149,163,163
23,112,112,184,202,203,433,131,131,191,191,153,153,150,160,166,166
23,112,112,184,184,408,408,131,131,191,191,270,270,150,150,157,157
23,111,111,184,184,424,424,131,131,191,191,146,146,159,159,163,163
23,118,118,146,147,303,306,126,126,194,194,106,106,171,171,159,159
23,109,109,158,203,234,258,131,131,197,197,126,139,150,150,166,166
23,109,109,182,182,243,243,126,126,197,197,146,146,150,150,160,160
23,111,111,202,202,202,434,131,131,191,191,153,153,159,159,166,166
23,111,111,190,190,436,436,131,131,191,191,269,269,159,159,160,170
23,112,112,183,183,324,324,131,131,191,191,152,152,158,158,163,163
23,111,111,184,184,390,390,131,131,-9,-9,156,156,159,159,163,166
23,109,109,185,194,218,258,126,132,197,197,140,153,150,150,163,163
23,111,111,184,184,342,342,134,134,191,191,156,156,159,159,146,163
23,112,112,188,188,231,437,-9,-9,191,191,146,146,159,159,-9,-9
23,112,112,190,190,414,414,131,131,191,191,146,146,149,149,162,162
23,-9,-9,184,184,399,399,131,131,191,191,149,149,-9,-9,163,163
23,112,112,184,184,363,363,131,134,191,191,152,155,149,158,163,163
23,112,112,188,194,334,355,132,132,192,192,143,153,150,150,163,163
23,112,112,-9,-9,390,390,131,131,181,191,153,153,159,159,163,163
23,111,111,190,193,333,333,131,131,191,191,153,153,159,159,163,163
23,111,111,185,185,390,390,131,131,191,191,156,156,159,159,-9,-9
23,112,112,193,193,349,349,-9,-9,191,191,153,153,150,150,-9,-9
23,112,112,193,193,427,427,131,131,191,191,146,146,149,149,147,147
23,112,112,184,184,384,384,131,134,191,191,155,155,158,158,147,147
23,112,112,185,194,364,415,131,134,191,191,149,153,159,159,163,163
23,109,109,158,158,234,258,131,131,197,197,139,139,149,149,163,163
23,112,112,185,185,343,343,131,131,191,191,156,156,159,159,156,156
23,112,112,184,184,370,370,131,131,191,191,155,155,158,158,147,147
23,112,112,185,185,387,387,135,135,191,191,157,157,159,159,147,147
23,112,112,184,184,340,340,134,134,191,191,149,149,159,159,166,166
23,112,112,185,185,387,387,134,134,191,191,150,150,159,159,158,158
23,112,112,185,185,352,352,134,134,191,191,156,156,159,159,161,161
23,111,111,185,185,327,327,131,131,191,191,160,160,159,159,160,160
23,115,115,260,260,217,217,126,126,197,197,167,167,153,153,166,166
23,111,111,190,190,423,423,135,135,183,192,142,142,150,150,141,141
23,112,112,184,184,-9,-9,132,132,-9,-9,150,150,159,159,144,150
23,109,109,188,188,273,273,126,126,198,198,143,143,151,151,160,160
