"Npop2","Npop3","Npop5","Npop6","Npop7","Npop8","Npop9","Npop10","Npop11","Npop12","Npop13","Npop14","Npop15","Npop16","Npop17","Npop18","Npop19","Npop20","Npop21","Npop22","Npop23","Npop24","Npop25","Npop26"
-0.1337,-0.3595,0.2966,0.2908,0.3245,0.3208,0.3274,0.3335,0.3198,0.3088,0.3181,0.3139,0.331,0.3143,0.3136,0.3097,0.3293,0.337,0.3305,0.3467,0.3389,0.3234,0.3359,0.3364
-0.1249,-0.3458,0.2924,0.3211,0.3272,0.3336,0.3354,0.3151,0.3192,0.3106,0.3138,0.3195,0.324,0.3233,0.3308,0.3183,0.3388,0.3351,0.3378,0.3381,0.3339,0.3349,0.3394,0.3398
-0.1249,-0.3681,0.2708,0.3042,0.3462,0.3291,0.3286,0.3066,0.3186,0.3163,0.3133,0.3202,0.3159,0.3324,0.3342,0.3195,0.3261,0.3235,0.3209,0.333,0.3456,0.3303,0.3338,0.3387
-0.1505,-0.3581,0.2943,0.2931,0.33,0.3245,0.3304,0.3127,0.2999,0.3087,0.3112,0.3253,0.3228,0.3292,0.3281,0.3319,0.3311,0.3311,0.3401,0.3265,0.336,0.3417,0.3348,0.3356
-0.1381,-0.3462,0.2968,0.3034,0.3412,0.3391,0.3293,0.3183,0.3098,0.3073,0.3149,0.3228,0.3174,0.3156,0.3243,0.3252,0.3361,0.3244,0.3334,0.3378,0.3377,0.3434,0.3425,0.3317
-0.1364,-0.3455,0.2731,0.2979,0.3283,0.3217,0.3317,0.3251,0.3245,0.3247,0.31,0.3187,0.3247,0.3074,0.3186,0.3209,0.3407,0.3418,0.3288,0.3411,0.329,0.3421,0.3304,0.3439
-0.1243,-0.3571,0.2751,0.306,0.3262,0.3261,0.3259,0.3277,0.3088,0.3203,0.3116,0.3182,0.3305,0.3146,0.3247,0.3275,0.3254,0.3319,0.3412,0.3298,0.3344,0.331,0.3375,0.3418
-0.1441,-0.3572,0.2824,0.2989,0.3262,0.3244,0.3416,0.313,0.3071,0.306,0.3146,0.332,0.3224,0.3272,0.3098,0.3274,0.3335,0.3327,0.3318,0.3317,0.3391,0.3328,0.3458,0.3466
-0.1205,-0.3533,0.2698,0.3141,0.3312,0.3315,0.3514,0.3206,0.3016,0.3115,0.3084,0.3151,0.3235,0.3306,0.327,0.3146,0.335,0.3298,0.325,0.3314,0.3379,0.341,0.3301,0.333
-0.1126,-0.3472,0.2884,0.2915,0.3401,0.3304,0.3248,0.3084,0.3264,0.3133,0.3192,0.3154,0.3258,0.3269,0.3398,0.3254,0.3377,0.341,0.3341,0.3314,0.3369,0.3227,0.3402,0.3433
-0.1121,-0.3576,0.2686,0.3059,0.3391,0.3244,0.3277,0.3132,0.3153,0.3047,0.3093,0.3137,0.3258,0.3213,0.3238,0.3209,0.3344,0.3334,0.3304,0.3332,0.3456,0.3374,0.3277,0.3387
-0.1211,-0.3486,0.2617,0.2982,0.33,0.3369,0.3275,0.3228,0.2996,0.3213,0.3098,0.3263,0.3328,0.3287,0.3165,0.3203,0.3354,0.3355,0.3307,0.3341,0.3353,0.3347,0.3366,0.3417
-0.1385,-0.3765,0.2662,0.3022,0.325,0.3337,0.3352,0.3089,0.3222,0.3156,0.3204,0.3297,0.316,0.3197,0.3201,0.3187,0.3324,0.3332,0.3358,0.3246,0.3373,0.3324,0.3441,0.3391
-0.1271,-0.3783,0.2917,0.3078,0.312,0.3364,0.3205,0.3138,0.3194,0.3174,0.3185,0.3167,0.3194,0.3193,0.3221,0.3245,0.3272,0.3268,0.3313,0.3301,0.3257,0.3328,0.3424,0.3374
-0.1115,-0.3303,0.2815,0.2922,0.3272,0.3461,0.3225,0.3178,0.3057,0.3055,0.3091,0.3234,0.3145,0.3247,0.3299,0.3256,0.3248,0.3343,0.3414,0.3357,0.341,0.3339,0.3346,0.3472
-0.134,-0.3763,0.2947,0.2917,0.3254,0.3253,0.3277,0.3115,0.302,0.3046,0.3152,0.3033,0.324,0.3326,0.3182,0.3147,0.3312,0.3394,0.3255,0.3277,0.3258,0.3395,0.3344,0.3358
-0.1362,-0.3472,0.2989,0.3047,0.3218,0.3281,0.3352,0.3096,0.2996,0.3145,0.3127,0.3318,0.3214,0.3277,0.3265,0.3254,0.3311,0.3303,0.3274,0.3315,0.3402,0.329,0.3373,0.3497
-0.1386,-0.3561,0.2746,0.288,0.3276,0.3172,0.3366,0.3206,0.3023,0.2992,0.3118,0.3117,0.3208,0.3204,0.324,0.3209,0.3245,0.3332,0.3421,0.3325,0.3443,0.3345,0.335,0.3429
-0.1192,-0.3687,0.2791,0.325,0.3056,0.3179,0.3375,0.3261,0.3178,0.3069,0.3219,0.3112,0.3321,0.3346,0.3331,0.325,0.3328,0.3325,0.3285,0.3332,0.3332,0.3381,0.3359,0.3484
-0.1415,-0.3383,0.2826,0.3094,0.3431,0.3351,0.3255,0.3165,0.312,0.3086,0.3144,0.3283,0.3281,0.3179,0.3191,0.3247,0.3317,0.3318,0.3367,0.331,0.3352,0.329,0.3324,0.341
-0.1349,-0.3651,0.2747,0.3068,0.3282,0.3176,0.3259,0.3151,0.3021,0.3156,0.3161,0.3055,0.3288,0.3279,0.329,0.3317,0.3207,0.3243,0.3346,0.3458,0.3387,0.3286,0.3388,0.3355
-0.1346,-0.3454,0.2914,0.2912,0.3244,0.3215,0.3452,0.3196,0.3157,0.303,0.2964,0.3083,0.3234,0.3258,0.3186,0.3199,0.3256,0.3394,0.3349,0.3381,0.3403,0.332,0.3392,0.3514
-0.1227,-0.3694,0.2941,0.3019,0.3327,0.34,0.317,0.3234,0.3099,0.3156,0.3182,0.3359,0.3222,0.3307,0.3159,0.3307,0.3309,0.3381,0.3298,0.3291,0.34,0.3367,0.3409,0.3315
-0.1255,-0.3753,0.2645,0.306,0.3297,0.3422,0.3284,0.3218,0.3173,0.3099,0.3083,0.3231,0.3298,0.3203,0.3151,0.3324,0.3249,0.3171,0.3326,0.3246,0.3354,0.3294,0.3353,0.3485
-0.1453,-0.351,0.2873,0.3016,0.3163,0.3285,0.331,0.3095,0.315,0.3013,0.3124,0.3221,0.326,0.3225,0.329,0.3322,0.334,0.3405,0.3275,0.3348,0.3393,0.3366,0.3353,0.344
-0.1263,-0.3594,0.2794,0.3146,0.3343,0.3174,0.3292,0.3297,0.3082,0.3027,0.3225,0.3255,0.3178,0.3244,0.31,0.3236,0.3276,0.3314,0.3293,0.3335,0.342,0.3436,0.3352,0.3355
-0.1228,-0.364,0.2896,0.3077,0.3345,0.3367,0.336,0.3345,0.3066,0.3234,0.3106,0.3196,0.3233,0.3212,0.3363,0.327,0.3289,0.3419,0.3259,0.3263,0.3397,0.3279,0.3488,0.3479
-0.134,-0.3447,0.3054,0.299,0.3448,0.3332,0.3313,0.3342,0.3169,0.3144,0.3087,0.3116,0.3232,0.315,0.3194,0.3147,0.3265,0.3482,0.3422,0.3373,0.3327,0.3311,0.3334,0.3417
-0.1092,-0.3682,0.2822,0.3085,0.3142,0.3292,0.3393,0.3078,0.3078,0.318,0.3088,0.3168,0.3171,0.3187,0.3291,0.3222,0.3318,0.3389,0.3243,0.3367,0.3424,0.3324,0.3296,0.3361
-0.152,-0.3512,0.2922,0.2876,0.3493,0.3229,0.3354,0.3167,0.3067,0.3087,0.3082,0.3142,0.3191,0.3163,0.3273,0.3301,0.3315,0.3271,0.3359,0.3368,0.3378,0.3391,0.34,0.3364
-0.12,-0.3437,0.2735,0.3141,0.3293,0.3263,0.336,0.3107,0.2997,0.3196,0.3175,0.3128,0.3196,0.323,0.333,0.3291,0.326,0.3351,0.3486,0.336,0.3377,0.3305,0.3426,0.3384
-0.1349,-0.3357,0.2878,0.2918,0.324,0.3338,0.3311,0.3317,0.3075,0.3157,0.292,0.317,0.3189,0.3309,0.3225,0.3169,0.3194,0.3313,0.3355,0.3346,0.3461,0.3327,0.3385,0.342
-0.1466,-0.3505,0.2802,0.2933,0.3261,0.3382,0.3231,0.327,0.315,0.3127,0.3144,0.3195,0.3205,0.3189,0.3183,0.3103,0.3321,0.3308,0.3429,0.3389,0.3284,0.3335,0.3397,0.336
-0.1321,-0.344,0.2795,0.3108,0.3211,0.3397,0.3303,0.3198,0.3163,0.3117,0.305,0.3186,0.3246,0.3242,0.3056,0.3142,0.329,0.3286,0.3323,0.3378,0.3371,0.3271,0.3336,0.3319
-0.1371,-0.3412,0.2845,0.3024,0.315,0.3131,0.3279,0.3051,0.3038,0.3093,0.306,0.326,0.319,0.3289,0.3288,0.3139,0.3192,0.3356,0.3364,0.3313,0.3268,0.3298,0.3366,0.3435
-0.1382,-0.3516,0.2981,0.3103,0.323,0.3185,0.3259,0.3165,0.3074,0.3049,0.3146,0.3274,0.3185,0.3191,0.322,0.3192,0.3299,0.337,0.323,0.3286,0.3356,0.3337,0.3392,0.3396
-0.1359,-0.3681,0.271,0.3067,0.3269,0.318,0.3392,0.3157,0.305,0.3181,0.3099,0.3254,0.3276,0.317,0.3234,0.3168,0.3286,0.341,0.328,0.3412,0.3273,0.3344,0.3311,0.3475
-0.1235,-0.3591,0.2798,0.3143,0.3498,0.3168,0.3233,0.3186,0.3084,0.3213,0.3124,0.3227,0.3249,0.3176,0.3195,0.3275,0.334,0.3428,0.3303,0.341,0.325,0.3371,0.3347,0.3375
-0.1264,-0.3644,0.2706,0.2979,0.3329,0.3288,0.325,0.323,0.3238,0.3068,0.3068,0.3249,0.3236,0.3116,0.3184,0.3247,0.3231,0.342,0.333,0.3348,0.3399,0.331,0.3392,0.3406
-0.1261,-0.3521,0.2636,0.2957,0.3339,0.3355,0.3376,0.3045,0.3184,0.2973,0.3097,0.3219,0.3175,0.3319,0.3139,0.3216,0.3394,0.3411,0.3303,0.3328,0.3365,0.3262,0.3362,0.3364
-0.132,-0.3366,0.305,0.3129,0.3376,0.3398,0.3376,0.3285,0.3132,0.3157,0.3,0.3268,0.3238,0.3086,0.3375,0.3228,0.3319,0.3453,0.3372,0.3319,0.3395,0.3298,0.3454,0.3463
-0.1322,-0.3382,0.2679,0.2916,0.3398,0.3073,0.3297,0.3275,0.3018,0.3126,0.307,0.3147,0.3361,0.3234,0.3337,0.3178,0.3297,0.3363,0.3218,0.3337,0.3353,0.3337,0.3411,0.3391
-0.1275,-0.3384,0.2825,0.3214,0.322,0.3236,0.3225,0.3087,0.3049,0.2976,0.3235,0.3206,0.3212,0.3246,0.3263,0.3165,0.3292,0.3253,0.333,0.3332,0.3338,0.3373,0.3372,0.335
-0.1498,-0.3782,-0.2427,0.3191,0.3449,0.3272,0.3259,0.323,0.3075,0.326,0.3119,0.3146,0.3245,0.3157,0.3202,0.3205,0.33,0.3371,0.3329,0.3212,0.3283,0.3243,0.3461,0.3382
-0.1259,-0.3487,0.3125,0.3026,0.3335,0.3102,0.3472,0.3225,0.3131,0.318,0.3219,0.3108,0.3173,0.3217,0.3297,0.323,0.3149,0.3433,0.3376,0.3346,0.336,0.3376,0.3389,0.3284
-0.1393,-0.3639,0.2911,0.2867,0.3393,0.3222,0.3349,0.315,0.3195,0.3203,0.3079,0.3044,0.3309,0.3185,0.3308,0.3121,0.3316,0.3339,0.3305,0.3389,0.3341,0.3257,0.3319,0.3321
-0.1157,-0.359,0.2808,0.3052,0.3245,0.3399,0.3308,0.3205,0.3037,0.3121,0.3255,0.318,0.3235,0.3168,0.3199,0.3292,0.3174,0.3401,0.3392,0.3322,0.3359,0.3392,0.3367,0.338
-0.1263,-0.3506,0.2692,0.2922,0.3329,0.3202,0.3361,0.3188,0.3103,0.3045,0.3281,0.3234,0.337,0.3209,0.3278,0.3231,0.3271,0.3359,0.343,0.3336,0.3254,0.3248,0.3426,0.3424
-0.1263,-0.3438,0.2793,0.3009,0.3301,0.3353,0.3376,0.3193,0.3196,0.3042,0.3141,0.3178,0.3262,0.3278,0.3319,0.337,0.3221,0.3425,0.3341,0.341,0.3452,0.3379,0.3388,0.3382
-0.1226,-0.3735,0.3016,0.3125,0.3219,0.3284,0.3404,0.3153,0.2956,0.3077,0.3142,0.3283,0.3343,0.3224,0.319,0.3222,0.3168,0.3349,0.3414,0.336,0.3418,0.3361,0.3446,0.3301
-0.1325,-0.334,0.2995,0.303,0.3216,0.3232,0.3484,0.3251,0.3141,0.3014,0.3194,0.3302,0.3156,0.3133,0.3221,0.3258,0.331,0.3352,0.3391,0.3243,0.3368,0.336,0.3412,0.3419
-0.1428,-0.3556,0.2753,0.2989,0.3378,0.3314,0.3355,0.322,0.3042,0.3091,0.3091,0.3189,0.3344,0.3238,0.3232,0.3215,0.3421,0.3341,0.3441,0.3248,0.3331,0.3315,0.3414,0.349
-0.1314,-0.3536,0.2733,0.2971,0.3311,0.3173,0.3374,0.3103,0.3062,0.3122,0.3195,0.3212,0.316,0.3184,0.3168,0.3162,0.3404,0.3349,0.3308,0.3392,0.3314,0.3298,0.3363,0.3393
-0.1287,-0.3585,0.28,0.3028,0.3347,0.3248,0.3294,0.323,0.3146,0.3142,0.312,0.3202,0.325,0.3232,0.3145,0.3133,0.3261,0.3405,0.3308,0.3349,0.3417,0.3392,0.3392,0.3467
-0.1214,-0.3621,0.2845,0.3117,0.3209,0.3325,0.3356,0.3355,0.307,0.3181,0.307,0.3298,0.3349,0.317,0.325,0.3313,0.3266,0.3446,0.3428,0.3382,0.3295,0.3334,0.3295,0.3373
-0.1233,-0.3519,0.2806,0.3016,0.3117,0.3353,0.3381,0.3182,0.3079,0.3113,0.3149,0.328,0.3245,0.3259,0.3189,0.3197,0.331,0.3268,0.3327,0.334,0.3383,0.3427,0.3349,0.3452
-0.1252,-0.3539,0.2884,0.2961,0.3241,0.3291,0.3283,0.3235,0.3084,0.3105,0.3112,0.3199,0.3269,0.3137,0.3164,0.3186,0.3264,0.3344,0.3325,0.3349,0.3243,0.3376,0.3354,0.3446
-0.1168,-0.3751,0.2755,0.3044,0.3181,0.316,0.3196,0.3327,0.3076,0.3053,0.3179,0.3283,0.3277,0.3113,0.3157,0.3234,0.3238,0.3383,0.3373,0.3303,0.3418,0.3311,0.3322,0.3441
-0.1162,-0.3356,0.2797,0.2927,0.3396,0.3245,0.3416,0.3291,0.3049,0.3305,0.312,0.3179,0.3285,0.3153,0.3277,0.3237,0.3268,0.3379,0.3373,0.328,0.3411,0.3309,0.3372,0.3536
-0.1235,-0.3566,0.2838,0.3023,0.3145,0.3358,0.3354,0.3181,0.3004,0.3183,0.3015,0.3288,0.3204,0.3435,0.3278,0.3262,0.329,0.3347,0.3297,0.3345,0.3378,0.3334,0.339,0.3389
-0.1285,-0.3489,0.2828,0.3042,0.3423,0.3304,0.3456,0.3245,0.321,0.3179,0.3172,0.3097,0.3298,0.3293,0.3256,0.3297,0.3288,0.3341,0.3341,0.333,0.3374,0.3366,0.3337,0.3413
-0.1095,-0.3458,-0.2383,0.2948,0.3391,0.3453,0.3345,0.3335,0.3018,0.3079,0.3187,0.3182,0.3025,0.3246,0.3206,0.3176,0.3262,0.3428,0.3368,0.3279,0.3326,0.335,0.3407,0.3492
-0.1235,-0.3832,0.2844,0.3092,0.3382,0.3262,0.3334,0.3228,0.3201,0.2982,0.3007,0.3068,0.3141,0.3141,0.3141,0.3217,0.3305,0.342,0.3331,0.3332,0.3386,0.3314,0.3447,0.3502
-0.1293,-0.3507,0.2758,0.3086,0.32,0.3265,0.3328,0.3197,0.3126,0.3073,0.3125,0.3254,0.3198,0.3136,0.3268,0.3173,0.3362,0.339,0.3263,0.3323,0.3341,0.3294,0.3348,0.3476
-0.1217,-0.339,0.2803,0.3153,0.3181,0.3294,0.3337,0.3257,0.3166,0.3177,0.3168,0.3236,0.3303,0.3261,0.3246,0.3174,0.32,0.3365,0.3287,0.3315,0.3408,0.3313,0.3323,0.3361
-0.1287,-0.3566,0.2909,0.3103,0.3284,0.3271,0.3247,0.3196,0.3098,0.3129,0.299,0.3308,0.3269,0.3223,0.3277,0.3317,0.3317,0.344,0.3338,0.3295,0.3328,0.3292,0.3419,0.3413
-0.1438,-0.3496,0.2826,0.2959,0.3361,0.3229,0.3363,0.3132,0.3023,0.3236,0.3123,0.3243,0.3327,0.3189,0.3289,0.3211,0.3247,0.341,0.3291,0.33,0.338,0.3337,0.3401,0.3368
-0.1493,-0.3611,0.287,0.3184,0.3195,0.3281,0.3182,0.3142,0.2962,0.3082,0.3156,0.3217,0.335,0.3304,0.3061,0.3273,0.3281,0.3253,0.3435,0.3397,0.3272,0.343,0.3324,0.3415
-0.1218,-0.3511,0.2867,0.3122,0.3118,0.3395,0.3357,0.3221,0.3173,0.3174,0.2987,0.3316,0.3251,0.3167,0.3268,0.3225,0.3229,0.3455,0.3414,0.3354,0.335,0.3414,0.3345,0.3368
-0.1416,-0.3676,0.269,0.2866,0.3378,0.3408,0.3304,0.3198,0.2972,0.3137,0.3104,0.3106,0.3362,0.326,0.3321,0.3285,0.3339,0.3321,0.3229,0.3309,0.3423,0.3438,0.3425,0.3365
-0.1172,-0.3492,0.2747,0.3159,0.3365,0.3175,0.327,0.3225,0.3015,0.3168,0.3154,0.3212,0.3213,0.3227,0.3205,0.3139,0.3266,0.3421,0.3286,0.3321,0.337,0.3384,0.347,0.3452
-0.1173,-0.3836,0.2736,0.3106,0.3119,0.3284,0.3235,0.3284,0.3171,0.3123,0.3166,0.3255,0.3215,0.3178,0.3356,0.3262,0.3265,0.3357,0.3241,0.3422,0.3394,0.3306,0.3435,0.3422
-0.1179,-0.3745,0.2837,0.2983,0.3302,0.3248,0.3271,0.3112,0.3034,0.2948,0.3051,0.3227,0.3202,0.3193,0.3344,0.3356,0.3362,0.3303,0.3265,0.3309,0.3381,0.3274,0.3338,0.3433
-0.1461,-0.3579,0.2938,0.2967,0.3192,0.3366,0.3376,0.3113,0.3046,0.3055,0.3156,0.3193,0.3172,0.3157,0.3168,0.3295,0.3244,0.337,0.3303,0.3381,0.3353,0.3334,0.3361,0.3391
-0.1288,-0.3585,0.2889,0.3077,0.3242,0.3356,0.3198,0.3149,0.3072,0.3162,0.3128,0.3182,0.3314,0.3198,0.3217,0.3239,0.3309,0.3453,0.3274,0.3295,0.3417,0.3287,0.3484,0.3371
-0.1209,-0.3564,0.2644,0.3077,0.3432,0.326,0.3148,0.3113,0.3166,0.3105,0.3187,0.3179,0.3234,0.3163,0.3247,0.3201,0.3259,0.3335,0.3273,0.3433,0.3389,0.3191,0.3286,0.3412
-0.1254,-0.353,0.2798,0.2943,0.3302,0.3317,0.3471,0.3146,0.3226,0.3028,0.3067,0.3088,0.318,0.3224,0.3221,0.3143,0.3326,0.3355,0.3373,0.3305,0.3445,0.3286,0.3371,0.3364
-0.1311,-0.33,0.2812,0.2866,0.3299,0.3416,0.3294,0.317,0.3114,0.3196,0.3215,0.3238,0.333,0.3177,0.3285,0.3143,0.3327,0.3442,0.3314,0.3329,0.3226,0.335,0.344,0.3363
-0.1223,-0.3477,0.2947,0.3094,0.3319,0.3291,0.3366,0.3236,0.305,0.3097,0.3054,0.315,0.332,0.3203,0.3315,0.3292,0.3329,0.3377,0.3253,0.3318,0.3284,0.3337,0.3374,0.3393
-0.1188,-0.366,0.284,0.2909,0.3352,0.3237,0.3346,0.3149,0.2994,0.3183,0.3107,0.3261,0.3171,0.3209,0.3211,0.3284,0.3422,0.3492,0.3304,0.3385,0.3449,0.3383,0.3378,0.3339
-0.127,-0.3535,0.2758,0.3047,0.3155,0.3098,0.3284,0.3195,0.3151,0.3096,0.3241,0.3265,0.3314,0.3257,0.3222,0.3133,0.3289,0.3408,0.331,0.3306,0.3421,0.3387,0.3397,0.3398
-0.1229,-0.3619,0.2921,0.3056,0.3351,0.3296,0.3262,0.3228,0.2983,0.3275,0.3199,0.3246,0.3347,0.3193,0.3163,0.3196,0.3434,0.3356,0.3333,0.3269,0.337,0.3315,0.3379,0.3421
-0.1267,-0.343,0.275,0.2969,0.3434,0.3323,0.3509,0.3001,0.3007,0.3102,0.309,0.3208,0.3216,0.3234,0.318,0.3337,0.3362,0.3339,0.3441,0.3268,0.3501,0.338,0.3373,0.343
-0.1314,-0.3598,0.2753,0.3242,0.3119,0.3217,0.3397,0.312,0.319,0.3068,0.3174,0.3197,0.3176,0.3068,0.3224,0.3215,0.3271,0.3384,0.3381,0.342,0.3324,0.3341,0.3407,0.3424
-0.115,-0.3457,0.2933,0.2986,0.3338,0.3138,0.3292,0.3157,0.3138,0.3094,0.3224,0.3095,0.3262,0.3329,0.3283,0.3264,0.3364,0.3349,0.332,0.3345,0.3324,0.3416,0.333,0.3444
-0.1264,-0.3532,0.2682,0.304,0.3357,0.2935,0.3313,0.3274,0.3112,0.3122,0.3037,0.3165,0.3196,0.3333,0.3268,0.3331,0.3307,0.3377,0.3331,0.3321,0.3507,0.3395,0.3354,0.3433
-0.1475,-0.367,0.281,0.3001,0.3194,0.3227,0.3334,0.3165,0.3017,0.3205,0.3176,0.3095,0.3233,0.3238,0.3264,0.327,0.3341,0.3303,0.3451,0.3341,0.3358,0.3293,0.3388,0.3304
-0.1368,-0.3501,0.2888,0.2914,0.345,0.3162,0.3345,0.3213,0.308,0.3134,0.3158,0.3091,0.3267,0.3189,0.3167,0.3157,0.3404,0.335,0.3408,0.329,0.3281,0.338,0.3354,0.3407
-0.11,-0.3617,0.2877,0.314,0.3409,0.3152,0.3405,0.3026,0.3016,0.3173,0.3219,0.3113,0.3211,0.3272,0.327,0.3116,0.3374,0.3331,0.3438,0.3327,0.3314,0.3392,0.3311,0.3448
-0.1308,-0.3454,0.2999,0.3069,0.3272,0.3286,0.3292,0.3317,0.3037,0.3097,0.3108,0.3143,0.3382,0.3211,0.3264,0.3147,0.3326,0.3431,0.3401,0.3341,0.3381,0.3236,0.3328,0.3429
-0.1298,-0.3284,0.2789,0.2915,0.3272,0.3193,0.3352,0.3115,0.3153,0.3063,0.3208,0.3217,0.3284,0.3302,0.325,0.3211,0.3326,0.349,0.3462,0.3366,0.3425,0.3376,0.3347,0.3449
-0.1289,-0.3614,0.2895,0.3009,0.3248,0.3385,0.3345,0.3315,0.3229,0.3198,0.3081,0.3087,0.326,0.3276,0.327,0.3242,0.3351,0.3419,0.3337,0.3341,0.3301,0.3372,0.3331,0.3415
-0.131,-0.3576,0.2787,0.3042,0.317,0.3296,0.3116,0.3153,0.3006,0.3111,0.2941,0.3188,0.3311,0.3267,0.3169,0.3254,0.3308,0.3316,0.337,0.3338,0.3249,0.3376,0.3258,0.3388
-0.1197,-0.3439,0.2742,0.3119,0.3172,0.3228,0.3256,0.3226,0.3093,0.3072,0.3138,0.3113,0.3158,0.3156,0.3378,0.3272,0.3284,0.3279,0.3239,0.3294,0.3425,0.3339,0.3409,0.3497
-0.1274,-0.352,0.2766,0.2879,0.3284,0.3377,0.3378,0.3133,0.3125,0.3115,0.3121,0.3315,0.3143,0.323,0.3236,0.326,0.3271,0.3339,0.3316,0.3317,0.3339,0.3379,0.3343,0.3433
-0.1201,-0.3591,0.2564,0.2968,0.3196,0.3353,0.3414,0.3175,0.3048,0.3158,0.3158,0.3214,0.3223,0.3236,0.3306,0.3115,0.3241,0.3377,0.3308,0.3308,0.3284,0.337,0.3373,0.347
-0.1303,-0.351,0.2627,0.3031,0.3106,0.339,0.3386,0.3288,0.301,0.2954,0.3194,0.3092,0.326,0.3073,0.3326,0.3253,0.3223,0.3386,0.3328,0.3415,0.3366,0.3288,0.3311,0.3365
-0.135,-0.3517,0.2999,0.2819,0.3198,0.3191,0.333,0.329,0.3159,0.314,0.3179,0.3168,0.3204,0.3209,0.3208,0.3161,0.3307,0.3365,0.3396,0.3378,0.3426,0.3167,0.3308,0.3339
-0.1233,-0.3601,0.2667,0.3179,0.3459,0.3225,0.3443,0.3217,0.3133,0.3054,0.3175,0.3283,0.3292,0.3322,0.3295,0.3184,0.3294,0.3319,0.3357,0.3268,0.3255,0.3278,0.3384,0.3323
-0.1466,-0.3662,0.2768,0.2839,0.3314,0.3302,0.3254,0.3268,0.2967,0.2955,0.3198,0.3134,0.3154,0.318,0.3324,0.3334,0.3239,0.3413,0.3326,0.3388,0.3336,0.3336,0.3348,0.3391
-0.1161,-0.3685,0.2999,0.2996,-0.2215,0.3144,0.3345,0.3246,0.3246,0.3089,0.3059,0.3178,0.3305,0.3364,0.314,0.3301,0.3401,0.3308,0.3417,0.3323,0.3264,0.3392,0.3379,0.3366
-0.1277,-0.3696,0.293,0.3206,0.3463,0.3263,0.3395,0.3336,0.3006,0.3111,0.2979,0.3241,0.3224,0.3261,0.3256,0.3275,0.3355,0.3384,0.3398,0.3364,0.3314,0.3356,0.3405,0.3319
-0.1484,-0.3429,0.2836,0.2926,0.3174,0.3221,0.3328,0.3112,0.3034,0.3099,0.3152,0.3125,0.3224,0.3221,0.3242,0.3208,0.3364,0.3352,0.3322,0.3311,0.33,0.321,0.3289,0.344
-0.1226,-0.3542,0.2824,0.3019,0.329,0.3325,0.3333,0.3243,0.32,0.3101,0.3123,0.3168,0.3244,0.3172,0.3151,0.3236,0.3313,0.3497,0.3374,0.3251,0.3298,0.3376,0.3413,0.3372
-0.1221,-0.3615,0.2791,0.3056,0.3464,0.3149,0.3377,0.3097,0.3117,0.3131,0.3172,0.3153,0.3295,0.3268,0.3127,0.3276,0.3285,0.3271,0.3391,0.3392,0.3397,0.3405,0.333,0.3467
-0.1366,-0.3623,0.2948,0.2913,0.3309,0.3228,0.337,0.3078,0.2947,0.3147,0.3232,0.3133,0.3106,0.3242,0.3252,0.3222,0.3178,0.3398,0.3388,0.3342,0.3273,0.3225,0.3332,0.3407
-0.1329,-0.3435,0.2778,0.2888,0.3328,0.3315,0.3333,0.3224,0.3173,0.2963,0.3142,0.3134,0.322,0.3342,0.3323,0.3193,0.3281,0.3324,0.3315,0.338,0.3433,0.3385,0.3343,0.3464
-0.1351,-0.3882,0.2829,0.2984,0.3218,0.3321,0.3258,0.3253,0.2987,0.3097,0.3209,0.3187,0.3156,0.3129,0.33,0.311,0.3221,0.3279,0.3351,0.3319,0.326,0.3324,0.3412,0.338
-0.1352,-0.3535,0.2947,0.2891,0.3084,0.3253,0.3292,0.3303,0.2969,0.3057,0.3161,0.325,0.3231,0.3212,0.3257,0.3348,0.331,0.3472,0.3376,0.3296,0.3379,0.3362,0.3455,0.3504
-0.1366,-0.3638,0.261,0.3065,0.326,0.3222,0.3124,0.3298,0.2973,0.3126,0.3116,0.3263,0.3193,0.3211,0.3271,0.3195,0.329,0.3353,0.3397,0.3357,0.3258,0.3331,0.3402,0.3442
-0.1251,-0.3531,0.2931,0.308,0.3318,0.3253,0.3444,0.3135,0.312,0.3192,0.2965,0.3228,0.332,0.3167,0.3249,0.3241,0.3223,0.3336,0.3426,0.3357,0.3341,0.3313,0.3384,0.3412
-0.1311,-0.3535,0.2806,0.3142,0.3422,0.3207,0.342,0.3135,0.317,0.303,0.3046,0.325,0.3283,0.3144,0.3286,0.3202,0.3271,0.3336,0.3313,0.3306,0.3389,0.3302,0.3402,0.3394
-0.131,-0.3636,0.29,0.3057,0.3319,0.3128,0.3399,0.3201,0.3061,0.3065,0.3144,0.3154,0.3278,0.3209,0.3335,0.3263,0.3204,0.3352,0.3344,0.3289,0.3321,0.3241,0.3348,0.3398
-0.1354,-0.3456,0.2965,0.3007,0.3255,0.3368,0.3269,0.3226,0.3081,0.3315,0.3147,0.3177,0.3077,0.3243,0.3198,0.3253,0.3331,0.3253,0.329,0.3331,0.3355,0.3409,0.3502,0.3472
-0.1254,-0.3425,0.2806,0.2996,0.3266,0.3299,0.3243,0.3093,0.3115,0.314,0.3118,0.3191,0.3196,0.3197,0.3353,0.313,0.3376,0.3288,0.3378,0.3407,0.3478,0.3371,0.3432,0.3467
-0.1147,-0.3592,0.2868,0.306,0.3199,0.3297,0.3166,0.336,0.3175,0.3247,0.3178,0.3158,0.3166,0.3254,0.3327,0.3201,0.3346,0.3332,0.3367,0.3363,0.3358,0.3317,0.3301,0.3468
-0.1316,-0.3774,-0.2491,0.3015,0.3311,0.3456,0.3366,0.325,0.3267,0.3041,0.3075,0.3207,0.3354,0.3136,0.3231,0.3186,0.3308,0.3262,0.3345,0.333,0.3383,0.334,0.3235,0.3421
-0.1449,-0.3632,0.3016,0.3125,0.3353,0.3341,0.3265,0.3118,0.305,0.3074,0.3133,0.3194,0.3265,0.3207,0.3298,0.3226,0.3341,0.3336,0.3387,0.3397,0.3435,0.3382,0.3349,0.3373
-0.1263,-0.3559,0.28,0.289,0.3266,0.3268,0.3201,0.3278,0.3216,0.303,0.3298,0.313,0.3153,0.3226,0.3154,0.3261,0.3315,0.3363,0.3336,0.3393,0.3329,0.3263,0.3379,0.3454
-0.1387,-0.3464,0.2619,0.2855,0.3338,0.3179,0.337,0.3297,0.3068,0.3161,0.322,0.3135,0.3159,0.3138,0.3176,0.3206,0.3351,0.3337,0.3425,0.3285,0.331,0.3368,0.3318,0.3398
-0.1036,-0.3753,0.2803,0.3101,0.3332,0.3285,0.3469,0.3265,0.317,0.3103,0.2965,0.3142,0.3265,0.3311,0.3247,0.3226,0.3346,0.3359,0.3276,0.3298,0.3379,0.336,0.3396,0.3408
-0.1155,-0.3495,0.2924,0.3119,0.3315,0.3365,0.332,0.3201,0.3135,0.3141,0.3127,0.3186,0.3255,0.3223,0.3321,0.3302,0.3199,0.331,0.3277,0.3258,0.339,0.3273,0.345,0.3416
-0.1383,-0.3673,0.2761,0.3046,0.3313,0.3361,0.3293,0.3257,0.3217,0.3129,0.3097,0.3153,0.3328,0.3127,0.3269,0.3302,0.3304,0.3254,0.3317,0.3349,0.3418,0.3295,0.343,0.3348
-0.1125,-0.3379,0.2787,0.3055,0.3144,0.3147,0.3486,0.3265,0.317,0.2994,0.3048,0.3186,0.3226,0.3111,0.3272,0.3177,0.331,0.3343,0.3374,0.3265,0.3248,0.3359,0.3344,0.3418
-0.1448,-0.3382,0.2446,0.2995,0.2999,0.3212,0.3397,0.3194,0.2866,0.3259,0.3083,0.3239,0.3114,0.3225,0.3316,0.3117,0.3273,0.3387,0.34,0.3385,0.3261,0.3341,0.3449,0.3417
-0.1246,-0.354,0.2758,0.3186,0.3119,0.3322,0.3314,0.3214,0.2984,0.3111,0.3188,0.3198,0.3153,0.3327,0.316,0.3315,0.3355,0.3361,0.3252,0.3328,0.3384,0.3354,0.3406,0.3432
-0.1289,-0.3605,0.2862,0.3088,0.3329,0.3252,0.3337,0.3252,0.3166,0.3145,0.3089,0.3278,0.3188,0.3273,0.3294,0.3286,0.3258,0.3442,0.3378,0.3307,0.3416,0.3421,0.3378,0.3414
-0.1232,-0.3694,0.2824,0.3086,0.3352,0.3267,0.33,0.3207,0.3141,0.301,0.3109,0.3259,0.3291,0.3122,0.3205,0.3156,0.3332,0.3351,0.3332,0.3331,0.338,0.3473,0.3419,0.3476
-0.1514,-0.3455,0.2771,0.2915,0.3354,0.3295,0.3295,0.3262,0.31,0.3137,0.318,0.3312,0.3238,0.3232,0.3288,0.3215,0.3337,0.3342,0.3477,0.3278,0.3365,0.3377,0.3352,0.3364
-0.123,-0.3387,0.2809,0.296,0.3212,0.3319,0.3412,0.3237,0.3172,0.2937,0.3148,0.3209,0.3436,0.318,0.3241,0.3306,0.3217,0.3412,0.3404,0.3314,0.3375,0.3358,0.3372,0.3454
-0.1157,-0.3614,0.2861,0.2861,0.3335,0.3223,0.3282,0.3169,0.3045,0.3198,0.3139,0.3296,0.317,0.321,0.3264,0.3123,0.3284,0.3323,0.3425,0.3288,0.3273,0.3363,0.3337,0.3413
-0.1192,-0.3784,0.2887,0.3054,0.3212,0.3154,0.3462,0.3278,0.3172,0.3028,0.3068,0.3156,0.3361,0.3185,0.3195,0.319,0.3279,0.3366,0.3293,0.3352,0.3397,0.3311,0.327,0.3363
-0.1476,-0.3352,0.2976,0.3013,0.3207,0.3276,0.3326,0.3261,0.2996,0.3121,0.3108,0.31,0.3319,0.319,0.3132,0.318,0.3394,0.3315,0.34,0.3376,0.3436,0.3326,0.3436,0.3424
-0.1252,-0.3494,0.2777,0.3231,0.346,0.3082,0.3251,0.3048,0.306,0.3153,0.3161,0.3314,0.3286,0.3228,0.322,0.3211,0.3272,0.3309,0.3381,0.3351,0.3361,0.3303,0.3312,0.3464
-0.123,-0.3505,0.2704,0.3029,0.3551,0.3359,0.3365,0.3107,0.3244,0.3066,0.3127,0.3089,0.3252,0.3172,0.3242,0.3172,0.3252,0.3296,0.3301,0.3328,0.3297,0.3354,0.3389,0.3401
-0.1334,-0.354,0.2881,0.3055,0.3307,0.3078,0.3259,0.3104,0.3182,0.3082,0.3168,0.3263,0.3203,0.3205,0.3248,0.3271,0.3371,0.3339,0.3292,0.3242,0.3397,0.3319,0.3472,0.346
-0.1432,-0.3611,0.2816,0.2833,0.3514,0.3359,0.3156,0.322,0.319,0.3054,0.3056,0.3194,0.3222,0.3132,0.3259,0.323,0.3356,0.3291,0.3359,0.3329,0.3402,0.3395,0.3391,0.3461
-0.1166,-0.3515,0.2824,0.2986,0.3097,0.3263,0.3282,0.3161,0.3027,0.3125,0.3064,0.3161,0.3342,0.3212,0.3282,0.3254,0.3231,0.3322,0.3444,0.3331,0.3362,0.3363,0.333,0.3379
-0.1447,-0.37,0.2876,0.3022,0.3327,0.3201,0.3266,0.312,0.3109,0.3124,0.315,0.3267,0.3167,0.328,0.326,0.3269,0.337,0.3329,0.3216,0.3244,0.3384,0.3482,0.3404,0.3437
-0.1314,-0.3516,0.2805,0.27,0.3464,0.3205,0.3188,0.3109,0.3108,0.315,0.3226,0.3113,0.3283,0.3246,0.3141,0.3249,0.3265,0.3361,0.3274,0.3329,0.3403,0.3324,0.3309,0.3435
-0.1183,-0.366,0.2969,0.3072,0.327,0.3201,0.3288,0.31,0.3114,0.306,0.3097,0.3099,0.3232,0.3131,0.3313,0.3314,0.3328,0.3364,0.332,0.3344,0.3364,0.328,0.3369,0.3403
-0.1375,-0.3565,0.2696,0.3267,0.3319,0.337,0.3343,0.3103,0.32,0.3216,0.3208,0.3187,0.3193,0.3227,0.3135,0.3194,0.3235,0.3416,0.3287,0.3371,0.3226,0.3477,0.3295,0.3473
-0.1448,-0.3657,0.2669,0.2986,0.3467,0.3173,0.3446,0.3174,0.3133,0.3059,0.3095,0.3333,0.3124,0.3207,0.3167,0.3286,0.3183,0.3289,0.3373,0.3271,0.3259,0.3302,0.3348,0.3456
-0.1444,-0.356,0.2899,0.3072,0.3302,0.3287,0.3272,0.3346,0.3166,0.3175,0.3125,0.3193,0.3262,0.3146,0.313,0.3229,0.3333,0.3323,0.3359,0.3311,0.3383,0.3338,0.3309,0.3337
-0.1412,-0.362,0.289,0.3098,0.3369,0.3363,0.3421,0.3203,0.313,0.3157,0.3012,0.3228,0.3164,0.323,0.3281,0.3263,0.3301,0.3387,0.3443,0.3321,0.3411,0.3482,0.3402,0.3358
-0.1433,-0.3369,0.2737,0.3148,0.3159,0.3344,0.3382,0.3212,0.3165,0.3212,0.3051,0.3246,0.3229,0.319,0.3282,0.3158,0.3311,0.3438,0.3288,0.3369,0.3303,0.3307,0.3403,0.3419
-0.1215,-0.3564,0.2764,0.3242,0.318,0.3169,0.3451,0.3126,0.3008,0.3044,0.3129,0.3192,0.3099,0.3188,0.3239,0.3112,0.3256,0.3406,0.3391,0.3243,0.3393,0.3246,0.3341,0.3356
-0.1254,-0.3686,0.2897,0.3051,0.3277,0.3306,0.329,0.3051,0.3081,0.3171,0.317,0.3141,0.3165,0.3238,0.3288,0.3357,0.3405,0.335,0.3435,0.3406,0.3229,0.3325,0.3422,0.3431
-0.1467,-0.3469,0.2842,0.2636,0.3284,0.3174,0.3414,0.2988,0.3271,0.3054,0.3102,0.3319,0.3272,0.3188,0.3292,0.3304,0.3351,0.3381,0.333,0.3344,0.3383,0.3289,0.3334,0.3334
-0.1285,-0.335,0.2846,0.3018,0.3366,0.323,0.3311,0.3224,0.308,0.3176,0.2962,0.3173,0.3217,0.3264,0.3252,0.3158,0.3263,0.339,0.3393,0.3371,0.3374,0.3405,0.3371,0.3427
-0.1285,-0.3516,0.2856,0.3124,0.3199,0.331,0.3335,0.3218,0.3181,0.3123,0.3234,0.3257,0.3198,0.3333,0.3289,0.3235,0.326,0.3335,0.3363,0.327,0.3393,0.3341,0.3349,0.3451
-0.1207,-0.3868,0.2951,0.3187,0.3331,0.3203,0.3303,0.3204,0.3088,0.312,0.2985,0.3197,0.3178,0.3067,0.3171,0.3267,0.3389,0.3394,0.3396,0.3315,0.3371,0.335,0.3325,0.3426
-0.1325,-0.3387,-0.2496,0.3026,0.3278,0.3326,0.3389,0.322,0.3147,0.309,0.3135,0.3212,0.3133,0.3219,0.3228,0.3154,0.336,0.3369,0.3474,0.3282,0.3374,0.3273,0.3422,0.3429
-0.1537,-0.3377,0.2868,0.3028,0.3387,0.3258,0.338,0.3258,0.308,0.31,0.3203,0.3197,0.3337,0.3163,0.319,0.3271,0.3365,0.3278,0.3392,0.326,0.3376,0.3293,0.3408,0.3356
-0.1173,-0.3546,0.2928,0.2949,0.3205,0.3286,0.3101,0.3146,0.3156,0.2969,0.3057,0.3209,0.3389,0.3252,0.3202,0.3205,0.3386,0.3406,0.3284,0.335,0.3324,0.3384,0.3445,0.3492
-0.1286,-0.3314,0.2756,0.2947,0.3279,0.3373,0.3184,0.3265,0.3093,0.3015,0.3193,0.3215,0.3463,0.3159,0.334,0.3272,0.3299,0.3264,0.3397,0.3374,0.3355,0.3347,0.3456,0.3313
-0.1505,-0.3349,0.2727,0.302,0.32,0.3421,0.3347,0.3346,0.315,0.307,0.3035,0.3121,0.3324,0.3193,0.3295,0.3256,0.3271,0.3334,0.3317,0.3374,0.3309,0.3375,0.344,0.3372
-0.1236,-0.3603,0.2914,0.3066,0.3407,0.3051,0.3464,0.3161,0.3114,0.3147,0.3171,0.3163,0.3274,0.3146,0.323,0.3328,0.3323,0.3466,0.335,0.3376,0.3371,0.3315,0.3356,0.3377
-0.1161,-0.3631,0.2784,0.3085,0.3336,0.3352,0.3366,0.3131,0.3116,0.3051,0.3282,0.3345,0.3238,0.3243,0.3293,0.3269,0.3306,0.3329,0.3448,0.3367,0.3454,0.3384,0.3331,0.3413
-0.1345,-0.3627,0.2903,0.308,0.3199,0.3169,0.3281,0.3342,0.2983,0.3208,0.3105,0.3135,0.3239,0.307,0.3259,0.328,0.3331,0.3425,0.3352,0.3236,0.3421,0.3293,0.3326,0.3414
-0.1212,-0.3352,0.2752,0.3,0.314,0.3069,0.3324,0.3097,0.3179,0.3285,0.3143,0.3128,0.3203,0.322,0.3268,0.3139,0.3297,0.3422,0.345,0.3307,0.3278,0.3278,0.34,0.3343
-0.1355,-0.361,0.294,0.3094,0.3509,0.3334,0.3391,0.321,0.314,0.2955,0.3076,0.3231,0.3147,0.3265,0.321,0.3206,0.3289,0.3476,0.3331,0.3326,0.3323,0.3321,0.3305,0.3508
-0.1412,-0.3747,0.2696,0.2991,0.3196,0.3202,0.3478,0.3164,0.2983,0.3086,0.3106,0.3131,0.3162,0.3302,0.3288,0.3272,0.3278,0.3178,0.3312,0.3355,0.3421,0.3382,0.3346,0.3504
-0.1319,-0.3558,0.2708,0.3019,0.3401,0.3177,0.3135,0.3065,0.327,0.3099,0.3207,0.3186,0.3357,0.3201,0.3257,0.3178,0.3202,0.3332,0.3421,0.3253,0.3346,0.3321,0.3321,0.3355
-0.129,-0.3596,0.2778,0.2935,0.328,0.3156,0.3338,0.3201,0.3087,0.2942,0.3086,0.3211,0.3236,0.3234,0.3205,0.3229,0.3287,0.3381,0.3473,0.3292,0.3314,0.3367,0.3324,0.3429
-0.1139,-0.3696,0.2965,0.3004,0.3174,0.3187,0.3205,0.3193,0.3056,0.31,0.3126,0.3205,0.323,0.3241,0.3303,0.318,0.3168,0.3316,0.3342,0.3336,0.3342,0.3314,0.3379,0.3511
-0.1349,-0.3586,0.2684,0.3048,0.3396,0.3224,0.336,0.3227,0.305,0.3013,0.3051,0.3093,0.3087,0.3166,0.3241,0.3199,0.3201,0.3356,0.3302,0.3336,0.3416,0.3411,0.3226,0.3401
-0.1126,-0.3291,0.2735,0.2989,0.3483,0.3326,0.325,0.3255,0.3115,0.306,0.3093,0.3152,0.3309,0.316,0.3212,0.3251,0.328,0.3227,0.3425,0.3415,0.3341,0.3322,0.3357,0.3401
-0.1495,-0.3661,0.2827,0.2942,0.3323,0.3302,0.3467,0.3201,0.3112,0.3176,0.3042,0.3214,0.3235,0.3238,0.3319,0.3266,0.3341,0.3365,0.3262,0.3339,0.3325,0.3319,0.3374,0.3405
-0.1538,-0.3461,0.2844,0.3138,0.3376,0.3184,0.326,0.3181,0.3051,0.3167,0.3245,0.3171,0.3359,0.3269,0.3257,0.3219,0.3423,0.3309,0.3341,0.332,0.3328,0.3354,0.3303,0.3334
-0.1199,-0.3398,0.2796,0.3007,0.3166,0.3197,0.3355,0.3125,0.2886,0.3073,0.3108,0.3101,0.3261,0.3258,0.3271,0.3268,0.3348,0.3292,0.3362,0.3308,0.328,0.3356,0.3273,0.3402
-0.1076,-0.3606,0.2984,0.3104,0.32,0.3359,0.3341,0.32,0.3132,0.2946,0.3246,0.3214,0.3222,0.3221,0.3219,0.32,0.3243,0.3308,0.3322,0.3318,0.3372,0.3319,0.3301,0.338
-0.1252,-0.3361,0.3071,0.3111,0.3217,0.3244,0.3267,0.3199,0.3147,0.3085,0.3153,0.3291,0.3231,0.3238,0.328,0.3312,0.3287,0.335,0.3286,0.3298,0.3397,0.3348,0.3463,0.3325
-0.1209,-0.3435,0.2964,0.2845,0.3311,0.3357,0.3224,0.3172,0.3174,0.3168,0.3112,0.3138,0.3319,0.3095,0.3303,0.3375,0.3231,0.3481,0.3361,0.3348,0.3297,0.338,0.3423,0.3357
-0.1329,-0.3493,0.2675,0.3194,0.3392,0.3332,0.332,0.3242,0.3022,0.3096,0.324,0.3193,0.318,0.3172,0.3241,0.336,0.3343,0.3409,0.3312,0.3349,0.3358,0.3312,0.3366,0.3415
-0.1186,-0.3678,0.2778,0.3004,0.3279,0.3219,0.326,0.3275,0.3112,0.307,0.3108,0.3305,0.3347,0.3206,0.3178,0.3309,0.3296,0.335,0.3316,0.3351,0.3298,0.335,0.3342,0.339
-0.1322,-0.384,0.2658,0.3035,0.319,0.3187,0.3082,0.3277,0.3173,0.3045,0.3116,0.3172,0.3262,0.3235,0.3253,0.314,0.3352,0.3386,0.3307,0.3336,0.3268,0.337,0.334,0.3389
-0.14,-0.3492,0.2942,0.3129,0.3323,0.3358,0.3372,0.3191,0.3112,0.3097,0.3122,0.3136,0.3142,0.3277,0.3155,0.3225,0.3215,0.3358,0.3322,0.332,0.3377,0.3298,0.3441,0.3442
-0.1334,-0.3662,0.2869,0.2854,0.3254,0.3369,0.3451,0.3222,0.3173,0.3103,0.3036,0.3155,0.3281,0.3151,0.3268,0.3304,0.3365,0.3335,0.3327,0.3374,0.33,0.3387,0.3401,0.3528
-0.0969,-0.3614,0.2834,0.2933,0.3157,0.3333,0.3364,0.329,0.3103,0.328,0.306,0.3212,0.3211,0.3263,0.3296,0.3223,0.3304,0.3245,0.3353,0.3391,0.3344,0.3332,0.3365,0.343
-0.136,-0.3562,0.2669,0.3122,0.3382,0.321,0.3382,0.313,0.3199,0.3149,0.3167,0.3249,0.3163,0.3099,0.3269,0.3121,0.3264,0.3245,0.3463,0.3321,0.3424,0.323,0.3455,0.3348
-0.1331,-0.3597,0.2691,0.3027,0.3298,0.3308,0.326,0.3052,0.3196,0.3069,0.3251,0.3188,0.3171,0.318,0.3086,0.3283,0.334,0.3367,0.3387,0.3352,0.3368,0.3322,0.3321,0.3484
-0.1321,-0.3453,0.2965,0.2861,0.3392,0.3285,0.3158,0.3113,0.3137,0.3058,0.3088,0.3178,0.3302,0.3087,0.3251,0.3311,0.3441,0.3281,0.3328,0.3363,0.3256,0.3329,0.3393,0.3423
-0.1319,-0.333,0.2721,0.3039,0.3209,0.3169,0.3282,0.3074,0.3159,0.3154,0.3027,0.31,0.3311,0.3091,0.3256,0.3319,0.3287,0.3372,0.3327,0.3365,0.339,0.3329,0.3322,0.3494
-0.1322,-0.3588,0.2674,0.3013,0.3513,0.3156,0.328,0.3174,0.3134,0.3172,0.3276,0.3245,0.3224,0.3245,0.3328,0.3293,0.3316,0.3313,0.3317,0.3297,0.3358,0.3242,0.3469,0.3437
-0.1344,-0.3608,0.2938,0.3136,0.3412,0.3241,0.3316,0.3266,0.3147,0.3113,0.3191,0.3224,0.3136,0.3195,0.3227,0.3307,0.3316,0.3392,0.3317,0.328,0.3227,0.3323,0.3362,0.3372
-0.1283,-0.3529,0.3007,0.3156,0.3322,0.3446,0.3349,0.3203,0.3127,0.3026,0.3068,0.3181,0.3132,0.3234,0.3237,0.3246,0.331,0.3353,0.3436,0.3401,0.331,0.3398,0.3379,0.3466
-0.1168,-0.3563,0.2631,0.3106,0.3413,0.3281,0.317,0.3247,0.2861,0.3215,0.311,0.3232,0.3161,0.3228,0.3143,0.3215,0.3293,0.3443,0.3351,0.3357,0.3402,0.3372,0.3331,0.3486
-0.122,-0.3377,0.2864,0.2891,0.3447,0.3464,0.3336,0.3232,0.3104,0.3184,0.3185,0.3281,0.328,0.3161,0.3288,0.3336,0.3272,0.3361,0.33,0.3371,0.3332,0.3347,0.3373,0.3344
-0.1306,-0.3557,0.2521,0.3044,0.3192,0.3194,0.3208,0.3311,0.3069,0.3155,0.3311,0.3234,0.3243,0.3316,0.3332,0.3176,0.334,0.3323,0.3317,0.3354,0.336,0.3303,0.3429,0.3397
-0.1392,-0.3669,0.2819,0.3037,0.3456,0.3311,0.3274,0.3282,0.2982,0.3075,0.3137,0.3102,0.3314,0.321,0.3358,0.3275,0.3367,0.3233,0.3336,0.3246,0.3415,0.3315,0.3401,0.3411
-0.1199,-0.345,-0.2392,0.2906,0.335,0.3165,0.3397,0.299,0.2994,0.3128,0.3258,0.3151,0.3178,0.3238,0.3156,0.3199,0.3388,0.3372,0.3393,0.3305,0.3394,0.3426,0.3358,0.3398
-0.1213,-0.3525,0.294,0.282,0.3446,0.3323,0.3227,0.3277,0.2998,0.3186,0.3181,0.3347,0.3179,0.3289,0.3224,0.32,0.3387,0.3373,0.3361,0.3435,0.3306,0.3261,0.3423,0.34
-0.1253,-0.3446,0.2867,0.3085,0.3318,0.317,0.3223,0.3192,0.3188,0.3061,0.3161,0.3121,0.3144,0.3111,0.3227,0.3233,0.3203,0.3314,0.3363,0.3328,0.3293,0.3324,0.3305,0.348
-0.1159,-0.3426,0.2724,0.3123,0.3116,0.3324,0.3325,0.3173,0.3017,0.3015,0.3085,0.3122,0.3238,0.3175,0.3224,0.3201,0.3262,0.3235,0.3338,0.3406,0.3419,0.3338,0.3351,0.3344
-0.123,-0.3524,0.2748,0.2978,0.3042,0.3231,0.3352,0.3186,0.3197,0.3116,0.3088,0.3288,0.3248,0.3172,0.3243,0.3142,0.333,0.3372,0.3382,0.3307,0.3318,0.3326,0.3342,0.34
-0.1447,-0.3574,0.2912,0.2912,0.3311,0.3157,0.3359,0.3185,0.3154,0.3194,0.3185,0.318,0.3182,0.3225,0.3275,0.3196,0.3354,0.3422,0.3446,0.3393,0.3231,0.3278,0.326,0.333
-0.1095,-0.3444,0.2984,0.3166,0.3476,0.3294,0.3535,0.3156,0.3134,0.3081,0.3219,0.3245,0.3335,0.309,0.3211,0.3192,0.3414,0.331,0.3368,0.3254,0.3355,0.3305,0.3319,0.3427
-0.1313,-0.3367,0.2741,0.3156,0.2906,0.3355,0.3433,0.3136,0.3045,0.3137,0.3128,0.3242,0.3203,0.3224,0.3352,0.3202,0.3278,0.3324,0.3226,0.3268,0.3345,0.3347,0.3316,0.3411
-0.1167,-0.3443,0.2898,0.2883,0.3445,0.3318,0.3403,0.3256,0.3057,0.3134,0.3164,0.3234,0.3172,0.3235,0.3246,0.3239,0.3387,0.3207,0.3299,0.3337,0.3312,0.3369,0.3369,0.3317
-0.1195,-0.3596,0.2703,0.3118,0.3422,0.3109,0.3421,0.3159,0.3153,0.3085,0.3156,0.3149,0.3231,0.3234,0.3196,0.3137,0.3305,0.3405,0.3323,0.3402,0.3408,0.3393,0.3391,0.3402
-0.1408,-0.3572,0.2825,0.283,0.3188,0.3224,0.3337,0.331,0.3202,0.3214,0.3204,0.314,0.3181,0.3312,0.3327,0.3213,0.3259,0.328,0.3311,0.3342,0.341,0.3381,0.3425,0.3479
-0.1476,-0.3482,0.2819,0.3043,0.3412,0.3296,0.3509,0.3196,0.3217,0.3219,0.3069,0.3274,0.3171,0.3155,0.3269,0.3186,0.329,0.3364,0.3414,0.3317,0.3342,0.3389,0.3374,0.3435
-0.123,-0.3852,0.2783,0.3146,0.3387,0.3311,0.333,0.3082,0.31,0.2998,0.3031,0.3178,0.3321,0.3243,0.3207,0.3181,0.321,0.3416,0.3433,0.3424,0.3364,0.3368,0.333,0.3419
-0.1295,-0.3705,0.2996,0.2888,0.3287,0.3275,0.3307,0.3307,0.3095,0.3035,0.3083,0.3246,0.3106,0.3251,0.3355,0.3286,0.3274,0.3315,0.3287,0.3306,0.3361,0.3358,0.3429,0.3417
-0.112,-0.3468,0.2814,0.3164,0.3321,0.3254,0.3242,0.3336,0.3158,0.2986,0.3006,0.3179,0.3172,0.3172,0.3143,0.3254,0.3414,0.3376,0.3401,0.332,0.3222,0.3366,0.3348,0.3385
-0.12,-0.3446,0.2696,0.2979,0.3413,0.3395,0.3349,0.3229,0.314,0.2991,0.3028,0.3127,0.3259,0.3262,0.3337,0.3157,0.3261,0.3301,0.342,0.3318,0.3396,0.3201,0.3471,0.3489
-0.1259,-0.3456,0.2789,0.3169,0.3304,0.3244,0.3195,0.3136,0.3054,0.3144,0.2985,0.316,0.3241,0.3141,0.3221,0.3183,0.3287,0.3317,0.3337,0.34,0.3287,0.3308,0.3402,0.3378
-0.1299,-0.3496,0.2777,0.3055,0.331,0.3289,0.3288,0.3238,0.2991,0.3124,0.314,0.3196,0.3167,0.3192,0.3191,0.3184,0.3314,0.339,0.3336,0.3347,0.3303,0.3317,0.3392,0.3396
-0.138,-0.3576,0.2874,0.321,0.3177,0.3217,0.3378,0.3226,0.3235,0.3144,0.2957,0.3321,0.3149,0.3215,0.3274,0.3234,0.3122,0.3378,0.3453,0.3351,0.3404,0.3393,0.3475,0.3506
-0.1535,-0.3583,0.2732,0.3252,0.3183,0.3188,0.3217,0.3259,0.3035,0.3097,0.318,0.3089,0.3375,0.3129,0.3284,0.3259,0.3285,0.3347,0.3235,0.3389,0.3306,0.3363,0.3341,0.3404
-0.1303,-0.3633,0.2965,0.3094,0.3141,0.3169,0.3204,0.3129,0.3075,0.3012,0.3135,0.3256,0.3215,0.317,0.3221,0.3247,0.3273,0.3319,0.3333,0.3334,0.3377,0.3333,0.3356,0.3369
-0.1314,-0.3502,0.2888,0.3063,0.3141,0.3273,0.3331,0.3122,0.3229,0.3228,0.3149,0.327,0.3221,0.3288,0.3279,0.3123,0.3349,0.3368,0.3238,0.3342,0.33,0.3391,0.3312,0.3427
-0.1261,-0.3682,0.2803,0.2946,0.3297,0.3066,0.3273,0.3275,0.2953,0.3083,0.3111,0.3239,0.3224,0.3173,0.3159,0.3197,0.3392,0.3307,0.3273,0.3207,0.3269,0.3341,0.3423,0.3386
-0.1353,-0.3443,0.2837,0.3013,0.3319,0.3272,0.3419,0.3138,0.307,0.3142,0.2983,0.3124,0.319,0.3284,0.3252,0.3229,0.3346,0.3362,0.3401,0.3395,0.3417,0.3392,0.3402,0.3439
-0.1217,-0.3488,0.2814,0.2974,0.3433,0.3207,0.3501,0.3193,0.3029,0.302,0.3212,0.3164,0.3258,0.3282,0.3199,0.3212,0.3352,0.334,0.3323,0.3272,0.3328,0.3379,0.3403,0.3479
-0.1325,-0.3501,0.2645,0.2908,0.3287,0.3154,0.3345,0.3147,0.3124,0.3036,0.3138,0.3263,0.3309,0.31,0.3233,0.3221,0.324,0.3372,0.3355,0.3323,0.3358,0.3338,0.3406,0.3332
-0.1165,-0.3472,0.2756,0.3103,0.3162,0.325,0.3329,0.3204,0.3033,0.3086,0.3153,0.314,0.3218,0.3239,0.3139,0.3235,0.3367,0.338,0.3253,0.3374,0.3337,0.3344,0.3375,0.3357
-0.1303,-0.3529,0.2846,0.3119,0.326,0.3178,0.3412,0.3082,0.3102,0.3172,0.308,0.3158,0.3251,0.3109,0.329,0.3309,0.3289,0.3448,0.3369,0.337,0.3262,0.34,0.34,0.3416
-0.1362,-0.339,0.2789,0.2949,0.3216,0.3363,0.322,0.3377,0.2989,0.307,0.3275,0.3215,0.3202,0.3157,0.3185,0.3226,0.3373,0.3346,0.3371,0.3316,0.3428,0.3349,0.3425,0.3335
-0.1127,-0.3444,0.2729,0.3022,0.3205,0.337,0.3483,0.3172,0.3165,0.3057,0.3125,0.3248,0.3308,0.3194,0.3126,0.3267,0.3305,0.317,0.3402,0.3362,0.3261,0.3397,0.3376,0.3365
-0.1405,-0.3478,0.2819,0.2752,0.3235,0.3327,0.3345,0.3147,0.3106,0.3128,0.3191,0.3197,0.3209,0.3214,0.3265,0.337,0.3229,0.3269,0.328,0.3347,0.333,0.3317,0.3287,0.3381
-0.1174,-0.3429,0.2929,0.3201,0.3392,0.3346,0.3283,0.3064,0.3073,0.3049,0.317,0.3116,0.3206,0.3257,0.3241,0.3251,0.3241,0.3382,0.3434,0.3357,0.3284,0.3346,0.342,0.3392
-0.1317,-0.3441,0.2851,0.3013,0.3242,0.3378,0.3254,0.321,0.3134,0.3037,0.3073,0.333,0.3296,0.3177,0.3187,0.3293,0.3244,0.3505,0.3373,0.3364,0.3304,0.333,0.3366,0.341
-0.1368,-0.3703,0.2734,0.3072,0.3383,0.3202,0.3288,0.3219,0.3121,0.3135,0.3093,0.3233,0.3195,0.3214,0.3326,0.3164,0.3243,0.3172,0.3397,0.3396,0.3322,0.3389,0.3356,0.3445
-0.1299,-0.3872,0.2688,0.317,0.3356,0.3305,0.3366,0.3254,0.3074,0.317,0.3115,0.3233,0.3238,0.3213,0.329,0.3334,0.332,0.3442,0.333,0.3268,0.3403,0.3289,0.3343,0.3477
-0.1324,-0.3424,0.2762,0.3239,0.3245,0.3084,0.3239,0.3187,0.3096,0.3036,0.3094,0.3125,0.3196,0.3284,0.332,0.3208,0.3329,0.338,0.34,0.3327,0.329,0.3423,0.339,0.3425
-0.1238,-0.3341,0.2812,0.2955,0.328,0.3251,0.343,0.32,0.3135,0.3071,0.3033,0.3127,0.3196,0.3235,0.3263,0.3237,0.3213,0.3412,0.3356,0.3335,0.3356,0.3249,0.3295,0.3485
-0.1218,-0.37,0.2817,0.2907,0.3123,0.3144,0.3377,0.3095,0.3102,0.3163,0.3157,0.3154,0.3255,0.3281,0.3254,0.3302,0.3393,0.3354,0.3424,0.3276,0.3346,0.3318,0.3387,0.336
-0.1428,-0.3303,0.2949,0.3056,0.3237,0.3175,0.3389,0.3231,0.3095,0.3166,0.3048,0.3289,0.326,0.3329,0.3259,0.3159,0.338,0.3327,0.3378,0.3347,0.3278,0.3276,0.3429,0.3478
-0.1385,-0.3608,0.264,0.2982,0.3293,0.3232,0.3335,0.31,0.312,0.3161,0.3124,0.3231,0.3219,0.3243,0.3222,0.3163,0.3314,0.3352,0.3414,0.3318,0.3368,0.3369,0.3496,0.3388
-0.1243,-0.3259,0.285,0.2818,0.3292,0.3281,0.3473,0.3312,0.3132,0.313,0.3029,0.3221,0.3208,0.325,0.3405,0.3277,0.3159,0.3377,0.3458,0.3332,0.3279,0.3269,0.334,0.338
-0.1358,-0.3497,0.2791,0.3004,0.3237,0.3287,0.3418,0.3249,0.2914,0.3094,0.3221,0.3218,0.3274,0.3175,0.3284,0.3173,0.328,0.337,0.3379,0.334,0.3372,0.3349,0.3397,0.3403
-0.1127,-0.353,0.2702,0.3053,0.3257,0.3089,0.3556,0.3054,0.3116,0.3097,0.3127,0.3207,0.326,0.3142,0.3158,0.3219,0.3463,0.3456,0.3301,0.3321,0.3401,0.3359,0.3314,0.3411
-0.1218,-0.3487,0.3044,0.3108,0.3392,0.3342,0.334,0.3125,0.3112,0.3171,0.3156,0.3253,0.32,0.3254,0.3232,0.3319,0.326,0.3457,0.3473,0.332,0.3358,0.3303,0.3421,0.3445
-0.1227,-0.3533,0.2862,0.3,0.3327,0.3036,0.3235,0.3312,0.3232,0.3218,0.308,0.3201,0.3112,0.3237,0.3238,0.317,0.323,0.3347,0.343,0.3341,0.3326,0.3457,0.3255,0.3339
-0.1345,-0.3604,0.2822,0.2982,0.3126,0.3244,0.3322,0.3194,0.3227,0.3136,0.3241,0.3126,0.3213,0.3182,0.3308,0.3295,0.3243,0.3306,0.3318,0.3349,0.3366,0.3428,0.3265,0.345
-0.1328,-0.3524,0.26,0.3026,0.3218,0.34,0.3486,0.3334,0.3143,0.3266,0.3241,0.3175,0.3226,0.326,0.327,0.3323,0.3344,0.3413,0.347,0.3382,0.3421,0.3363,0.3378,0.3437
-0.1159,-0.3258,0.2772,0.2914,0.3149,0.3365,0.3192,0.3153,0.3203,0.3185,0.3124,0.3167,0.3205,0.3303,0.3215,0.3272,0.3336,0.3386,0.3419,0.3284,0.3292,0.3421,0.3259,0.3384
-0.1349,-0.3627,0.3027,0.2999,0.337,0.3233,0.3358,0.3182,0.3051,0.317,0.3007,0.3154,0.3196,0.3173,0.3222,0.3269,0.3366,0.3345,0.3339,0.3313,0.3275,0.3369,0.3351,0.3384
-0.1132,-0.3629,0.3112,0.3176,0.3406,0.3258,0.3361,0.3235,0.3043,0.3123,0.3107,0.3181,0.3265,0.3227,0.3235,0.3299,0.3252,0.3346,0.3297,0.3386,0.343,0.3346,0.3429,0.3446
-0.1061,-0.3476,0.2964,0.3055,0.3273,0.3318,0.3371,0.3306,0.3074,0.2992,0.3046,0.3172,0.3269,0.3309,0.3212,0.3255,0.3274,0.3324,0.3359,0.3386,0.3399,0.3199,0.3228,0.3393
-0.1197,-0.3513,0.271,0.3042,0.3299,0.3231,0.3446,0.3031,0.3139,0.3183,0.2986,0.3261,0.3263,0.3337,0.312,0.3249,0.3367,0.3319,0.338,0.338,0.3446,0.34,0.3325,0.3386
-0.1353,-0.355,0.265,0.3054,0.3511,0.309,0.3363,0.3108,0.3052,0.3185,0.3114,0.3278,0.3339,0.3148,0.3242,0.3272,0.3197,0.3301,0.3375,0.3311,0.3399,0.3353,0.3369,0.3364
-0.1192,-0.356,0.2907,0.3084,0.3344,0.3186,0.3385,0.3341,0.3063,0.3225,0.3166,0.3171,0.3186,0.321,0.3218,0.324,0.3487,0.3362,0.3296,0.3381,0.3315,0.3382,0.3478,0.3438
-0.1034,-0.3428,0.2693,0.3221,0.3572,0.3266,0.3417,0.316,0.3183,0.3127,0.3217,0.3237,0.3182,0.329,0.3302,0.328,0.3264,0.3353,0.3272,0.3318,0.3336,0.3389,0.342,0.3425
-0.137,-0.359,0.2642,0.3125,0.3319,0.326,0.3219,0.3106,0.298,0.3247,0.3181,0.3166,0.3221,0.3209,0.3299,0.3394,0.3331,0.3333,0.3341,0.3375,0.3385,0.3444,0.3357,0.3444
-0.12,-0.3865,0.29,0.3092,0.3374,0.3261,0.3252,0.3291,0.3105,0.314,0.3088,0.311,0.3208,0.3286,0.3307,0.3186,0.3315,0.343,0.3378,0.3373,0.3316,0.3345,0.3345,0.3437
-0.1338,-0.3592,0.2823,0.2779,0.3357,0.3263,0.3416,0.3157,0.3132,0.3137,0.3224,0.3189,0.3245,0.3178,0.3336,0.3204,0.3432,0.3373,0.3456,0.3256,0.3264,0.3278,0.3394,0.347
-0.1103,-0.3456,0.2788,0.302,0.3336,0.3261,0.332,0.3281,0.315,0.3135,0.3139,0.3209,0.3233,0.3093,0.3243,0.3232,0.3345,0.3267,0.3384,0.3255,0.3346,0.3381,0.3401,0.3388
-0.1137,-0.3515,0.2808,0.3259,0.3123,0.3277,0.3363,0.3149,0.3243,0.3153,0.311,0.3214,0.3296,0.3244,0.3264,0.3241,0.3174,0.3404,0.3412,0.3382,0.3357,0.3335,0.3375,0.3441
-0.1412,-0.3623,0.293,0.3022,0.3126,0.3391,0.335,0.3118,0.3217,0.3121,0.305,0.3125,0.3363,0.3309,0.3205,0.3137,0.3342,0.3493,0.3272,0.3325,0.345,0.332,0.3298,0.3475
-0.1299,-0.3689,0.2897,0.3098,0.3493,0.3288,0.333,0.3019,0.2996,0.3161,0.3194,0.3143,0.3215,0.3272,0.3334,0.3162,0.3382,0.3357,0.3374,0.3297,0.3323,0.3337,0.3272,0.3412
-0.1151,-0.3724,0.2581,0.2829,0.3165,0.3297,0.3219,0.3326,0.3138,0.3162,0.3059,0.3198,0.3294,0.3255,0.3178,0.3196,0.3249,0.3284,0.3411,0.3161,0.333,0.3309,0.3392,0.3374
-0.1461,-0.3499,0.2641,0.2888,0.3276,0.3205,0.3419,0.3229,0.3134,0.3088,0.3143,0.3216,0.32,0.331,0.3148,0.3268,0.3274,0.3425,0.3392,0.329,0.3399,0.3311,0.3354,0.3373
-0.1144,-0.356,0.2805,0.2966,0.3291,0.3306,0.3152,0.3047,0.3155,0.3124,0.3061,0.3124,0.3267,0.3193,0.3198,0.323,0.335,0.344,0.3343,0.3399,0.3347,0.3331,0.337,0.3395
-0.1198,-0.3356,0.2736,0.3048,0.3139,0.3209,0.3334,0.3223,0.2963,0.3112,0.3175,0.3134,0.3204,0.3276,0.3227,0.3235,0.3363,0.3336,0.3433,0.3369,0.3275,0.3366,0.329,0.3351
-0.1381,-0.3338,0.2868,0.2861,0.3063,0.3178,0.3435,0.3353,0.3145,0.3102,0.3101,0.3232,0.3259,0.3243,0.3222,0.3297,0.3255,0.3322,0.3278,0.3343,0.3352,0.3389,0.3339,0.3307
-0.1134,-0.3855,0.2948,0.3233,0.3353,0.3323,0.34,0.3157,0.3239,0.3092,0.3093,0.3205,0.3288,0.322,0.3258,0.3294,0.332,0.3372,0.3283,0.3388,0.3407,0.3304,0.3452,0.3362
-0.1293,-0.3499,0.282,0.2791,0.3206,0.3151,0.3356,0.3169,0.321,0.3153,0.3128,0.3147,0.3082,0.323,0.3253,0.3231,0.3442,0.3294,0.332,0.3326,0.3359,0.3267,0.3367,0.3362
-0.1435,-0.3705,0.2752,0.3175,0.3327,0.3514,0.3293,0.308,0.3083,0.3115,0.3131,0.3219,0.3156,0.3129,0.3257,0.3173,0.328,0.3362,0.3383,0.3292,0.331,0.3376,0.3397,0.3381
-0.1073,-0.3433,0.2983,0.3201,0.3229,0.3325,0.3331,0.3009,0.3112,0.3097,0.3163,0.3218,0.3229,0.3152,0.3192,0.3237,0.3306,0.344,0.3295,0.3392,0.3306,0.3388,0.345,0.34
-0.1372,-0.3785,0.2818,0.2896,0.3341,0.3383,0.3206,0.327,0.3136,0.3185,0.3264,0.3095,0.3223,0.3252,0.3171,0.3178,0.3367,0.3388,0.3354,0.3333,0.3321,0.3329,0.3399,0.3356
-0.1255,-0.3366,0.2944,0.2987,0.3361,0.328,0.3302,0.314,0.3024,0.3051,0.3185,0.3235,0.3352,0.3211,0.3241,0.3118,0.3355,0.3336,0.3426,0.3446,0.3417,0.3408,0.3389,0.3321
-0.1259,-0.3436,0.2947,0.2896,0.3297,0.3455,0.3153,0.3144,0.3185,0.3068,0.3184,0.3285,0.3217,0.3185,0.3315,0.3094,0.3338,0.3384,0.334,0.324,0.3379,0.3324,0.3394,0.3381
-0.1515,-0.3684,0.2876,0.3068,0.3281,0.3253,0.3225,0.3221,0.3111,0.2881,0.3086,0.3283,0.3163,0.3273,0.3179,0.3394,0.3405,0.3256,0.3528,0.3306,0.3304,0.3228,0.3324,0.3384
-0.111,-0.3488,0.2879,0.3331,0.3128,0.3236,0.3263,0.3111,0.3125,0.3158,0.3133,0.3175,0.3275,0.3114,0.3238,0.321,0.3308,0.3345,0.3345,0.3305,0.3366,0.327,0.3264,0.3456
-0.1252,-0.3369,0.29,0.2993,0.3288,0.3331,0.3362,0.3198,0.3188,0.3141,0.3181,0.3258,0.3276,0.3279,0.3164,0.3275,0.3291,0.3443,0.3315,0.3352,0.3352,0.3365,0.3417,0.343
-0.1138,-0.3532,0.2904,0.2821,0.325,0.3377,0.3381,0.3208,0.3151,0.3107,0.3136,0.3124,0.3262,0.3219,0.3287,0.3196,0.3222,0.3354,0.3275,0.3281,0.3312,0.3373,0.3348,0.3368
-0.1132,-0.3646,0.2681,0.3125,0.3278,0.3315,0.3379,0.3225,0.3264,0.3096,0.3131,0.3171,0.3203,0.3281,0.3212,0.3302,0.3202,0.3266,0.3364,0.3289,0.331,0.3368,0.3333,0.3403
-0.1359,-0.3371,0.2591,0.3035,0.3173,0.3343,0.3362,0.3125,0.3192,0.3108,0.3109,0.3202,0.3202,0.3123,0.3235,0.3335,0.3341,0.3297,0.3287,0.3307,0.3439,0.3368,0.3318,0.3446
-0.1414,-0.3705,0.2586,0.3048,0.3361,0.3256,0.3368,0.324,0.2991,0.312,0.3007,0.3212,0.324,0.3124,0.3178,0.3233,0.3287,0.3476,0.3364,0.3349,0.3414,0.3341,0.3373,0.3378
-0.1265,-0.3605,0.2834,0.2867,0.33,0.3442,0.3365,0.3258,0.3219,0.3081,0.3033,0.3126,0.3225,0.3302,0.3267,0.3206,0.3318,0.3378,0.3394,0.3376,0.3246,0.3408,0.3361,0.3433
-0.1297,-0.3557,0.2748,0.3059,0.3319,0.3249,0.3278,0.3182,0.3246,0.3121,0.3234,0.3203,0.3255,0.3148,0.3262,0.3271,0.3288,0.341,0.3216,0.3361,0.3322,0.3245,0.3263,0.3407
-0.125,-0.3413,0.2742,0.2931,0.3318,0.3117,0.3396,0.3144,0.3077,0.3071,0.327,0.3207,0.3349,0.3257,0.3257,0.33,0.326,0.3363,0.3321,0.3343,0.3263,0.341,0.3398,0.3389
-0.1338,-0.3502,0.2911,0.3149,0.3422,0.3168,0.3431,0.3141,0.3059,0.3105,0.3092,0.3158,0.3201,0.3212,0.3195,0.325,0.3279,0.3264,0.3322,0.326,0.335,0.3273,0.3433,0.3347
-0.1489,-0.3495,0.2793,0.3107,0.3351,0.3256,0.3452,0.3223,0.3048,0.3168,0.3079,0.3041,0.3308,0.3235,0.3283,0.3321,0.3284,0.3337,0.3408,0.3442,0.3382,0.3408,0.324,0.3462
-0.1308,-0.3559,0.2944,0.3049,0.33,0.3145,0.3336,0.3257,0.3084,0.317,0.3111,0.3111,0.3226,0.3065,0.3315,0.3197,0.3341,0.334,0.3296,0.3379,0.3414,0.3377,0.3369,0.3411
-0.1256,-0.3321,0.2692,0.2915,0.3356,0.3314,0.3306,0.3272,0.3073,0.3268,0.3194,0.3134,0.3341,0.3053,0.3344,0.3175,0.3241,0.3335,0.3386,0.329,0.3347,0.3337,0.3448,0.3375
-0.1389,-0.3747,0.2738,0.3056,0.3042,0.3281,0.332,0.3147,0.3042,0.3173,0.3083,0.3224,0.3297,0.3255,0.3246,0.3243,0.3283,0.3359,0.3393,0.3451,0.3295,0.3363,0.3386,0.3362
-0.1244,-0.3639,0.2778,0.3027,0.3242,0.3313,0.3409,0.3058,0.3273,0.3177,0.3193,0.3195,0.3315,0.3197,0.3172,0.3368,0.3376,0.3269,0.3374,0.3267,0.3373,0.3292,0.3332,0.3336
-0.1237,-0.3582,0.3025,0.2962,0.3282,0.3358,0.3357,0.3163,0.325,0.307,0.3046,0.3296,0.3274,0.3286,0.322,0.3296,0.3221,0.3357,0.3295,0.3422,0.3383,0.3385,0.3362,0.3456
-0.1338,-0.3434,0.2705,0.3038,0.3226,0.329,0.3301,0.3195,0.3348,0.3007,0.3181,0.3267,0.3215,0.3353,0.3195,0.3243,0.3424,0.3363,0.3439,0.3358,0.3318,0.3311,0.3388,0.3477
-0.1273,-0.3454,0.2645,0.2984,0.3257,0.3168,0.3343,0.3166,0.3084,0.3303,0.3035,0.3126,0.3272,0.3193,0.3265,0.3259,0.3378,0.3373,0.3402,0.3327,0.3454,0.3335,0.3342,0.3415
-0.1354,-0.3776,0.298,0.312,0.3076,0.3251,0.3482,0.3251,0.3112,0.309,0.3161,0.3199,0.3254,0.3212,0.3335,0.3308,0.3257,0.3344,0.3435,0.3394,0.3328,0.3239,0.3424,0.3426
-0.124,-0.3438,0.2882,0.2916,0.3317,0.3107,0.337,0.3057,0.3043,0.305,0.3148,0.3148,0.324,0.3182,0.3233,0.3184,0.3336,0.3378,0.3376,0.3343,0.3276,0.3301,0.3368,0.3432
-0.1255,-0.3544,0.2717,0.3044,0.3395,0.3234,0.3174,0.3152,0.3085,0.3156,0.3059,0.3093,0.3279,0.314,0.3292,0.326,0.3184,0.3332,0.3374,0.3269,0.3298,0.3363,0.3461,0.3426
-0.1359,-0.3392,0.2909,0.3065,0.3263,0.3292,0.3302,0.3076,0.3012,0.3093,0.3192,0.3066,0.3253,0.3084,0.3219,0.3168,0.338,0.3237,0.3254,0.3374,0.3395,0.3336,0.3422,0.3446
-0.1276,-0.3398,0.2899,0.3004,0.3153,0.3307,0.3539,0.314,0.315,0.3155,0.3224,0.3181,0.3286,0.3205,0.3236,0.3156,0.339,0.3349,0.3336,0.3339,0.3287,0.3274,0.3373,0.3441
-0.1136,-0.3525,0.277,0.3112,0.3239,0.325,0.3351,0.3225,0.2927,0.3106,0.2955,0.3135,0.3248,0.3259,0.3264,0.3283,0.3269,0.3274,0.3372,0.3302,0.3322,0.3444,0.3366,0.3459
-0.1354,-0.3316,0.2823,0.2907,0.3322,0.3253,0.3404,0.3171,0.3249,0.3061,0.3026,0.3239,0.3286,0.3137,0.3152,0.3154,0.3312,0.3386,0.3381,0.3377,0.3475,0.3264,0.3375,0.3414
-0.1282,-0.3527,0.2732,0.3022,0.324,0.3262,0.3348,0.3128,0.3214,0.3026,0.31,0.317,0.327,0.3269,0.3218,0.3229,0.3209,0.3359,0.3348,0.3424,0.3338,0.341,0.3404,0.3464
-0.1429,-0.3449,0.2725,0.3182,0.3394,0.3301,0.3291,0.3216,0.3122,0.3085,0.3129,0.3157,0.3248,0.3253,0.3328,0.3191,0.3177,0.3339,0.3433,0.333,0.3302,0.3356,0.3316,0.3382
-0.1114,-0.3515,0.2877,0.2832,0.3081,0.3298,0.3318,0.332,0.3045,0.3066,0.3175,0.3202,0.3192,0.3232,0.3137,0.3126,0.3242,0.3288,0.3337,0.3316,0.3366,0.3288,0.3344,0.3349
-0.1227,-0.3466,0.2767,0.2996,0.3356,0.3359,0.3257,0.3241,0.3199,0.3031,0.3211,0.3095,0.3293,0.3273,0.3292,0.3146,0.3283,0.3307,0.3341,0.3304,0.3359,0.326,0.3413,0.3422
-0.1241,-0.3559,0.2811,0.2916,0.3405,0.3213,0.3356,0.313,0.2973,0.3144,0.3193,0.3223,0.3315,0.3191,0.3218,0.318,0.3357,0.3315,0.3318,0.3447,0.323,0.3288,0.3353,0.3398
-0.1199,-0.3489,0.2722,0.3019,0.3232,0.3309,0.3302,0.3208,0.3159,0.3061,0.2978,0.3194,0.3307,0.3143,0.3098,0.3339,0.3339,0.3236,0.3322,0.3293,0.3317,0.3274,0.3394,0.3344
-0.1246,-0.3741,0.2744,0.3039,0.3462,0.3155,0.317,0.3067,0.3189,0.3004,0.3146,0.319,0.3263,0.3249,0.3131,0.3186,0.3361,0.3291,0.3408,0.3366,0.3325,0.3407,0.3374,0.3433
-0.1133,-0.3463,0.2796,0.3011,0.3303,0.3163,0.3245,0.3212,0.2923,0.3088,0.308,0.3154,0.3329,0.334,0.3246,0.3277,0.3313,0.3405,0.3483,0.335,0.3315,0.3315,0.3379,0.3432
-0.1235,-0.3389,0.2791,0.292,0.3423,0.3273,0.3359,0.3224,0.2904,0.313,0.2978,0.3153,0.3238,0.3198,0.3192,0.3169,0.3259,0.3338,0.3298,0.3379,0.3337,0.337,0.3443,0.3407
-0.1319,-0.3387,0.2744,0.3124,0.305,0.3172,0.3277,0.3209,0.3245,0.3271,0.303,0.3202,0.3249,0.3199,0.3306,0.3126,0.3253,0.3262,0.3325,0.3383,0.329,0.3377,0.3399,0.3401
-0.1304,-0.3429,0.2712,0.2886,0.3412,0.3299,0.3068,0.3237,0.3105,0.3001,0.3079,0.3195,0.3255,0.3167,0.3233,0.3167,0.3281,0.3344,0.3328,0.3338,0.3242,0.3352,0.3397,0.3357
-0.1189,-0.359,0.2921,0.3071,0.32,0.3119,0.3333,0.3143,0.3181,0.3173,0.3207,0.3206,0.323,0.3085,0.3314,0.3198,0.3281,0.3282,0.3353,0.3401,0.3292,0.3432,0.3298,0.3348
-0.1536,-0.3459,0.3079,0.3075,0.3331,0.339,0.3358,0.3221,0.3196,0.3134,0.3134,0.3168,0.3176,0.3257,0.3268,0.3264,0.3351,0.3338,0.3286,0.3268,0.3441,0.3429,0.3308,0.3365
-0.114,-0.3676,0.2908,0.3119,0.3288,0.3279,0.3367,0.3315,0.3072,0.3126,0.3086,0.3143,0.3209,0.3155,0.3286,0.321,0.3346,0.3209,0.3362,0.3396,0.3363,0.3357,0.3339,0.3303
-0.144,-0.3455,0.2648,0.3203,0.3462,0.3326,0.3339,0.319,0.3097,0.2982,0.31,0.3142,0.3261,0.3141,0.3196,0.3192,0.325,0.3329,0.3357,0.3413,0.3439,0.3369,0.3314,0.3507
-0.1449,-0.3507,0.2876,0.3175,0.3297,0.3311,0.3345,0.3136,0.3125,0.3078,0.3202,0.3255,0.3299,0.3168,0.334,0.3219,0.3285,0.3333,0.335,0.3305,0.3395,0.3385,0.3396,0.3425
-0.13,-0.3503,0.2751,0.3032,0.3347,0.3297,0.3393,0.3122,0.3069,0.3147,0.3108,0.3112,0.3291,0.3292,0.3375,0.3304,0.3286,0.3404,0.3367,0.3308,0.344,0.3327,0.3335,0.3366
-0.1184,-0.3526,0.2734,0.296,0.3214,0.3374,0.3323,0.3071,0.3002,0.3104,0.3137,0.3174,0.328,0.3274,0.3364,0.3096,0.3362,0.3371,0.3382,0.3439,0.3347,0.3317,0.3433,0.3389
-0.1416,-0.349,0.2891,0.2843,0.3404,0.3434,0.3324,0.3292,0.3024,0.3017,0.3118,0.3232,0.3262,0.3226,0.3192,0.3285,0.3395,0.3419,0.33,0.3373,0.3348,0.3343,0.3415,0.3433
-0.1223,-0.3634,0.2755,0.3088,0.3209,0.3272,0.3374,0.3254,0.3121,0.3061,0.3109,0.3169,0.3271,0.3227,0.3259,0.3085,0.3294,0.3301,0.3361,0.3275,0.3474,0.3288,0.3291,0.3358
-0.1199,-0.3584,0.2756,0.3194,0.3362,0.323,0.3293,0.306,0.3124,0.3095,0.3099,0.318,0.3212,0.3213,0.3229,0.3138,0.3335,0.3449,0.3336,0.3371,0.3233,0.3366,0.3416,0.3454
-0.1394,-0.3563,0.2804,0.3001,0.3342,0.3365,0.3274,0.3106,0.3143,0.3106,0.3127,0.3206,0.3263,0.3137,0.3291,0.3261,0.3331,0.3327,0.3429,0.3299,0.3247,0.3271,0.3377,0.3419
-0.1246,-0.3725,0.2923,0.2932,0.3219,0.3337,0.3425,0.3226,0.3123,0.3189,0.3231,0.3277,0.3154,0.319,0.3202,0.32,0.3198,0.3379,0.3422,0.333,0.3332,0.3301,0.3397,0.3465
-0.1279,-0.3602,0.268,0.3058,0.3237,0.3285,0.3479,0.3203,0.306,0.3158,0.3007,0.3264,0.3197,0.3251,0.325,0.3167,0.3387,0.3426,0.3276,0.3261,0.3336,0.324,0.3349,0.3465
-0.1337,-0.3616,0.2672,0.3046,0.3394,0.3155,0.3371,0.3162,0.3207,0.3044,0.3145,0.329,0.324,0.3317,0.3223,0.3228,0.3378,0.3371,0.3368,0.3336,0.3293,0.3298,0.3393,0.3453
-0.1135,-0.346,0.2878,0.3053,0.3274,0.3272,0.3422,0.323,0.3076,0.3081,0.3167,0.3168,0.3168,0.3319,0.3151,0.3211,0.3187,0.337,0.3515,0.3252,0.3408,0.3183,0.3438,0.3375
-0.1287,-0.3716,0.265,0.2992,0.3249,0.3199,0.3461,0.3192,0.2953,0.3058,0.3028,0.324,0.3345,0.3201,0.3301,0.327,0.3382,0.3331,0.3379,0.3377,0.3324,0.3263,0.3341,0.3523
-0.1281,-0.3644,0.2677,0.3043,0.334,0.331,0.3361,0.3136,0.313,0.3135,0.3111,0.3018,0.3263,0.318,0.3253,0.3248,0.3321,0.3277,0.3273,0.3346,0.331,0.3301,0.3366,0.3453
-0.1256,-0.3397,0.2909,0.319,0.3233,0.3305,0.3219,0.3245,0.3087,0.3078,0.3144,0.3254,0.3241,0.3067,0.3157,0.3225,0.3212,0.3302,0.3291,0.3376,0.3358,0.336,0.339,0.3412
-0.1291,-0.341,0.2749,0.3108,0.3323,0.3261,0.3396,0.3088,0.3147,0.3131,0.301,0.3163,0.3153,0.3138,0.3135,0.3147,0.3294,0.3459,0.3245,0.3267,0.3353,0.3274,0.3348,0.341
-0.138,-0.3462,0.2798,0.3041,0.3078,0.3202,0.3326,0.3158,0.309,0.3025,0.3182,0.3161,0.3255,0.3236,0.3285,0.3279,0.328,0.3384,0.3407,0.3332,0.3341,0.3432,0.3446,0.3404
-0.1447,-0.341,0.2944,0.3294,0.3215,0.3382,0.3385,0.3237,0.3155,0.319,0.3172,0.3081,0.3268,0.3177,0.3262,0.3257,0.3204,0.3258,0.3366,0.3244,0.3431,0.3405,0.3399,0.3443
-0.1313,-0.3404,0.2781,0.316,0.3143,0.3101,0.3315,0.3129,0.3088,0.3018,0.3001,0.3213,0.3209,0.3157,0.3231,0.3343,0.3389,0.3307,0.3349,0.3251,0.3231,0.3356,0.3315,0.347
-0.1229,-0.3585,0.2913,0.2975,0.3376,0.3264,0.3442,0.3143,0.2957,0.3003,0.3171,0.3244,0.318,0.313,0.3266,0.3263,0.3243,0.3444,0.338,0.3324,0.3359,0.3361,0.3423,0.3393
-0.1183,-0.3824,0.2791,0.3052,0.3404,0.3351,0.337,0.3234,0.319,0.3131,0.3138,0.3254,0.3249,0.3233,0.3312,0.3262,0.3325,0.3362,0.3376,0.3372,0.3418,0.3376,0.3352,0.3438
-0.1186,-0.3645,0.2945,0.3033,0.3342,0.3108,0.3281,0.3178,0.311,0.3038,0.3177,0.3125,0.3319,0.3308,0.3224,0.3141,0.331,0.3305,0.3349,0.3423,0.3426,0.3325,0.3369,0.3365
-0.1193,-0.3372,0.2804,0.2934,0.3282,0.3348,0.3245,0.3111,0.3112,0.3256,0.3171,0.3124,0.3199,0.3227,0.3159,0.3217,0.3286,0.3338,0.3308,0.3344,0.338,0.3404,0.341,0.3411
-0.132,-0.3709,0.2781,0.3018,0.3301,0.3231,0.3327,0.3131,0.3198,0.3036,0.3174,0.3261,0.3251,0.3203,0.334,0.326,0.3443,0.3417,0.3268,0.3341,0.3391,0.3335,0.3325,0.3416
-0.1447,-0.3452,0.2657,0.3154,0.3243,0.3106,0.3399,0.3172,0.3026,0.3194,0.3084,0.3151,0.3309,0.3276,0.3318,0.3241,0.327,0.3359,0.3323,0.3354,0.3344,0.3319,0.3421,0.3334
-0.1235,-0.3321,0.2957,0.3042,0.3311,0.3137,0.3367,0.3235,0.3115,0.3174,0.3207,0.3277,0.3162,0.3166,0.3228,0.3173,0.3322,0.3435,0.3228,0.3363,0.3369,0.3357,0.3345,0.3351
-0.1254,-0.3652,0.2896,0.3067,0.3158,0.3297,0.3282,0.3132,0.3107,0.3081,0.3113,0.3168,0.3082,0.3275,0.3347,0.3211,0.3341,0.3377,0.3359,0.324,0.3398,0.3328,0.3418,0.3362
-0.1325,-0.3597,0.2841,0.3292,0.3243,0.3082,0.3382,0.3207,0.2906,0.3085,0.3144,0.3188,0.3199,0.3238,0.3167,0.3245,0.3222,0.3379,0.3491,0.3377,0.3395,0.3383,0.3363,0.3335
-0.1344,-0.3875,0.2662,0.3061,0.3235,0.3339,0.3241,0.3395,0.3207,0.3258,0.3051,0.3179,0.3161,0.3165,0.3243,0.3181,0.3243,0.3364,0.3355,0.3306,0.3383,0.3399,0.3354,0.3365
-0.1313,-0.3664,0.2753,0.3278,0.3197,0.3347,0.3326,0.3116,0.33,0.3167,0.3148,0.3071,0.322,0.3176,0.3234,0.3159,0.3243,0.3362,0.3334,0.3402,0.3337,0.3287,0.3371,0.3274
-0.1367,-0.381,0.2872,0.2957,0.3248,0.3321,0.3192,0.3282,0.3093,0.3087,0.3096,0.3187,0.3267,0.3202,0.3258,0.3156,0.3319,0.3417,0.3301,0.3353,0.3311,0.3381,0.3315,0.3399
-0.1147,-0.3476,0.2797,0.2888,0.3434,0.3398,0.3172,0.3255,0.308,0.3108,0.3173,0.3205,0.3231,0.3213,0.3069,0.313,0.3224,0.3453,0.3381,0.3351,0.34,0.3293,0.336,0.3408
-0.1214,-0.3586,0.2849,0.3118,0.3344,0.3095,0.3452,0.3196,0.3049,0.3041,0.3131,0.3137,0.3326,0.3087,0.3244,0.3301,0.3346,0.3353,0.3376,0.3283,0.3237,0.3259,0.3401,0.3314
-0.1162,-0.3503,0.2895,0.3178,0.3419,0.337,0.3301,0.3326,0.3151,0.297,0.313,0.3227,0.3324,0.3221,0.3386,0.3309,0.3265,0.3328,0.3305,0.3431,0.339,0.3351,0.3421,0.3418
-0.1232,-0.3476,0.2662,0.3003,0.3275,0.316,0.3286,0.3112,0.3149,0.3038,0.314,0.3228,0.3373,0.3178,0.3233,0.3214,0.3269,0.3395,0.3424,0.3264,0.3389,0.3317,0.3484,0.3403
-0.1268,-0.3776,0.2984,0.2931,0.3261,0.3321,0.3396,0.3237,0.3045,0.3095,0.3128,0.3146,0.3267,0.3139,0.3172,0.3342,0.3324,0.3325,0.3454,0.3285,0.3327,0.3293,0.3418,0.3477
-0.1176,-0.3463,0.2703,0.3358,0.3294,0.3299,0.3394,0.3193,0.292,0.3167,0.3114,0.3284,0.3141,0.3232,0.3179,0.3201,0.3221,0.3365,0.342,0.3312,0.3304,0.3322,0.3432,0.3344
-0.1163,-0.3558,0.2817,0.2857,0.3121,0.3234,0.3236,0.3272,0.3105,0.3125,0.3042,0.3239,0.3224,0.3149,0.3124,0.3259,0.332,0.3343,0.3251,0.3452,0.3396,0.3368,0.3379,0.3386
-0.1418,-0.3388,0.2751,0.3026,0.323,0.3198,0.3282,0.3093,0.3251,0.314,0.3168,0.3189,0.3173,0.3227,0.3154,0.3163,0.3295,0.3397,0.3452,0.3375,0.3352,0.3343,0.3409,0.3463
-0.1258,-0.3496,0.2642,0.3084,0.3412,0.3254,0.3278,0.3265,0.32,0.3129,0.3095,0.3092,0.3136,0.3133,0.3247,0.3227,0.3335,0.3289,0.3382,0.3298,0.3446,0.3299,0.3318,0.3411
-0.1185,-0.3503,0.2558,0.294,0.3335,0.3205,0.3306,0.3032,0.3158,0.2923,0.3053,0.3242,0.3173,0.3268,0.3215,0.3178,0.3414,0.3352,0.3344,0.3299,0.3461,0.3233,0.3387,0.342
-0.1386,-0.3639,0.2889,0.3082,0.3115,0.3285,0.3449,0.3106,0.3262,0.3077,0.3186,0.3067,0.3219,0.321,0.3352,0.3206,0.3258,0.3343,0.3456,0.3276,0.3324,0.333,0.3376,0.3405
-0.1458,-0.3521,0.2699,0.3201,0.3565,0.3277,0.3396,0.322,0.3112,0.3142,0.3168,0.3194,0.317,0.315,0.3354,0.3189,0.3252,0.3396,0.3426,0.3221,0.3295,0.3297,0.3365,0.3423
-0.1205,-0.3745,0.2893,0.3095,0.3186,0.3157,0.3362,0.328,0.3083,0.3088,0.3104,0.3155,0.3192,0.3278,0.3354,0.3148,0.3339,0.3348,0.3342,0.3358,0.3428,0.3302,0.3311,0.3343
-0.1158,-0.3778,0.2791,0.3115,0.3202,0.3448,0.3291,0.3376,0.3154,0.3237,0.3039,0.3045,0.3308,0.3309,0.337,0.3326,0.3276,0.3262,0.3428,0.3301,0.3361,0.3308,0.3433,0.3389
-0.1438,-0.3602,0.2952,0.3003,0.3268,0.3413,0.3219,0.3254,0.3201,0.3112,0.3147,0.3183,0.326,0.3225,0.3204,0.318,0.3257,0.3354,0.3296,0.3416,0.3344,0.3338,0.3374,0.3374
-0.1224,-0.3475,0.287,0.2951,0.3324,0.3156,0.3373,0.3295,0.3118,0.3197,0.3144,0.3172,0.328,0.3174,0.3266,0.3197,0.3326,0.3248,0.3411,0.3246,0.3264,0.3441,0.3374,0.3423
-0.135,-0.3496,0.2873,0.3033,0.3193,0.3168,0.318,0.3118,0.3153,0.3131,0.3098,0.322,0.3245,0.3167,0.3279,0.3193,0.3275,0.3289,0.3483,0.3301,0.3404,0.333,0.3374,0.3518
-0.1252,-0.3473,0.278,0.3086,0.3259,0.3301,0.3369,0.333,0.301,0.314,0.3026,0.3108,0.3259,0.3219,0.3324,0.3161,0.3385,0.3307,0.3464,0.3274,0.3385,0.3347,0.3373,0.3483
-0.1394,-0.3544,0.2833,0.2958,0.3268,0.335,0.3258,0.3203,0.3089,0.3125,0.3172,0.3269,0.3224,0.3147,0.3195,0.3194,0.3256,0.3403,0.3376,0.3279,0.3254,0.3305,0.3376,0.3485
-0.1206,-0.3486,0.268,0.3269,0.3394,0.3283,0.342,0.3313,0.3103,0.3117,0.3105,0.3255,0.3186,0.3234,0.3252,0.3133,0.3272,0.3393,0.3269,0.3366,0.3425,0.337,0.3393,0.35
-0.1354,-0.3615,0.2886,0.3174,0.3253,0.3258,0.3176,0.3068,0.3089,0.3217,0.3138,0.3216,0.3198,0.3212,0.322,0.3309,0.3275,0.3259,0.3301,0.3373,0.3309,0.3354,0.3381,0.3419
-0.1292,-0.3595,0.2909,0.3127,0.3242,0.3427,0.3368,0.3166,0.3131,0.3169,0.3082,0.3263,0.332,0.3136,0.3307,0.333,0.3295,0.3361,0.3329,0.3296,0.3423,0.34,0.3382,0.336
-0.1315,-0.3478,0.2832,0.3061,0.3272,0.3322,0.3346,0.3249,0.3057,0.3068,0.3109,0.3129,0.3191,0.3245,0.3222,0.3335,0.3299,0.332,0.3393,0.3475,0.3302,0.3231,0.3376,0.3389
-0.1172,-0.3413,0.2834,0.2997,0.3251,0.3165,0.3283,0.3169,0.3204,0.308,0.3188,0.314,0.3154,0.3161,0.3368,0.3284,0.3354,0.331,0.3447,0.3334,0.333,0.3376,0.3328,0.3329
-0.1286,-0.3362,0.292,0.3095,0.3356,0.3319,0.3389,0.3259,0.3204,0.3126,0.3145,0.3257,0.3291,0.3144,0.3295,0.3213,0.3408,0.3331,0.333,0.3292,0.3353,0.3341,0.3247,0.3367
-0.1448,-0.3571,0.2858,0.3101,0.3347,0.3336,0.337,0.3183,0.3142,0.3138,0.3185,0.3222,0.329,0.3234,0.3235,0.3263,0.3376,0.3327,0.3343,0.3293,0.3386,0.3333,0.3377,0.3489
-0.1336,-0.3435,0.2872,0.3188,0.336,0.3337,0.3228,0.3175,0.3214,0.3154,0.3154,0.3151,0.327,0.3232,0.3311,0.312,0.3316,0.3322,0.335,0.3407,0.3434,0.3384,0.3428,0.3372
-0.126,-0.3423,0.2806,0.3051,0.3277,0.3238,0.3359,0.3204,0.3023,0.3193,0.3169,0.3288,0.3259,0.3129,0.3247,0.3283,0.3392,0.3432,0.3472,0.3291,0.3405,0.3342,0.3336,0.336
-0.1368,-0.3517,0.2748,0.2984,0.3438,0.321,0.3277,0.3244,0.3038,0.3125,0.3009,0.3221,0.3257,0.3115,0.3331,0.3234,0.3295,0.331,0.3281,0.3528,0.3343,0.339,0.3454,0.3428
-0.1255,-0.3637,0.2732,0.3289,0.3345,0.3315,0.3444,0.317,0.3191,0.3215,0.3252,0.3235,0.3311,0.3203,0.3246,0.328,0.3304,0.3249,0.3216,0.3368,0.3393,0.3318,0.3394,0.3388
-0.1398,-0.3314,0.2933,0.3039,0.3318,0.329,0.3445,0.3212,0.3035,0.2986,0.3072,0.3352,0.3262,0.3024,0.3252,0.3213,0.3343,0.3304,0.3323,0.3289,0.3415,0.3316,0.3394,0.3424
-0.1143,-0.3557,0.2821,0.3065,0.3243,0.3271,0.3331,0.3163,0.3105,0.3076,0.3144,0.3238,0.3156,0.3183,0.3204,0.3166,0.3229,0.3435,0.3382,0.3245,0.3223,0.3288,0.3409,0.3333
-0.135,-0.3646,0.2688,0.3219,0.3312,0.3311,0.3385,0.3146,0.3171,0.3173,0.3071,0.3179,0.3239,0.3207,0.3254,0.3259,0.3373,0.3441,0.3373,0.3316,0.3406,0.3389,0.336,0.3444
-0.1277,-0.3677,0.2698,0.2786,0.3205,0.315,0.3407,0.3227,0.3121,0.3096,0.3106,0.3133,0.3228,0.3231,0.3332,0.3181,0.3229,0.3271,0.3316,0.3315,0.3402,0.3211,0.3382,0.3418
-0.121,-0.3373,0.2868,0.2959,0.3419,0.3247,0.3333,0.3274,0.3117,0.3064,0.3071,0.324,0.317,0.3165,0.3334,0.3298,0.3405,0.3372,0.3375,0.3359,0.3407,0.342,0.3351,0.344
-0.1297,-0.3553,0.2759,0.3088,0.3303,0.3224,0.3267,0.3275,0.2944,0.3142,0.3143,0.3264,0.3148,0.3195,0.3274,0.3157,0.3412,0.3262,0.3323,0.3468,0.3365,0.3331,0.3366,0.3377
-0.1301,-0.3594,0.2717,0.2933,0.3165,0.3213,0.3286,0.3086,0.3201,0.2997,0.3137,0.3152,0.3219,0.3236,0.3141,0.3205,0.3244,0.3438,0.3351,0.3369,0.3264,0.3307,0.3305,0.3392
-0.1207,-0.3718,0.2856,0.3081,0.3198,0.3138,0.3385,0.3276,0.2978,0.3019,0.3156,0.3242,0.3336,0.3275,0.3225,0.3346,0.3287,0.3322,0.337,0.3318,0.3356,0.3461,0.3331,0.3378
-0.1157,-0.3539,0.2716,0.295,0.3229,0.3181,0.3384,0.3294,0.3227,0.3041,0.3145,0.3127,0.3242,0.3126,0.3253,0.3173,0.3295,0.3348,0.3298,0.3378,0.3303,0.3335,0.3342,0.344
-0.1368,-0.3659,0.2987,0.3052,0.3228,0.3339,0.3338,0.3114,0.3004,0.3093,0.3287,0.3182,0.3154,0.3162,0.3226,0.3296,0.3373,0.3304,0.3317,0.3234,0.3327,0.339,0.3399,0.3336
-0.1181,-0.3621,0.2828,0.292,0.3158,0.3395,0.3235,0.3034,0.3122,0.3035,0.3126,0.3325,0.3222,0.3162,0.3191,0.3371,0.3321,0.3408,0.3389,0.333,0.3403,0.3355,0.3563,0.3426
-0.1246,-0.3536,0.2805,0.308,0.3162,0.3192,0.3315,0.3188,0.321,0.3131,0.3085,0.325,0.3253,0.3226,0.3142,0.3221,0.329,0.3273,0.3403,0.3278,0.3438,0.3294,0.342,0.3384
-0.1297,-0.3591,0.2804,0.3004,0.3306,0.3367,0.3298,0.3161,0.3183,0.3126,0.3163,0.3247,0.3247,0.3213,0.3235,0.319,0.3274,0.3216,0.3424,0.3279,0.3405,0.3348,0.3337,0.3358
-0.12,-0.3309,0.267,0.3163,0.3267,0.3365,0.3372,0.3216,0.3096,0.3066,0.3096,0.3171,0.3264,0.3209,0.3266,0.3178,0.3369,0.335,0.3439,0.334,0.3384,0.3421,0.3357,0.3498
-0.1472,-0.3563,0.2986,0.3101,0.3419,0.3279,0.3327,0.3299,0.3166,0.3223,0.3037,0.3241,0.3261,0.3231,0.3335,0.321,0.325,0.3419,0.3321,0.3442,0.3351,0.3329,0.3337,0.3408
-0.1179,-0.3579,0.2687,0.3062,0.3255,0.3085,0.3441,0.3268,0.3105,0.3075,0.3087,0.316,0.3175,0.3205,0.3311,0.3273,0.3202,0.3335,0.3423,0.3366,0.3291,0.3271,0.336,0.3407
-0.1203,-0.3527,0.2697,0.3106,0.3471,0.3421,0.3363,0.3036,0.3081,0.3128,0.3149,0.3153,0.3237,0.3086,0.3271,0.3217,0.3297,0.3288,0.3419,0.3327,0.3319,0.332,0.3409,0.338
-0.1113,-0.3609,0.2882,0.3156,0.3195,0.3336,0.3357,0.3165,0.3243,0.3113,0.3056,0.3113,0.3309,0.3297,0.3237,0.3246,0.329,0.3428,0.3378,0.3249,0.3349,0.3396,0.3417,0.3413
-0.1186,-0.3335,0.2768,0.3078,0.3231,0.3355,0.3375,0.3195,0.3131,0.3076,0.3067,0.3209,0.3252,0.3119,0.3233,0.323,0.3283,0.3352,0.3425,0.3269,0.3373,0.3376,0.3475,0.3283
-0.1222,-0.373,0.2768,0.3053,0.3335,0.3353,0.3296,0.3205,0.3134,0.3164,0.313,0.3182,0.3283,0.3156,0.3131,0.3268,0.3316,0.3361,0.3332,0.3252,0.3396,0.3434,0.3351,0.3474
-0.1066,-0.3793,0.2824,0.2957,0.333,0.3208,0.3351,0.3186,0.2988,0.3124,0.3181,0.3167,0.3286,0.315,0.3277,0.3167,0.3346,0.3362,0.3316,0.3473,0.3232,0.331,0.3452,0.337
-0.1312,-0.3836,0.2976,0.3178,0.3296,0.3226,0.3383,0.3112,0.323,0.3058,0.3075,0.3185,0.331,0.3137,0.3235,0.3251,0.3334,0.3258,0.3401,0.3235,0.3384,0.3373,0.3371,0.3435
-0.1337,-0.3636,0.2735,0.2879,0.3444,0.3288,0.3282,0.2955,0.3016,0.3018,0.3225,0.3232,0.3232,0.3265,0.3111,0.3225,0.3285,0.334,0.3283,0.3259,0.3343,0.333,0.3328,0.3339
-0.1281,-0.3392,0.2785,0.298,0.3167,0.3386,0.3414,0.3171,0.3194,0.3133,0.3203,0.3155,0.325,0.3109,0.3298,0.3229,0.3317,0.3349,0.343,0.3304,0.3414,0.3307,0.3421,0.3421
-0.1302,-0.3396,0.291,0.3008,0.3362,0.3123,0.3422,0.3133,0.3189,0.3211,0.3245,0.326,0.3221,0.3141,0.3197,0.3213,0.3271,0.3455,0.3367,0.3259,0.3359,0.3377,0.3398,0.3412
-0.1292,-0.3412,0.2636,0.2889,0.319,0.3173,0.3201,0.3178,0.3127,0.3114,0.3236,0.3155,0.3116,0.3226,0.3345,0.3279,0.3266,0.3426,0.3289,0.3336,0.3387,0.3355,0.3351,0.3315
-0.144,-0.3617,0.2945,0.3047,0.3338,0.3227,0.3387,0.3236,0.3098,0.3222,0.3128,0.3233,0.3221,0.3206,0.3228,0.3376,0.3212,0.3267,0.3402,0.3347,0.342,0.3375,0.342,0.3413
-0.1256,-0.3576,0.2847,0.3023,0.3204,0.3233,0.3349,0.3042,0.2988,0.3128,0.3105,0.3153,0.3237,0.3214,0.3084,0.32,0.3302,0.3434,0.3403,0.3362,0.3297,0.345,0.3376,0.3477
-0.1193,-0.35,0.3041,0.3024,0.3279,0.3247,0.3301,0.3278,0.3159,0.3082,0.305,0.3157,0.3276,0.3252,0.3315,0.3171,0.3421,0.334,0.3289,0.3395,0.337,0.344,0.3323,0.3446
-0.1281,-0.3444,0.2791,0.2819,0.3379,0.3289,0.3384,0.3214,0.3193,0.2973,0.3105,0.3105,0.3266,0.3194,0.3237,0.32,0.3364,0.3426,0.3292,0.33,0.3419,0.3371,0.3328,0.3379
-0.1217,-0.3517,0.2884,0.2926,0.3266,0.3314,0.3405,0.3262,0.3063,0.304,0.3114,0.3268,0.3286,0.32,0.3326,0.3288,0.3302,0.3354,0.3454,0.3354,0.3379,0.3387,0.334,0.3404
-0.1372,-0.3815,0.285,0.3136,0.3381,0.3176,0.3336,0.3156,0.3162,0.3296,0.3069,0.3244,0.3138,0.3277,0.3169,0.3169,0.3168,0.3436,0.3343,0.3247,0.3292,0.3289,0.3402,0.3426
-0.1195,-0.3542,0.2975,0.3125,0.3226,0.3194,0.3277,0.3069,0.3182,0.3108,0.31,0.3159,0.3358,0.3119,0.3288,0.3199,0.3299,0.3337,0.3303,0.3367,0.3365,0.3303,0.3404,0.3354
-0.138,-0.3711,0.2734,0.2973,0.3304,0.3337,0.3288,0.3271,0.302,0.3138,0.3135,0.3302,0.3267,0.3258,0.3329,0.3202,0.3366,0.3299,0.3419,0.3433,0.3417,0.3297,0.3434,0.3433
-0.1156,-0.3415,0.2834,0.2926,0.3269,0.3269,0.3351,0.3246,0.3149,0.2998,0.3155,0.3262,0.3321,0.3135,0.3396,0.3265,0.3356,0.3465,0.3325,0.3253,0.3317,0.3247,0.3351,0.3416
-0.122,-0.3544,0.2961,0.3102,0.336,0.3229,0.3128,0.3136,0.3189,0.312,0.3145,0.3201,0.3295,0.3271,0.3163,0.3269,0.3333,0.3369,0.3319,0.3244,0.3346,0.3327,0.3388,0.3415
-0.1272,-0.3466,0.2775,0.3021,0.3222,0.3158,0.3304,0.332,0.3148,0.3061,0.3034,0.3108,0.3244,0.3174,0.3176,0.3138,0.3279,0.3259,0.3357,0.3271,0.341,0.3276,0.3425,0.3458
-0.1284,-0.3528,0.2827,0.295,0.3454,0.3298,0.3296,0.3291,0.3175,0.3152,0.3184,0.3243,0.3085,0.32,0.3223,0.324,0.3137,0.3332,0.3385,0.33,0.3362,0.3356,0.3301,0.3395
-0.1281,-0.3568,0.2538,0.3079,0.3461,0.3399,0.33,0.3013,0.3169,0.3064,0.3118,0.3096,0.3082,0.316,0.3323,0.3087,0.3257,0.3331,0.3207,0.3338,0.3367,0.33,0.3429,0.3466
-0.128,-0.3662,0.2949,0.2997,0.3085,0.3419,0.3415,0.3199,0.3114,0.3093,0.3002,0.3188,0.3282,0.3132,0.3237,0.3166,0.334,0.3386,0.3414,0.3281,0.3296,0.335,0.3401,0.3398
-0.1208,-0.3683,0.2977,0.2988,0.3368,0.336,0.3436,0.334,0.2981,0.3222,0.3112,0.3292,0.3098,0.3218,0.3222,0.3244,0.3267,0.3245,0.3399,0.3329,0.3377,0.3371,0.3358,0.3393
-0.1259,-0.3553,0.2869,0.3124,0.3296,0.3321,0.3281,0.3098,0.3117,0.3009,0.3151,0.3206,0.3225,0.3302,0.3305,0.3142,0.3336,0.3445,0.3399,0.345,0.3346,0.3425,0.3423,0.35
-0.125,-0.3358,0.287,0.3055,0.3029,0.3226,0.329,0.3227,0.3056,0.3121,0.3132,0.3292,0.3283,0.3164,0.3312,0.3181,0.3281,0.3351,0.333,0.3285,0.328,0.3387,0.3424,0.3418
-0.1254,-0.3449,0.2855,0.2958,0.3359,0.3121,0.3258,0.3185,0.3065,0.3084,0.3062,0.3134,0.3216,0.3195,0.3249,0.3286,0.3338,0.341,0.3276,0.3357,0.3314,0.3276,0.3411,0.342
-0.1337,-0.341,0.2776,0.3119,0.3315,0.3205,0.3367,0.314,0.3007,0.3185,0.3219,0.3254,0.3208,0.3214,0.3221,0.3129,0.3313,0.3373,0.3335,0.3341,0.326,0.3256,0.3307,0.3424
-0.1261,-0.3535,0.289,0.2771,0.3235,0.3316,0.3484,0.3224,0.3203,0.3173,0.3205,0.3225,0.3302,0.3209,0.3268,0.3236,0.3315,0.3274,0.3298,0.3359,0.3315,0.335,0.3354,0.3515
-0.1236,-0.3475,0.3081,0.2857,0.3282,0.3293,0.3304,0.313,0.2995,0.3067,0.3092,0.3146,0.3299,0.3161,0.3285,0.3214,0.3422,0.3351,0.3337,0.3294,0.3379,0.325,0.3306,0.3436
-0.1228,-0.3686,0.2814,0.3001,0.3276,0.3382,0.3427,0.3176,0.3009,0.3165,0.3153,0.3173,0.323,0.3275,0.3086,0.3187,0.3332,0.3246,0.3311,0.3333,0.3273,0.3331,0.3335,0.3483
-0.1353,-0.3596,0.2858,0.3089,0.3168,0.3268,0.3145,0.3166,0.3164,0.3095,0.3105,0.3163,0.3184,0.3209,0.329,0.3059,0.331,0.3331,0.3376,0.3369,0.3391,0.3336,0.3383,0.3362
-0.1327,-0.3756,0.2884,0.3077,0.3281,0.3112,0.3336,0.3126,0.3205,0.312,0.3127,0.3215,0.3212,0.3278,0.3274,0.3296,0.3325,0.3416,0.3317,0.3326,0.3382,0.3332,0.3286,0.3442
-0.1352,-0.3543,0.2789,0.302,0.3071,0.3295,0.3293,0.3161,0.2992,0.3073,0.3011,0.317,0.3246,0.3169,0.3233,0.3221,0.3384,0.3364,0.3419,0.3329,0.3295,0.3365,0.3318,0.3368
-0.1284,-0.3633,0.2816,0.3143,0.3236,0.3105,0.3196,0.3129,0.3162,0.3029,0.3036,0.3223,0.323,0.3168,0.3207,0.3191,0.3298,0.3362,0.342,0.3322,0.3266,0.3423,0.3405,0.3384
-0.1247,-0.3643,0.2851,0.3056,0.3242,0.3102,0.3344,0.3273,0.3278,0.3194,0.3161,0.3253,0.3209,0.3208,0.3254,0.3271,0.3342,0.341,0.3331,0.3305,0.3451,0.3426,0.3325,0.3383
-0.1424,-0.3272,0.2829,0.2779,0.3113,0.3367,0.321,0.3014,0.3036,0.3046,0.3118,0.3069,0.3262,0.3093,0.3262,0.3229,0.334,0.3498,0.3284,0.3322,0.3418,0.3449,0.3338,0.3453
-0.1248,-0.3634,0.2798,0.321,0.3224,0.3144,0.3335,0.3147,0.3193,0.31,0.3158,0.3222,0.3246,0.3247,0.3258,0.3335,0.3264,0.3442,0.3404,0.3368,0.3314,0.3222,0.3307,0.3298
-0.1157,-0.3532,0.2916,0.2905,0.336,0.3132,0.3387,0.3258,0.2965,0.3121,0.3103,0.324,0.3197,0.3318,0.315,0.3342,0.3211,0.3284,0.3313,0.3407,0.3374,0.3428,0.3358,0.3431
-0.1222,-0.3589,0.2742,0.3186,0.3314,0.3351,0.3373,0.3067,0.3119,0.3053,0.3262,0.3145,0.3286,0.3154,0.3185,0.3234,0.3192,0.3391,0.3352,0.3294,0.3265,0.3342,0.3338,0.3383
-0.1198,-0.3743,0.2729,0.2916,0.3423,0.3285,0.3454,0.3113,0.3122,0.3167,0.3103,0.321,0.3249,0.3214,0.3187,0.3271,0.3278,0.3285,0.3393,0.3329,0.3315,0.3313,0.3386,0.344
-0.1242,-0.3479,0.2949,0.2876,0.3079,0.3294,0.3156,0.3105,0.3075,0.3205,0.3109,0.3081,0.3199,0.3194,0.3288,0.3289,0.3327,0.3294,0.3231,0.3355,0.3316,0.3261,0.3392,0.341
-0.1219,-0.3602,0.2831,0.3102,0.3458,0.3235,0.3311,0.3352,0.3099,0.3055,0.3063,0.3072,0.3252,0.3247,0.3198,0.3333,0.3254,0.3448,0.3328,0.3396,0.3367,0.333,0.338,0.3394
-0.1341,-0.354,0.3006,0.3101,0.3529,0.3192,0.3172,0.3045,0.3045,0.3055,0.3031,0.3133,0.3282,0.3236,0.323,0.3308,0.3222,0.3376,0.3441,0.3271,0.3388,0.3356,0.3407,0.3349
-0.1264,-0.3398,0.2642,0.3115,0.3318,0.3226,0.3244,0.3126,0.3226,0.319,0.309,0.3182,0.3238,0.3217,0.3153,0.3185,0.3342,0.3305,0.3245,0.3311,0.3405,0.3458,0.3381,0.3273
-0.1224,-0.3587,0.2695,0.2837,0.321,0.3227,0.327,0.3176,0.296,0.3075,0.3069,0.3176,0.3176,0.3181,0.3211,0.3266,0.3367,0.3288,0.3419,0.3381,0.3463,0.3335,0.3321,0.3401
-0.1498,-0.3754,0.2962,0.3076,0.3328,0.3298,0.338,0.3106,0.303,0.3165,0.3146,0.3161,0.3252,0.3314,0.3167,0.3156,0.3269,0.3318,0.3274,0.3366,0.3378,0.3418,0.3386,0.3425
-0.1311,-0.3668,0.2595,0.2861,0.3382,0.3294,0.3347,0.3165,0.3117,0.3134,0.3052,0.3064,0.3231,0.323,0.3219,0.3193,0.3244,0.331,0.3354,0.3253,0.3376,0.3428,0.3365,0.3326
-0.115,-0.344,0.282,0.3066,0.3406,0.3144,0.3297,0.3173,0.3007,0.3192,0.3037,0.3124,0.3193,0.325,0.3148,0.3252,0.3345,0.3367,0.3302,0.3265,0.3295,0.3372,0.3355,0.3413
-0.1262,-0.3644,0.2516,0.3002,0.3354,0.3171,0.3265,0.3147,0.3005,0.3101,0.3094,0.3245,0.3258,0.3287,0.317,0.3216,0.3311,0.3364,0.3332,0.3265,0.3372,0.3339,0.3344,0.3388
-0.1287,-0.3599,0.2965,0.2992,0.3024,0.3297,0.332,0.3233,0.3122,0.3194,0.3135,0.3231,0.3284,0.3183,0.3336,0.3409,0.3326,0.3272,0.3368,0.3298,0.3314,0.3286,0.339,0.3361
-0.1397,-0.3417,0.2665,0.3031,0.3399,0.3051,0.3381,0.3169,0.3135,0.3124,0.3128,0.3151,0.3156,0.3233,0.3391,0.3244,0.3444,0.3448,0.3401,0.3273,0.3372,0.3336,0.336,0.3431
-0.1259,-0.3279,0.2761,0.3176,0.3455,0.3281,0.3492,0.3365,0.3129,0.3128,0.309,0.3174,0.3293,0.3142,0.3198,0.3316,0.3215,0.3409,0.3405,0.3261,0.3327,0.3386,0.3375,0.3353
-0.1244,-0.3335,0.2781,0.3142,0.3319,0.3092,0.3309,0.31,0.2957,0.3044,0.3206,0.3064,0.3225,0.3173,0.3156,0.3207,0.338,0.3331,0.3296,0.3404,0.3202,0.3269,0.3414,0.3444
-0.1231,-0.3402,0.2935,0.3122,0.3265,0.3379,0.3187,0.3249,0.3162,0.3084,0.3136,0.3181,0.3215,0.3234,0.3288,0.3286,0.3244,0.339,0.3329,0.3377,0.3347,0.3341,0.3399,0.3384
-0.1368,-0.3436,0.2693,0.2977,0.3227,0.3345,0.3423,0.3218,0.3038,0.3135,0.3175,0.3098,0.3266,0.3096,0.3333,0.3224,0.3317,0.3374,0.3341,0.338,0.343,0.3295,0.3344,0.3442
-0.1215,-0.3598,0.2849,0.2995,0.3223,0.3424,0.3226,0.3244,0.3065,0.3093,0.3094,0.3156,0.3142,0.326,0.3261,0.325,0.3242,0.3316,0.3342,0.3319,0.3411,0.3343,0.3373,0.3463
-0.1306,-0.3675,0.2767,0.2841,0.3231,0.318,0.3339,0.3146,0.3203,0.3219,0.3149,0.3235,0.3238,0.3266,0.3282,0.3074,0.332,0.3325,0.3291,0.3382,0.3344,0.3317,0.3444,0.3458
-0.143,-0.3554,0.291,0.3055,0.3275,0.3554,0.3343,0.311,0.3085,0.3129,0.3106,0.3261,0.33,0.3308,0.3286,0.3349,0.3247,0.3369,0.3355,0.3373,0.3485,0.3303,0.3407,0.3381
-0.1335,-0.3793,0.2914,0.2945,0.3065,0.3201,0.3425,0.3163,0.3139,0.3057,0.3179,0.3208,0.3227,0.3301,0.3249,0.3239,0.3232,0.3328,0.3319,0.3318,0.3254,0.3266,0.3389,0.3438
-0.1193,-0.3422,0.277,0.2794,0.3328,0.3279,0.3394,0.3193,0.3082,0.3013,0.3201,0.3202,0.3311,0.3195,0.3277,0.3215,0.3243,0.3429,0.3458,0.337,0.3329,0.3348,0.343,0.3422
-0.1342,-0.351,0.3014,0.3055,0.3146,0.3146,0.3343,0.3321,0.3139,0.3106,0.315,0.318,0.333,0.3115,0.3367,0.3173,0.3367,0.3383,0.3359,0.341,0.3273,0.337,0.3411,0.34
-0.1113,-0.3567,0.2945,0.307,0.3239,0.3249,0.3237,0.3341,0.3167,0.3114,0.3226,0.3211,0.3253,0.3284,0.325,0.321,0.3297,0.338,0.3326,0.3379,0.3268,0.3311,0.3307,0.3378
-0.1433,-0.3577,0.2726,0.3151,-0.2192,0.3319,0.3312,0.3117,0.3057,0.3186,0.3212,0.3218,0.3212,0.3264,0.3192,0.3228,0.3209,0.3366,0.3257,0.3241,0.344,0.3314,0.3368,0.3349
-0.1477,-0.3446,0.2936,0.3217,0.3348,0.329,0.3382,0.3287,0.3342,0.3132,0.3213,0.3256,0.332,0.3199,0.3205,0.3205,0.3315,0.3349,0.331,0.3249,0.3362,0.3302,0.3358,0.3375
-0.1264,-0.3477,0.2813,0.3166,0.3323,0.3306,0.3172,0.3134,0.3176,0.31,0.3134,0.3208,0.3182,0.3216,0.3214,0.3154,0.3283,0.3278,0.3328,0.3286,0.3292,0.3356,0.3483,0.3438
-0.1512,-0.3377,0.2846,0.313,0.3232,0.3319,0.3225,0.3257,0.3021,0.3091,0.3128,0.3079,0.3277,0.3291,0.3286,0.3174,0.3313,0.3339,0.3485,0.3327,0.3413,0.3388,0.3232,0.3383
-0.1345,-0.3485,0.2519,0.2917,0.3235,0.3253,0.3214,0.3226,0.3168,0.3152,0.308,0.3082,0.3288,0.3194,0.3206,0.323,0.3216,0.3443,0.3305,0.3305,0.3249,0.3526,0.3365,0.3294
-0.1196,-0.3587,0.2944,0.3087,0.3423,0.3154,0.3411,0.3133,0.3119,0.3077,0.3143,0.3063,0.3342,0.3146,0.3282,0.3336,0.3231,0.3398,0.3311,0.3269,0.3257,0.325,0.343,0.3353
-0.1249,-0.3625,0.2797,0.2998,0.3465,0.3359,0.3385,0.308,0.3145,0.308,0.3137,0.3222,0.3336,0.3165,0.3206,0.3352,0.325,0.3441,0.3342,0.3288,0.329,0.3389,0.3395,0.3341
-0.116,-0.3629,0.2908,0.3136,0.3104,0.3204,0.3428,0.3243,0.3065,0.3125,0.302,0.3283,0.3291,0.3253,0.3184,0.3118,0.3275,0.3477,0.3442,0.3316,0.3361,0.3185,0.3468,0.3522
-0.1237,-0.3469,0.2755,0.314,0.3297,0.328,0.3337,0.3282,0.3083,0.3053,0.3105,0.3187,0.3308,0.3139,0.3322,0.3173,0.3283,0.33,0.3367,0.3352,0.3336,0.3308,0.3418,0.3416
-0.1224,-0.3637,0.287,0.3049,0.3105,0.3363,0.3319,0.3314,0.3123,0.3224,0.3172,0.3168,0.3259,0.3272,0.3272,0.3234,0.3235,0.3365,0.3467,0.3346,0.3308,0.3396,0.3346,0.3444
-0.1273,-0.3386,0.2747,0.2859,0.3332,0.3345,0.3347,0.3222,0.3119,0.311,0.3206,0.3252,0.3147,0.3227,0.3224,0.3244,0.3343,0.3315,0.3332,0.3363,0.3409,0.3338,0.3401,0.3339
-0.1285,-0.3553,0.2712,0.3065,0.3179,0.3213,0.3244,0.3229,0.3065,0.3132,0.3007,0.3124,0.311,0.3189,0.3135,0.3116,0.3323,0.3302,0.3332,0.3361,0.3338,0.3333,0.3364,0.3409
-0.1231,-0.3282,0.2793,0.3011,0.3238,0.3195,0.3247,0.3131,0.3102,0.3193,0.3079,0.3234,0.3279,0.3275,0.322,0.3229,0.3367,0.3421,0.339,0.3377,0.3395,0.3388,0.3428,0.3558
-0.1262,-0.3492,0.31,0.3067,0.3329,0.324,0.3436,0.3155,0.3093,0.3169,0.3021,0.3145,0.3258,0.3223,0.331,0.3165,0.3332,0.3291,0.34,0.3383,0.3343,0.339,0.3438,0.3332
-0.1234,-0.3525,0.2778,0.3052,0.3244,0.3257,0.3434,0.3189,0.2947,0.2938,0.3105,0.3135,0.318,0.3264,0.3235,0.3144,0.3301,0.342,0.3347,0.3309,0.3323,0.3309,0.3406,0.3433
-0.1218,-0.3472,0.3035,0.3074,0.3303,0.3429,0.3347,0.3009,0.3112,0.3218,0.3233,0.3091,0.3204,0.3272,0.3221,0.3244,0.3335,0.3304,0.3361,0.3262,0.3383,0.3367,0.3357,0.3466
-0.1143,-0.3893,0.2704,0.3066,0.3334,0.3221,0.3281,0.3211,0.3157,0.3096,0.3108,0.3213,0.3157,0.3292,0.3145,0.3187,0.339,0.3417,0.3332,0.3277,0.3384,0.3267,0.3349,0.3337
-0.1418,-0.3414,0.2718,0.29,0.3361,0.3338,0.3221,0.3147,0.3003,0.3069,0.3154,0.3151,0.3176,0.326,0.3152,0.3246,0.3347,0.331,0.3356,0.33,0.3419,0.3356,0.3374,0.3434
-0.1324,-0.3415,0.2856,0.2977,0.3275,0.3331,0.334,0.3171,0.2973,0.3069,0.3011,0.3137,0.3219,0.3253,0.3253,0.3272,0.327,0.3311,0.339,0.3332,0.3363,0.3296,0.3376,0.3405
-0.1296,-0.3523,0.2948,0.3118,0.3265,0.3218,0.3315,0.3205,0.3039,0.3005,0.333,0.3267,0.3238,0.3278,0.3202,0.3268,0.3317,0.3342,0.3366,0.3401,0.3353,0.333,0.3386,0.3365
-0.1248,-0.3454,-0.2466,0.3124,0.3185,0.3218,0.3451,0.3183,0.3161,0.3126,0.3217,0.3201,0.3221,0.3338,0.3206,0.3288,0.3328,0.3358,0.3444,0.3441,0.3452,0.3402,0.3396,0.3402
-0.132,-0.349,0.2774,0.299,0.33,0.3347,0.3324,0.3265,0.3206,0.3133,0.308,0.3222,0.3194,0.3263,0.3269,0.3324,0.3345,0.325,0.3296,0.3269,0.3333,0.3278,0.3369,0.3464
-0.1444,-0.3533,0.2818,0.3069,0.3382,0.3337,0.3414,0.3094,0.3093,0.3175,0.3157,0.3205,0.3262,0.3157,0.3235,0.32,0.3303,0.3336,0.3372,0.327,0.3387,0.3369,0.3385,0.3556
-0.131,-0.3558,0.2693,0.2852,0.3439,0.3312,0.3293,0.3149,0.3128,0.3077,0.3129,0.3245,0.3183,0.3159,0.3185,0.3138,0.3289,0.3387,0.3303,0.3278,0.3417,0.3401,0.3442,0.3379
-0.1278,-0.3503,0.2701,0.305,0.3234,0.3218,0.3433,0.3222,0.2959,0.299,0.3142,0.3198,0.3259,0.3251,0.3254,0.3211,0.3184,0.3458,0.333,0.3388,0.3408,0.3334,0.3294,0.3313
-0.1213,-0.3477,0.2774,0.3057,0.322,0.3272,0.3471,0.3271,0.2972,0.3165,0.3156,0.3156,0.3291,0.3232,0.3223,0.3267,0.3291,0.3242,0.3354,0.3361,0.3388,0.3403,0.3419,0.3351
-0.1344,-0.36,0.2906,0.3222,0.3324,0.3287,0.327,0.3045,0.3024,0.2956,0.3149,0.3217,0.3212,0.314,0.3272,0.3112,0.3285,0.3418,0.3378,0.3386,0.3263,0.3278,0.3315,0.334
-0.1225,-0.3366,0.2756,0.3003,0.335,0.3226,0.3244,0.3165,0.311,0.303,0.3146,0.3178,0.3242,0.3204,0.3201,0.3245,0.3256,0.3345,0.3357,0.334,0.3366,0.3317,0.3413,0.3367
-0.1112,-0.3501,0.285,0.3135,0.3353,0.325,0.3388,0.3132,0.316,0.3191,0.3131,0.3201,0.3239,0.3298,0.3142,0.3201,0.3309,0.329,0.3327,0.3336,0.3363,0.3399,0.341,0.3331
-0.1465,-0.3593,0.2819,0.3035,0.3425,0.3233,0.3344,0.3103,0.3021,0.315,0.3058,0.3061,0.3224,0.3281,0.332,0.3119,0.3229,0.3302,0.3421,0.3186,0.3408,0.33,0.3375,0.3463
-0.123,-0.3707,0.293,0.2908,0.3322,0.312,0.3261,0.3102,0.3082,0.3042,0.3168,0.3267,0.3287,0.3096,0.3251,0.3215,0.3251,0.3327,0.3399,0.3287,0.3301,0.3291,0.3394,0.3489
-0.1201,-0.3663,0.2887,0.2969,0.3255,0.3307,0.3411,0.322,0.307,0.3087,0.3123,0.3236,0.3337,0.3279,0.3267,0.3213,0.3337,0.3437,0.3371,0.333,0.3449,0.3265,0.3382,0.3378
-0.1165,-0.3401,0.2734,0.3137,0.319,0.3255,0.3381,0.3252,0.3184,0.3163,0.3067,0.3265,0.3268,0.3348,0.3215,0.3315,0.3262,0.3406,0.3364,0.3293,0.3443,0.3264,0.3371,0.337
-0.1243,-0.3347,0.282,0.3148,0.3235,0.3262,0.3415,0.3059,0.307,0.3141,0.3104,0.3274,0.3242,0.323,0.3214,0.3234,0.3244,0.3275,0.3458,0.3363,0.3517,0.3373,0.3327,0.3343
-0.127,-0.3531,0.2879,0.2982,0.3307,0.3189,0.3343,0.3102,0.3173,0.3173,0.328,0.3166,0.3213,0.3255,0.3237,0.322,0.3305,0.3356,0.328,0.335,0.3312,0.3368,0.3304,0.3391
-0.1389,-0.342,0.2835,0.2931,0.3397,0.3117,0.3315,0.2991,0.3029,0.3261,0.3059,0.3175,0.3285,0.3222,0.3292,0.3291,0.3383,0.3257,0.3387,0.3343,0.3401,0.34,0.3356,0.3442
-0.1199,-0.3263,0.2746,0.3152,0.3586,0.3227,0.338,0.3251,0.3087,0.3075,0.3139,0.3134,0.3241,0.3276,0.3148,0.3157,0.3212,0.3359,0.3358,0.3381,0.3396,0.3342,0.3335,0.3379
-0.1239,-0.3689,0.2823,0.3021,0.3174,0.3322,0.3311,0.3195,0.3137,0.316,0.3038,0.3219,0.3239,0.3269,0.3251,0.3267,0.3345,0.337,0.3341,0.3465,0.3335,0.3312,0.3323,0.3451
-0.1472,-0.3376,0.2698,0.3065,0.3173,0.307,0.3393,0.3306,0.3009,0.3155,0.3263,0.3184,0.3254,0.3203,0.3148,0.3098,0.3366,0.3382,0.3408,0.3376,0.3328,0.3283,0.3396,0.3463
-0.126,-0.3374,0.2917,0.31,0.3286,0.319,0.3377,0.3196,0.3125,0.3024,0.3136,0.3096,0.3225,0.3233,0.3235,0.3347,0.3184,0.3378,0.335,0.3347,0.3444,0.3339,0.3291,0.3462
-0.1197,-0.3567,0.2913,0.3223,0.3386,0.3262,0.3374,0.3225,0.3093,0.3185,0.3053,0.3189,0.3226,0.3161,0.3374,0.319,0.3277,0.3335,0.3248,0.3492,0.3282,0.3345,0.3332,0.3429
-0.1092,-0.345,0.291,0.3016,0.3256,0.3234,0.3346,0.3174,0.3067,0.3008,0.3117,0.3147,0.317,0.3167,0.3298,0.3221,0.33,0.3276,0.3343,0.3403,0.3299,0.3352,0.3299,0.3362
-0.1406,-0.3576,0.2781,0.3025,0.3307,0.3306,0.3211,0.3397,0.309,0.3077,0.3058,0.307,0.3148,0.3258,0.3274,0.3291,0.3301,0.3359,0.3359,0.3367,0.3452,0.3465,0.336,0.3412
-0.1222,-0.3474,0.2886,0.2981,0.3334,0.3443,0.3246,0.3247,0.3091,0.3182,0.3042,0.3118,0.322,0.3176,0.3195,0.3237,0.3306,0.3298,0.3269,0.3211,0.3379,0.3357,0.3417,0.3425
-0.1254,-0.3528,0.2851,0.3104,0.3434,0.3235,0.332,0.3324,0.3156,0.2997,0.3189,0.307,0.316,0.3306,0.3306,0.3341,0.3282,0.3256,0.3306,0.327,0.3431,0.3294,0.3381,0.3465
-0.1439,-0.3728,0.2813,0.3148,0.3203,0.3247,0.3539,0.3084,0.3051,0.3185,0.3263,0.3125,0.3251,0.334,0.3333,0.3229,0.3251,0.3329,0.3348,0.3262,0.3337,0.3373,0.3254,0.3416
-0.1267,-0.3323,0.2775,0.3169,0.3285,0.3367,0.3384,0.3098,0.3208,0.3121,0.3065,0.3227,0.3272,0.3153,0.3275,0.3229,0.3402,0.325,0.3379,0.3287,0.3359,0.3411,0.3406,0.339
-0.1495,-0.3459,0.2706,0.3206,0.3146,0.3224,0.323,0.3125,0.3184,0.3137,0.3166,0.3131,0.3265,0.3095,0.3278,0.332,0.3406,0.3398,0.3349,0.3272,0.333,0.3315,0.3421,0.3409
-0.1157,-0.3599,0.2676,0.2966,0.3168,0.3231,0.3265,0.31,0.301,0.3124,0.2941,0.3189,0.3253,0.315,0.3224,0.3245,0.3269,0.3267,0.3299,0.3486,0.3334,0.3252,0.3447,0.3412
-0.1483,-0.36,0.291,0.3055,0.3205,0.3107,0.3377,0.3148,0.3003,0.303,0.3221,0.3158,0.323,0.3345,0.316,0.3357,0.3167,0.3245,0.3311,0.3384,0.3385,0.3336,0.3353,0.3419
-0.1309,-0.3521,0.2848,0.3143,0.3345,0.3399,0.3354,0.3238,0.3111,0.3138,0.3128,0.32,0.3279,0.314,0.3124,0.3209,0.33,0.344,0.3338,0.3286,0.3335,0.3438,0.3433,0.3488
-0.1186,-0.3493,0.2829,0.3219,0.3273,0.3183,0.3439,0.3067,0.2995,0.3207,0.3178,0.31,0.3204,0.3268,0.3268,0.327,0.3267,0.3306,0.3276,0.3351,0.3384,0.3339,0.3345,0.3397
-0.1378,-0.3528,0.2889,0.3135,0.313,0.3236,0.3513,0.3262,0.3064,0.3178,0.3121,0.318,0.3257,0.312,0.3264,0.3262,0.3405,0.3313,0.3372,0.3322,0.3294,0.3291,0.3332,0.339
-0.1225,-0.3516,0.2844,0.2949,0.3294,0.3228,0.3319,0.3085,0.3045,0.309,0.3131,0.3333,0.3081,0.3301,0.3278,0.3227,0.337,0.3343,0.3342,0.3254,0.3293,0.3353,0.3455,0.334
