1,-9,-9,-9,-9,-9,-9,-9,-9,-9,-9,-9,-9,-9,-9,-9,-9,1,1,-9,-9
1,1,1,1,2,2,2,2,2,1,1,2,2,2,2,1,1,1,1,1,1
1,1,1,1,1,2,2,1,1,1,1,2,2,2,2,1,1,1,1,1,1
1,1,1,1,1,2,2,1,2,1,1,2,2,2,2,1,1,1,1,1,1
1,1,1,1,2,2,2,1,2,1,1,2,2,2,2,1,1,1,2,1,1
1,1,1,1,2,2,2,1,1,1,1,2,2,2,2,1,1,1,2,1,1
1,1,1,1,1,2,2,2,2,1,1,2,2,2,2,1,1,1,1,1,1
1,-9,-9,-9,-9,-9,-9,-9,-9,-9,-9,-9,-9,-9,-9,-9,-9,-9,-9,-9,-9
1,1,1,1,1,2,2,2,2,1,1,2,2,2,2,1,1,1,2,1,1
1,1,1,1,2,1,2,2,2,1,1,2,2,2,2,1,1,1,1,1,1
2,1,1,1,1,2,2,1,1,1,1,2,2,2,2,1,1,2,2,1,1
2,1,1,1,1,2,2,1,1,1,1,2,2,2,2,1,1,2,2,1,1
2,1,1,1,1,2,2,1,1,1,1,2,2,2,2,1,1,1,2,1,1
2,1,1,2,2,2,2,1,1,1,1,1,2,2,2,1,1,1,1,1,1
2,1,1,1,2,1,2,1,1,1,2,2,2,2,2,1,1,2,2,1,1
2,1,1,1,2,2,2,1,1,1,1,2,2,2,2,1,1,1,2,1,1
2,1,1,1,1,2,2,1,1,1,2,2,2,2,2,1,1,2,2,1,1
2,1,1,1,2,2,2,1,1,1,1,2,2,2,2,1,1,2,2,1,1
2,1,1,1,1,2,2,1,1,1,1,2,2,1,2,1,1,1,1,1,1
3,1,1,1,2,2,2,2,2,1,1,2,2,2,2,1,1,2,2,1,1
3,-9,-9,-9,-9,-9,-9,-9,-9,-9,-9,-9,-9,-9,-9,-9,-9,2,2,-9,-9
3,1,1,1,1,2,2,2,2,1,1,2,2,2,2,1,1,1,1,1,1
3,1,1,1,2,1,2,2,2,1,1,2,2,2,2,1,1,1,1,1,1
3,1,1,1,2,2,2,2,2,1,1,2,2,2,2,1,1,1,1,1,1
3,1,1,1,1,2,2,2,2,1,1,2,2,2,2,1,1,1,1,1,1
3,-9,-9,-9,-9,-9,-9,-9,-9,-9,-9,-9,-9,-9,-9,-9,-9,1,1,-9,-9
3,1,1,1,2,1,2,1,2,1,1,2,2,2,2,1,1,1,1,1,1
3,1,1,1,1,2,2,2,2,1,1,2,2,2,2,1,1,1,2,1,1
3,1,1,1,2,2,2,1,2,1,1,2,2,2,2,1,1,1,1,1,1
4,1,1,1,2,2,2,1,2,1,1,2,2,2,2,1,1,1,1,1,1
4,1,1,1,1,2,2,1,2,1,1,2,2,2,2,1,1,1,1,1,1
4,1,1,1,1,2,2,1,1,1,1,2,2,2,2,1,1,1,2,1,1
4,-9,-9,-9,-9,-9,-9,-9,-9,-9,-9,-9,-9,-9,-9,-9,-9,1,2,-9,-9
4,1,1,1,1,2,2,1,1,1,1,2,2,2,2,1,1,1,1,1,1
4,1,1,1,1,2,2,1,2,1,1,2,2,2,2,1,1,1,2,1,1
4,1,1,1,1,2,2,1,2,1,1,2,2,2,2,1,1,1,1,1,1
4,1,1,1,1,2,2,1,1,1,1,2,2,2,2,1,1,1,2,1,2
4,1,1,1,1,2,2,1,2,1,2,2,2,2,2,1,1,1,1,1,1
4,-9,-9,-9,-9,-9,-9,-9,-9,-9,-9,-9,-9,-9,-9,-9,-9,2,2,-9,-9
5,1,1,1,2,2,2,1,1,1,1,2,2,2,2,1,1,1,1,1,1
5,1,1,1,1,2,2,1,1,1,1,2,2,2,2,1,1,1,1,1,1
5,-9,-9,-9,-9,-9,-9,-9,-9,-9,-9,-9,-9,-9,-9,-9,-9,1,2,-9,-9
5,1,2,1,2,2,2,2,2,1,1,2,2,2,2,1,1,1,2,1,1
5,1,1,1,2,2,2,2,2,1,1,2,2,2,2,1,1,2,2,1,1
5,1,1,1,2,2,2,1,2,1,1,2,2,2,2,1,1,1,1,1,1
5,-9,-9,-9,-9,-9,-9,-9,-9,-9,-9,-9,-9,-9,-9,-9,-9,2,2,-9,-9
5,1,2,1,1,2,2,1,2,1,1,2,2,2,2,1,1,2,2,1,1
5,1,1,1,1,2,2,1,2,1,1,2,2,2,2,1,1,1,1,1,1
5,1,1,2,2,2,2,1,2,1,1,2,2,2,2,1,1,1,1,1,1
6,1,1,1,1,2,2,1,1,1,1,2,2,2,2,1,1,1,1,1,1
6,1,1,1,1,2,2,2,2,1,1,2,2,2,2,1,1,1,1,1,1
6,1,1,1,1,2,2,1,2,1,1,2,2,2,2,1,1,1,1,1,1
6,-9,-9,-9,-9,-9,-9,-9,-9,-9,-9,-9,-9,-9,-9,-9,-9,1,1,-9,-9
6,1,1,1,1,2,2,1,2,1,1,2,2,1,2,1,1,1,1,1,1
6,1,1,1,1,2,2,1,1,1,1,2,2,2,2,1,2,1,2,1,1
6,-9,-9,-9,-9,-9,-9,-9,-9,-9,-9,-9,-9,-9,-9,-9,-9,1,1,-9,-9
6,1,1,1,2,2,2,1,1,1,1,2,2,2,2,1,1,1,1,1,1
6,1,1,1,1,2,2,1,2,1,1,2,2,2,2,1,1,1,2,1,1
6,1,1,1,1,2,2,2,2,1,1,2,2,2,2,1,1,1,1,1,1
7,1,1,1,2,2,2,1,2,1,1,2,2,2,2,1,1,1,2,1,1
7,1,1,1,1,2,2,1,1,1,1,2,2,2,2,1,1,1,1,1,1
7,-9,-9,-9,-9,-9,-9,-9,-9,-9,-9,-9,-9,-9,-9,-9,-9,-9,-9,-9,-9
7,1,1,1,1,2,2,1,2,1,1,2,2,2,2,1,1,2,2,1,1
7,1,1,1,1,2,2,2,2,1,1,2,2,2,2,1,1,1,2,1,1
7,1,1,1,1,2,2,1,1,1,1,2,2,2,2,1,1,2,2,1,1
7,1,1,1,1,2,2,1,1,1,1,2,2,2,2,1,1,2,2,1,1
7,-9,-9,-9,-9,-9,-9,-9,-9,-9,-9,-9,-9,-9,-9,-9,-9,1,1,-9,-9
7,1,1,1,2,2,2,1,1,1,1,2,2,2,2,1,1,1,2,1,1
7,1,1,1,2,2,2,1,1,1,1,2,2,2,2,1,1,2,2,1,1
8,1,1,1,2,2,2,1,1,1,1,2,2,2,2,1,1,1,1,1,2
8,1,1,1,1,1,2,1,2,2,2,1,2,1,2,1,1,1,1,1,1
8,1,1,2,2,1,1,1,1,1,1,1,1,1,1,1,1,1,1,1,1
8,1,1,2,2,2,2,1,2,1,2,1,2,2,2,1,1,1,2,1,1
8,-9,-9,-9,-9,-9,-9,-9,-9,-9,-9,-9,-9,-9,-9,-9,-9,-9,-9,-9,-9
8,1,1,2,2,2,2,1,1,2,2,1,1,1,1,1,1,1,1,1,1
8,1,1,1,2,1,2,1,2,1,2,1,2,2,2,1,1,1,1,1,1
8,1,1,1,2,1,2,1,1,1,1,1,2,1,2,1,1,2,2,1,1
8,1,1,2,2,1,2,1,1,1,2,1,2,1,1,1,1,1,2,1,1
8,-9,-9,-9,-9,-9,-9,-9,-9,-9,-9,-9,-9,-9,-9,-9,-9,2,2,-9,-9
9,1,1,1,1,2,2,1,1,1,2,1,2,2,2,1,1,1,2,1,1
9,1,1,1,1,2,2,1,1,1,1,2,2,2,2,1,1,1,1,1,1
9,1,1,1,1,2,2,1,1,1,1,2,2,2,2,1,1,1,2,1,1
9,1,1,1,1,2,2,1,1,1,1,2,2,2,2,1,1,1,1,1,1
9,1,1,1,1,2,2,1,1,1,1,2,2,2,2,1,1,2,2,1,1
9,-9,-9,-9,-9,-9,-9,-9,-9,-9,-9,-9,-9,-9,-9,-9,-9,2,2,-9,-9
9,1,1,1,1,2,2,1,1,1,1,2,2,2,2,1,1,1,1,1,1
9,1,1,1,1,2,2,1,1,1,1,2,2,2,2,1,1,1,1,1,1
9,1,1,1,1,2,2,1,1,1,1,2,2,2,2,1,1,1,1,1,1
9,-9,-9,-9,-9,-9,-9,-9,-9,-9,-9,-9,-9,-9,-9,-9,-9,1,1,-9,-9
10,1,1,1,1,2,2,2,2,1,1,2,2,2,2,1,1,1,1,1,1
10,1,2,2,2,1,2,1,1,2,2,1,2,1,2,1,2,2,2,2,2
10,1,1,1,1,2,2,1,1,1,2,1,1,1,2,1,2,1,2,1,1
10,-9,-9,-9,-9,-9,-9,-9,-9,-9,-9,-9,-9,-9,-9,-9,-9,2,2,-9,-9
10,1,1,1,2,1,2,1,1,1,2,1,1,2,2,1,2,-9,-9,2,2
10,2,2,2,2,2,2,1,1,1,2,1,1,1,1,2,2,-9,-9,1,2
10,2,2,2,2,2,2,1,1,1,2,2,2,1,2,1,2,1,1,2,2
10,1,2,1,2,1,2,1,1,1,2,1,1,2,2,1,2,2,2,2,2
10,1,2,2,2,2,2,1,1,1,2,1,2,2,2,1,2,1,2,2,2
10,2,2,1,2,1,2,1,2,1,2,1,1,1,2,1,2,1,1,1,2
11,1,2,2,2,1,1,1,1,1,2,1,1,2,2,2,2,1,2,1,2
11,1,2,2,2,1,1,1,1,1,2,2,2,1,1,2,2,1,1,1,1
11,1,2,1,1,1,1,1,1,2,2,2,2,1,1,1,2,2,2,1,2
11,2,2,1,1,2,2,1,1,2,2,2,2,1,2,1,1,2,2,1,2
11,1,2,1,2,1,1,1,1,1,2,2,2,1,2,1,2,2,2,1,2
11,1,1,1,1,1,1,1,1,1,1,2,2,1,2,1,2,2,2,1,2
11,-9,-9,-9,-9,-9,-9,-9,-9,-9,-9,-9,-9,-9,-9,-9,-9,-9,-9,-9,-9
11,-9,-9,-9,-9,-9,-9,-9,-9,-9,-9,-9,-9,-9,-9,-9,-9,2,2,-9,-9
11,1,1,2,2,1,2,2,2,1,2,2,2,1,2,1,2,2,2,1,1
11,1,1,1,2,1,2,1,2,2,2,2,2,1,2,1,1,2,2,1,2
12,1,1,2,2,1,2,1,1,1,2,2,2,1,2,1,2,2,2,1,2
12,1,1,1,2,1,2,1,1,1,2,2,2,1,1,1,1,2,2,1,1
12,1,1,2,2,1,2,1,1,2,2,1,2,1,2,1,2,2,2,1,1
12,1,1,2,2,1,2,1,1,1,2,1,2,1,1,1,1,2,2,1,1
12,1,1,2,2,1,2,1,1,1,2,1,2,1,2,1,2,2,2,1,1
12,1,1,1,2,1,2,1,1,1,2,1,1,2,2,2,2,2,2,1,1
