1,1,1,1,2,1,1,1,1,1,1,1,1,1,1,1,1,1,2,1,1,1,1,1,2,1,2,1,2,1,2,1,2,-9,-9,-9,-9,-9,-9,1,1,-9,-9,-9,-9,-9,-9,-9,-9,-9,-9,-9,-9,-9,-9,-9,-9,-9,-9,-9,-9,-9,-9,-9,-9,-9,-9,-9,-9,-9,-9,-9,-9,-9,-9,-9,-9,-9,-9,-9,-9,-9,-9,-9,-9,-9,-9,-9,-9,-9,-9,-9,-9,-9,-9,-9,-9,-9,-9,-9,-9,-9,-9,-9,-9,-9,-9,-9,-9,-9,-9,-9,-9,-9,-9,-9,-9,-9,-9,-9,-9,-9,-9,-9,-9,-9,-9,-9,-9,-9,-9,-9,-9,-9,-9,-9,-9,-9,-9,-9,-9,-9,-9
1,1,1,1,2,1,1,1,2,1,1,1,1,1,1,1,1,1,1,1,1,2,2,1,1,2,2,1,2,1,2,1,1,1,1,1,1,2,2,1,1,1,1,2,2,1,1,2,2,2,2,2,2,2,2,2,2,1,1,1,2,1,1,2,2,1,1,2,2,1,2,1,2,2,2,2,2,1,2,2,2,2,2,1,1,1,2,1,1,2,2,1,2,2,2,1,2,1,2,2,2,2,2,1,1,2,2,2,2,2,2,1,1,1,1,2,2,1,1,1,2,2,2,2,2,1,1,1,2,1,1,2,2,1,1,1,1,2,2,1,1,2,2
1,1,1,1,2,1,1,1,1,1,2,-9,-9,1,1,1,1,1,1,1,1,1,1,1,1,1,1,-9,-9,1,1,1,2,1,2,1,2,1,1,1,1,2,2,2,2,1,1,2,2,1,1,1,1,2,2,1,1,1,1,1,1,1,1,1,2,1,1,2,2,1,2,1,2,1,2,2,2,1,2,1,2,2,2,1,2,1,2,1,1,2,2,2,2,2,2,1,2,1,1,2,2,2,2,1,1,2,2,1,2,2,2,1,2,1,1,2,2,1,1,2,2,2,2,1,2,1,1,2,2,1,1,2,2,1,1,1,1,2,2,1,1,2,2
1,1,1,1,2,1,2,1,2,1,1,1,1,1,1,1,2,1,1,1,1,1,2,1,1,1,2,1,2,1,2,1,2,1,1,1,1,2,2,1,2,1,1,2,2,1,1,2,2,1,1,1,2,2,2,1,2,1,1,1,2,1,1,1,2,1,1,1,2,2,2,1,2,1,2,2,2,2,2,2,2,2,2,1,1,2,2,1,1,2,2,1,1,1,1,2,2,1,1,2,2,2,2,1,1,2,2,2,2,2,2,1,1,1,2,2,2,1,1,2,2,2,2,1,2,1,1,2,2,1,1,2,2,1,1,1,1,2,2,1,1,2,2
1,1,1,1,2,1,1,2,2,1,1,1,2,1,1,1,1,1,2,1,2,1,1,1,2,1,1,1,2,1,1,1,1,1,1,1,2,1,2,1,1,1,2,2,2,1,1,1,2,2,2,1,1,2,2,1,2,1,1,1,1,1,1,1,1,1,1,2,2,2,2,2,2,2,2,2,2,2,2,2,2,2,2,1,1,2,2,1,1,2,2,1,1,1,1,2,2,1,2,2,2,2,2,1,1,2,2,2,2,2,2,1,1,1,2,1,2,1,1,2,2,2,2,1,2,1,1,2,2,1,1,2,2,1,1,1,2,2,2,1,1,2,2
1,1,2,1,2,1,2,1,2,1,1,1,1,2,2,1,2,1,2,1,2,1,1,1,2,-9,-9,1,2,1,2,1,2,1,1,1,2,1,2,2,2,1,1,2,2,1,1,2,2,1,1,1,1,2,2,1,1,1,1,1,1,1,1,2,2,1,1,2,2,1,2,1,2,2,2,2,2,1,2,1,2,2,2,1,1,1,2,1,1,2,2,1,1,1,1,2,2,1,2,2,2,2,2,1,1,2,2,2,2,2,2,1,1,1,2,2,2,1,1,1,1,2,2,2,2,1,1,1,2,1,1,2,2,1,2,1,1,2,2,1,1,2,2
1,1,1,1,2,1,1,2,2,1,1,1,1,1,1,1,1,1,2,1,1,1,1,1,2,1,2,1,2,1,2,1,1,1,2,1,1,1,2,1,2,1,1,2,2,1,1,1,1,1,1,1,1,2,2,2,2,1,1,1,1,1,1,1,2,1,1,1,2,2,2,1,2,1,2,2,2,2,2,2,2,2,2,1,1,2,2,1,1,2,2,1,2,1,2,1,2,1,1,2,2,1,2,1,1,2,2,1,2,2,2,1,2,1,1,2,2,1,1,1,2,2,2,2,2,1,1,2,2,1,1,2,2,1,1,1,1,2,2,1,1,2,2
1,-9,-9,-9,-9,-9,-9,-9,-9,-9,-9,-9,-9,-9,-9,-9,-9,-9,-9,-9,-9,-9,-9,-9,-9,-9,-9,-9,-9,-9,-9,-9,-9,-9,-9,-9,-9,-9,-9,-9,-9,-9,-9,-9,-9,-9,-9,-9,-9,-9,-9,-9,-9,-9,-9,-9,-9,-9,-9,-9,-9,-9,-9,-9,-9,-9,-9,-9,-9,-9,-9,-9,-9,-9,-9,-9,-9,-9,-9,-9,-9,-9,-9,-9,-9,-9,-9,-9,-9,-9,-9,-9,-9,-9,-9,-9,-9,-9,-9,-9,-9,-9,-9,-9,-9,-9,-9,-9,-9,-9,-9,-9,-9,-9,-9,-9,-9,-9,-9,-9,-9,-9,-9,-9,-9,-9,-9,-9,-9,-9,-9,-9,-9,-9,-9,-9,-9,-9,-9,-9,-9,-9,-9
1,1,1,1,2,1,2,1,2,1,1,1,2,2,2,1,2,1,2,1,2,1,2,1,1,1,2,1,2,1,2,1,2,-9,-9,1,1,1,1,1,1,1,1,2,2,1,1,2,2,2,2,1,2,2,2,2,2,1,1,1,1,1,1,2,2,1,1,2,2,1,2,1,2,1,2,2,2,2,2,2,2,2,2,1,1,2,2,1,1,2,2,1,1,1,1,2,2,1,1,2,2,1,2,1,1,2,2,1,2,2,2,1,2,1,1,2,2,1,1,2,2,1,2,2,2,1,1,2,2,1,1,2,2,1,1,1,2,2,2,1,1,1,2
1,1,1,1,2,1,2,1,2,1,1,1,2,2,2,1,2,1,2,1,1,1,2,1,2,1,2,1,2,1,2,1,2,1,1,1,1,1,2,1,2,1,1,2,2,1,1,2,2,1,2,1,2,2,2,2,2,1,2,1,2,1,1,1,2,1,2,2,2,2,2,1,2,1,2,1,2,2,2,1,2,2,2,1,1,2,2,1,1,2,2,1,2,2,2,2,2,1,2,2,2,1,2,1,1,1,2,2,2,2,2,1,1,1,1,2,2,1,1,1,2,1,2,2,2,1,1,1,2,1,1,2,2,1,2,1,2,1,2,1,1,1,2
2,1,1,1,1,2,2,2,2,1,1,1,2,1,1,1,2,1,2,2,2,1,1,1,1,1,1,1,2,1,2,1,2,1,2,2,2,1,1,1,2,1,1,2,2,1,1,1,2,1,1,1,1,2,2,1,1,1,2,1,2,1,1,1,2,1,2,2,2,2,2,1,2,1,2,1,2,2,2,1,2,2,2,1,2,2,2,1,1,2,2,1,1,1,2,2,2,1,1,2,2,1,2,1,1,2,2,1,2,2,2,1,2,1,1,2,2,1,1,1,2,2,2,2,2,1,1,2,2,1,1,2,2,1,1,1,1,2,2,1,1,2,2
2,1,1,1,2,1,2,1,2,1,1,1,2,1,1,1,2,2,2,2,2,1,1,1,1,1,1,1,2,1,2,1,2,1,1,1,2,1,1,1,2,1,1,2,2,1,1,1,1,1,1,1,1,2,2,1,1,1,1,1,1,1,1,1,2,1,1,1,2,2,2,1,2,1,2,2,2,2,2,1,2,1,2,1,2,2,2,1,2,2,2,1,2,1,2,1,2,1,1,2,2,2,2,1,1,2,2,1,2,2,2,1,2,1,1,2,2,1,1,1,2,2,2,2,2,1,1,1,2,1,1,2,2,1,2,1,1,2,2,1,1,2,2
2,1,1,1,2,1,2,1,2,1,1,1,2,2,2,1,2,1,2,1,2,1,1,1,1,1,2,1,2,1,2,1,1,2,2,1,1,1,1,1,1,1,1,2,2,1,1,1,2,1,1,1,1,2,2,1,1,1,1,1,1,1,1,2,2,1,1,1,2,1,2,1,1,1,2,2,2,1,2,1,2,1,2,1,2,1,2,1,2,2,2,1,1,2,2,2,2,1,1,2,2,2,2,1,1,2,2,1,2,2,2,1,2,1,1,2,2,1,2,1,2,1,2,2,2,1,1,2,2,1,1,2,2,1,1,1,2,2,2,1,1,1,2
2,1,1,1,2,1,2,1,2,1,1,1,1,1,1,1,2,1,1,1,1,1,1,1,1,-9,-9,1,1,1,1,2,2,1,1,1,1,1,2,2,2,1,1,2,2,1,1,1,2,1,1,1,1,2,2,1,1,1,1,1,1,1,1,1,2,1,2,2,2,2,2,1,2,2,2,1,2,2,2,2,2,2,2,1,1,2,2,1,1,2,2,1,1,1,1,2,2,2,2,2,2,2,2,1,1,2,2,2,2,1,2,1,1,1,2,1,2,1,1,1,2,2,2,1,2,1,1,1,2,1,1,2,2,1,2,1,2,2,2,1,1,1,2
2,1,2,1,2,1,1,1,2,1,1,1,2,1,1,1,1,1,2,2,2,1,1,1,1,1,2,1,2,1,1,1,1,-9,-9,-9,-9,-9,-9,1,1,1,1,2,2,1,1,2,2,1,1,1,1,2,2,1,1,1,1,1,1,1,1,1,2,1,1,2,2,2,2,1,2,2,2,2,2,2,2,2,2,2,2,1,1,2,2,1,1,2,2,1,1,1,1,2,2,1,2,2,2,2,2,1,2,1,2,2,2,2,2,1,1,1,2,2,2,1,1,1,2,2,2,2,2,1,1,1,2,1,1,2,2,1,1,1,2,2,2,1,1,2,2
2,1,1,1,1,2,2,2,2,1,1,1,1,1,1,1,1,2,2,1,2,1,1,1,2,1,1,1,2,1,1,1,1,1,1,1,1,1,2,1,1,1,1,2,2,1,1,1,2,1,1,1,1,2,2,1,1,1,1,1,1,1,1,2,2,1,1,2,2,1,2,1,2,1,2,2,2,1,2,2,2,2,2,1,1,1,2,1,1,2,2,1,1,1,1,2,2,1,2,2,2,1,2,1,1,2,2,2,2,2,2,1,1,1,1,1,2,1,1,2,2,2,2,1,2,1,1,2,2,1,1,2,2,1,2,1,2,2,2,1,1,2,2
2,1,1,1,2,1,2,2,2,1,1,1,1,1,1,1,1,1,2,2,2,1,1,1,1,1,1,2,2,1,1,1,1,1,1,1,1,1,1,1,1,1,1,2,2,1,1,2,2,1,1,1,1,2,2,1,1,1,1,1,1,1,1,1,2,1,1,1,2,1,2,1,2,1,2,2,2,2,2,1,2,1,2,1,2,2,2,1,2,2,2,1,1,1,1,2,2,1,1,2,2,2,2,1,2,2,2,2,2,2,2,1,1,1,2,1,2,1,1,1,2,2,2,1,2,1,1,2,2,1,1,2,2,1,2,1,2,2,2,1,1,2,2
2,1,1,1,2,1,2,1,2,1,1,1,2,1,1,1,2,1,2,2,2,1,2,1,1,-9,-9,1,2,1,2,1,2,1,1,1,1,1,2,1,1,1,1,2,2,1,1,2,2,1,1,1,1,2,2,1,1,1,2,1,1,1,1,1,2,1,1,1,2,2,2,1,1,1,2,2,2,1,2,2,2,2,2,1,1,2,2,1,1,2,2,1,1,1,1,2,2,1,2,2,2,2,2,1,1,2,2,1,2,2,2,1,2,1,2,1,2,2,2,1,2,2,2,2,2,1,1,1,2,1,1,2,2,1,1,1,2,2,2,1,1,1,2
2,1,2,1,2,1,1,1,2,1,1,1,1,1,1,1,2,1,1,1,1,1,1,1,1,-9,-9,1,2,1,2,1,2,1,1,2,2,1,1,1,2,1,1,2,2,1,1,1,2,1,1,1,1,2,2,1,1,1,2,1,2,1,1,1,2,1,1,1,2,2,2,1,2,1,2,2,2,2,2,1,2,1,2,1,2,2,2,1,2,2,2,1,1,1,1,2,2,1,1,1,2,2,2,1,1,2,2,1,2,2,2,1,2,1,1,1,2,1,1,1,2,2,2,1,2,1,1,1,2,1,1,2,2,1,2,1,2,2,2,1,1,2,2
3,1,2,1,2,1,2,1,2,1,1,1,1,1,1,1,2,1,2,2,2,1,1,1,1,1,1,1,2,1,1,1,1,-9,-9,-9,-9,-9,-9,1,1,1,1,2,2,1,1,2,2,2,2,2,2,2,2,2,2,1,1,1,1,1,1,1,2,1,1,2,2,2,2,2,2,2,2,2,2,2,2,2,2,2,2,1,1,2,2,1,1,2,2,1,1,1,1,2,2,1,2,2,2,1,2,1,1,2,2,1,2,2,2,1,1,2,2,1,2,1,1,1,2,2,2,2,2,1,1,2,2,1,1,2,2,2,2,1,1,2,2,1,1,2,2
3,1,1,1,2,1,1,1,2,1,1,1,2,1,1,1,1,1,2,2,2,1,1,1,1,1,2,-9,-9,1,1,1,1,1,2,1,2,1,2,1,2,-9,-9,-9,-9,-9,-9,-9,-9,-9,-9,-9,-9,-9,-9,-9,-9,-9,-9,-9,-9,-9,-9,-9,-9,-9,-9,-9,-9,-9,-9,-9,-9,-9,-9,-9,-9,-9,-9,-9,-9,-9,-9,-9,-9,-9,-9,-9,-9,-9,-9,-9,-9,-9,-9,-9,-9,-9,-9,-9,-9,-9,-9,-9,-9,-9,-9,-9,-9,-9,-9,-9,-9,-9,-9,-9,-9,-9,-9,-9,-9,-9,-9,-9,-9,-9,-9,-9,-9,-9,-9,-9,-9,-9,-9,-9,-9,-9,-9,-9,-9,-9,-9
3,1,1,1,1,1,1,1,1,1,1,1,2,1,1,1,1,1,1,1,1,1,1,1,1,1,2,1,2,1,2,1,2,1,1,1,1,2,2,1,1,1,1,2,2,1,1,2,2,1,1,1,2,2,2,2,2,1,1,1,1,1,1,2,2,1,2,2,2,2,2,1,2,2,2,1,2,2,2,1,2,2,2,1,1,2,2,1,1,2,2,2,2,1,2,2,2,1,1,2,2,2,2,1,1,2,2,1,2,2,2,1,2,1,2,2,2,1,1,1,1,2,2,2,2,1,1,1,2,1,1,2,2,1,1,1,1,2,2,1,1,2,2
3,1,1,1,2,2,2,2,2,1,1,1,1,1,1,1,1,1,2,1,1,1,1,1,1,-9,-9,1,1,1,1,1,2,1,1,1,1,1,1,1,1,1,1,2,2,1,1,2,2,1,1,1,1,2,2,2,2,1,1,1,1,1,1,2,2,1,2,2,2,1,2,1,1,1,2,1,2,2,2,2,2,2,2,1,1,2,2,1,1,2,2,1,2,1,1,2,2,1,2,2,2,2,2,1,1,1,2,2,2,2,2,1,1,1,1,2,2,1,1,1,1,2,2,2,2,1,1,1,2,1,1,2,2,1,2,1,1,2,2,1,1,2,2
3,1,1,1,2,1,2,1,2,1,1,1,2,1,2,1,2,2,2,1,1,1,1,1,1,1,1,1,2,1,2,1,2,1,1,1,2,1,2,1,1,1,1,2,2,1,1,1,2,1,2,1,1,2,2,2,2,1,1,1,1,1,1,2,2,1,1,2,2,2,2,1,2,2,2,2,2,2,2,2,2,2,2,1,1,2,2,1,1,2,2,1,1,1,2,2,2,1,2,2,2,1,2,1,1,2,2,1,2,2,2,1,1,1,2,2,2,1,1,1,2,2,2,2,2,1,1,2,2,1,1,2,2,1,1,1,1,2,2,1,1,2,2
3,1,1,1,2,1,2,1,2,1,1,1,2,1,1,1,2,1,2,1,1,1,1,1,1,1,1,1,1,1,1,1,1,2,2,2,2,1,1,1,1,1,1,1,1,1,1,1,1,1,1,1,1,2,2,2,2,1,1,1,1,1,1,1,2,1,1,2,2,1,2,1,2,1,2,2,2,2,2,2,2,2,2,1,1,1,2,1,1,2,2,2,2,2,2,1,2,1,1,2,2,2,2,1,1,2,2,1,2,2,2,1,2,1,1,1,1,1,1,2,2,2,2,1,2,1,1,2,2,1,1,2,2,1,1,1,2,2,2,1,1,2,2
3,1,1,1,2,1,2,1,2,1,1,1,1,1,1,1,1,1,1,1,1,1,2,1,1,1,2,1,2,1,2,1,2,1,1,1,2,1,1,1,2,-9,-9,-9,-9,-9,-9,-9,-9,-9,-9,-9,-9,-9,-9,-9,-9,-9,-9,-9,-9,-9,-9,-9,-9,-9,-9,-9,-9,-9,-9,-9,-9,-9,-9,-9,-9,-9,-9,-9,-9,-9,-9,-9,-9,-9,-9,-9,-9,-9,-9,-9,-9,-9,-9,-9,-9,-9,-9,-9,-9,-9,-9,-9,-9,-9,-9,-9,-9,-9,-9,-9,-9,-9,-9,-9,-9,-9,-9,-9,-9,-9,-9,-9,-9,-9,-9,-9,-9,-9,-9,-9,-9,-9,-9,-9,-9,-9,-9,-9,-9,-9,-9
3,1,1,1,2,1,1,2,2,1,1,1,1,1,1,1,1,1,1,1,1,1,1,1,1,1,1,1,2,1,2,1,2,1,2,1,2,1,1,1,1,1,1,1,2,1,1,1,2,1,1,1,2,2,2,1,2,1,1,1,1,1,1,2,2,1,1,1,2,2,2,1,2,1,2,2,2,2,2,1,2,2,2,1,1,2,2,1,1,2,2,1,1,1,1,2,2,1,2,2,2,2,2,1,1,1,2,1,2,2,2,1,1,1,1,1,2,1,1,1,2,2,2,2,2,1,1,1,2,1,1,2,2,1,1,1,1,2,2,1,1,2,2
3,1,1,1,2,1,1,1,2,1,1,1,1,1,1,1,2,1,2,1,2,1,1,1,1,1,2,1,2,1,2,1,2,-9,-9,-9,-9,-9,-9,1,1,1,1,2,2,1,1,2,2,1,2,1,2,2,2,2,2,1,1,1,1,1,1,1,2,1,1,1,2,2,2,1,2,1,2,2,2,2,2,2,2,2,2,1,1,2,2,1,1,2,2,1,2,2,2,1,1,1,1,2,2,2,2,1,1,2,2,2,2,2,2,1,1,1,1,2,2,1,1,1,1,2,2,2,2,1,1,1,1,1,1,2,2,1,2,1,1,2,2,1,1,2,2
3,1,1,1,2,1,2,1,2,1,1,1,1,1,1,1,2,1,1,1,1,1,2,1,1,1,2,1,2,1,2,1,2,1,2,1,1,1,1,1,1,1,1,2,2,1,1,2,2,1,1,1,1,2,2,1,2,1,1,1,1,1,1,2,2,1,1,2,2,1,2,1,2,1,2,2,2,2,2,2,2,2,2,1,1,2,2,1,1,2,2,1,1,1,1,2,2,1,2,2,2,2,2,1,1,2,2,2,2,2,2,1,1,1,2,2,2,1,1,2,2,2,2,2,2,1,1,2,2,1,1,2,2,1,1,1,1,2,2,1,1,2,2
4,1,1,1,2,1,2,1,2,1,1,1,1,1,1,1,1,1,2,1,1,1,1,1,2,1,1,1,2,1,2,1,2,1,2,1,1,1,1,1,1,1,1,2,2,1,1,1,1,1,1,1,2,2,2,1,2,1,1,1,1,1,1,2,2,1,1,1,2,2,2,1,1,1,2,2,2,2,2,2,2,2,2,1,1,2,2,1,1,2,2,1,1,1,1,2,2,1,2,2,2,2,2,1,1,2,2,2,2,2,2,1,1,1,2,2,2,1,1,1,1,2,2,2,2,1,1,2,2,1,1,2,2,1,1,1,1,2,2,1,1,2,2
4,1,1,1,2,1,1,1,2,1,1,1,1,1,2,1,2,1,1,1,1,1,1,1,1,-9,-9,1,2,1,1,1,2,1,1,1,1,1,1,1,1,1,1,2,2,1,1,1,2,1,1,1,1,2,2,1,2,1,1,1,1,1,1,2,2,1,1,2,2,2,2,2,2,2,2,2,2,2,2,2,2,2,2,1,2,2,2,1,1,2,2,2,2,1,1,1,2,1,1,2,2,2,2,1,1,2,2,1,2,2,2,1,1,1,2,2,2,1,1,1,1,2,2,2,2,1,1,1,1,1,1,2,2,2,2,1,1,2,2,1,1,2,2
4,1,1,1,2,1,2,1,2,1,1,-9,-9,2,2,1,2,1,2,1,2,1,1,1,1,1,2,1,2,1,1,1,1,1,1,1,2,1,1,2,2,1,1,2,2,1,1,2,2,1,1,1,1,2,2,1,1,1,1,1,1,1,1,2,2,1,1,1,2,2,2,1,1,1,2,2,2,2,2,1,2,1,2,1,2,2,2,1,2,2,2,1,1,1,1,2,2,1,1,2,2,2,2,1,1,2,2,2,2,2,2,1,1,1,1,2,2,1,1,1,1,2,2,2,2,1,1,1,2,1,1,1,2,2,2,1,2,2,2,1,1,2,2
4,1,2,1,2,1,2,1,2,1,1,1,2,1,1,1,1,1,2,1,2,1,2,1,1,1,2,1,2,1,1,1,1,1,1,1,2,1,1,1,1,-9,-9,-9,-9,-9,-9,-9,-9,-9,-9,-9,-9,-9,-9,-9,-9,-9,-9,-9,-9,-9,-9,-9,-9,-9,-9,-9,-9,-9,-9,-9,-9,-9,-9,-9,-9,-9,-9,-9,-9,-9,-9,-9,-9,-9,-9,-9,-9,-9,-9,-9,-9,-9,-9,-9,-9,-9,-9,-9,-9,-9,-9,-9,-9,-9,-9,-9,-9,-9,-9,-9,-9,-9,-9,-9,-9,-9,-9,-9,-9,-9,-9,-9,-9,-9,-9,-9,-9,-9,-9,-9,-9,-9,-9,-9,-9,-9,-9,-9,-9,-9,-9
4,1,1,1,2,1,1,1,1,1,1,1,1,1,1,1,1,1,1,1,1,1,1,1,1,1,2,1,2,1,1,1,1,1,2,1,1,1,1,1,1,1,1,1,2,1,2,2,2,1,1,1,1,2,2,1,1,1,2,1,2,1,1,1,2,1,1,1,2,2,2,1,2,1,2,1,2,2,2,2,2,1,2,1,1,2,2,1,1,2,2,1,1,1,2,2,2,1,1,2,2,2,2,1,1,2,2,2,2,2,2,1,1,1,1,1,2,1,1,1,1,2,2,2,2,1,1,2,2,1,1,1,2,2,2,1,1,2,2,1,1,2,2
4,1,1,1,2,1,1,1,1,1,1,1,2,1,1,1,1,1,2,1,2,1,1,1,1,1,1,1,2,1,1,1,2,1,1,1,1,1,1,2,2,1,1,1,2,1,2,1,2,1,1,1,1,2,2,1,2,1,1,1,1,1,1,2,2,1,1,2,2,1,2,2,2,1,2,2,2,1,2,2,2,1,2,1,1,2,2,1,1,2,2,2,2,1,2,1,2,1,1,2,2,2,2,1,1,2,2,2,2,2,2,1,1,1,1,2,2,1,1,1,2,1,2,2,2,1,1,1,2,1,1,2,2,1,1,1,2,2,2,1,1,1,2
4,1,1,1,2,1,2,1,2,1,1,1,2,1,1,1,1,1,1,1,1,1,1,1,1,1,1,1,1,1,1,1,2,2,2,2,2,1,1,1,1,1,1,2,2,1,2,1,1,1,1,1,1,2,2,1,2,1,1,1,1,1,1,2,2,1,1,1,1,2,2,1,2,1,1,2,2,2,2,1,2,1,2,1,2,2,2,1,2,1,2,1,2,1,1,2,2,1,1,2,2,2,2,1,1,2,2,1,2,2,2,1,1,1,1,1,1,1,1,2,2,2,2,1,2,1,1,2,2,1,1,2,2,1,1,1,1,2,2,1,1,2,2
4,1,1,1,2,1,1,1,2,1,1,1,2,2,2,1,2,1,2,1,2,1,2,1,1,1,1,1,2,1,1,1,2,2,2,1,1,1,1,1,1,1,1,2,2,1,2,1,1,1,1,1,1,2,2,1,1,1,1,1,1,1,1,2,2,1,1,2,2,1,1,2,2,2,2,2,2,1,2,2,2,2,2,1,1,1,2,1,1,2,2,1,1,1,1,2,2,1,1,2,2,1,2,1,1,2,2,1,1,2,2,1,2,1,2,2,2,1,1,1,1,2,2,2,2,1,1,1,2,1,1,1,2,2,2,1,2,2,2,1,2,2,2
4,1,1,1,2,1,2,1,2,1,1,1,1,1,1,1,1,1,2,1,1,1,1,1,2,1,2,1,2,1,2,1,2,1,1,1,1,1,2,2,2,1,1,2,2,1,2,2,2,1,1,1,1,2,2,1,2,1,2,1,2,1,1,1,2,1,1,1,2,1,2,1,2,1,2,2,2,1,2,2,2,1,2,1,1,2,2,1,1,2,2,1,1,1,1,2,2,1,1,2,2,2,2,1,2,2,2,2,2,2,2,1,1,1,2,2,2,1,1,1,2,2,2,2,2,1,1,2,2,1,1,2,2,1,2,1,1,2,2,1,1,1,2
4,1,1,1,2,1,2,1,2,1,1,1,1,1,1,1,2,1,2,2,2,2,2,1,1,1,2,1,2,1,1,1,2,1,2,1,2,1,2,2,2,-9,-9,-9,-9,-9,-9,-9,-9,-9,-9,-9,-9,-9,-9,-9,-9,-9,-9,-9,-9,-9,-9,-9,-9,-9,-9,-9,-9,-9,-9,-9,-9,-9,-9,-9,-9,-9,-9,-9,-9,-9,-9,-9,-9,-9,-9,-9,-9,-9,-9,-9,-9,-9,-9,-9,-9,-9,-9,-9,-9,-9,-9,-9,-9,-9,-9,-9,-9,-9,-9,-9,-9,-9,-9,-9,-9,-9,-9,-9,-9,-9,-9,-9,-9,-9,-9,-9,-9,-9,-9,-9,-9,-9,-9,-9,-9,-9,-9,-9,-9,-9,-9
5,1,1,1,2,1,1,1,2,1,1,1,1,1,1,1,1,1,1,1,1,1,2,1,1,1,1,1,2,1,1,1,1,1,1,1,2,1,2,2,2,1,1,1,2,1,2,1,2,1,1,1,1,2,2,1,1,1,1,1,1,1,1,1,1,1,1,2,2,2,2,2,2,2,2,2,2,2,2,2,2,2,2,1,1,2,2,1,1,2,2,1,1,1,1,2,2,1,2,2,2,2,2,1,1,2,2,2,2,2,2,1,1,1,2,1,2,1,1,2,2,2,2,1,2,1,1,2,2,1,1,2,2,1,1,1,2,2,2,1,1,2,2
5,1,1,1,2,1,2,1,2,1,1,1,2,1,1,1,1,1,1,1,1,1,1,1,1,1,2,2,2,1,2,1,2,1,1,1,1,1,2,2,2,1,1,2,2,1,1,2,2,1,1,1,1,2,2,1,1,1,1,1,1,1,1,2,2,1,2,2,2,1,2,1,2,1,2,1,2,1,2,2,2,2,2,1,1,2,2,1,1,2,2,1,1,1,1,2,2,1,1,2,2,2,2,1,1,2,2,1,2,2,2,1,1,1,2,2,2,1,2,1,2,1,2,2,2,1,1,1,2,1,1,2,2,1,1,1,2,2,2,1,1,1,2
5,1,2,1,2,1,2,1,2,1,1,1,1,1,1,1,1,1,2,1,2,1,1,1,2,1,1,1,2,1,1,1,1,1,2,1,2,1,2,1,1,-9,-9,-9,-9,-9,-9,-9,-9,-9,-9,-9,-9,-9,-9,-9,-9,-9,-9,-9,-9,-9,-9,-9,-9,-9,-9,-9,-9,-9,-9,-9,-9,-9,-9,-9,-9,-9,-9,-9,-9,-9,-9,-9,-9,-9,-9,-9,-9,-9,-9,-9,-9,-9,-9,-9,-9,-9,-9,-9,-9,-9,-9,-9,-9,-9,-9,-9,-9,-9,-9,-9,-9,-9,-9,-9,-9,-9,-9,-9,-9,-9,-9,-9,-9,-9,-9,-9,-9,-9,-9,-9,-9,-9,-9,-9,-9,-9,-9,-9,-9,-9,-9
5,1,1,1,2,1,1,1,1,1,1,1,1,1,1,1,2,1,2,1,2,1,1,1,2,-9,-9,1,2,1,1,1,1,1,1,1,2,1,2,2,2,1,1,2,2,1,1,1,1,1,1,1,1,1,1,2,2,1,1,1,1,1,1,2,2,1,1,2,2,2,2,1,2,2,2,2,2,2,2,2,2,2,2,1,1,2,2,1,1,2,2,1,1,1,1,2,2,1,2,2,2,2,2,1,1,2,2,2,2,2,2,1,1,1,1,2,2,1,1,1,2,1,2,2,2,1,1,2,2,1,2,2,2,1,1,1,1,2,2,1,1,2,2
5,1,1,1,2,1,2,1,2,1,1,1,1,1,1,1,1,1,2,2,2,1,1,1,1,1,1,1,2,1,1,1,1,1,1,1,1,1,1,2,2,1,1,2,2,1,1,2,2,2,2,2,2,2,2,2,2,1,1,1,1,1,1,2,2,1,1,2,2,1,2,2,2,2,2,2,2,2,2,2,2,2,2,1,1,2,2,1,1,2,2,1,1,1,1,2,2,1,2,2,2,2,2,1,1,2,2,2,2,2,2,1,1,1,1,2,2,1,1,1,2,2,2,2,2,1,1,1,2,1,1,2,2,1,1,1,1,2,2,1,1,2,2
5,1,1,1,2,1,2,1,2,1,1,1,1,2,2,1,2,1,2,1,1,1,1,1,2,1,2,1,2,1,2,1,2,1,1,1,1,1,2,1,1,1,1,1,2,1,1,1,2,1,1,1,1,2,2,1,2,1,1,1,1,1,1,2,2,1,1,1,1,2,2,2,2,1,2,2,2,2,2,2,2,2,2,1,1,2,2,1,1,2,2,1,1,1,1,2,2,1,2,2,2,2,2,1,1,2,2,2,2,2,2,1,1,1,1,2,2,1,1,1,1,2,2,2,2,1,1,2,2,1,1,1,2,1,1,1,1,2,2,1,1,2,2
5,1,1,1,2,1,2,1,2,1,1,1,1,2,2,1,2,1,2,2,2,1,1,1,1,1,1,1,2,1,1,1,1,1,2,1,1,1,1,1,1,-9,-9,-9,-9,-9,-9,-9,-9,-9,-9,-9,-9,-9,-9,-9,-9,-9,-9,-9,-9,-9,-9,-9,-9,-9,-9,-9,-9,-9,-9,-9,-9,-9,-9,-9,-9,-9,-9,-9,-9,-9,-9,-9,-9,-9,-9,-9,-9,-9,-9,-9,-9,-9,-9,-9,-9,-9,-9,-9,-9,-9,-9,-9,-9,-9,-9,-9,-9,-9,-9,-9,-9,-9,-9,-9,-9,-9,-9,-9,-9,-9,-9,-9,-9,-9,-9,-9,-9,-9,-9,-9,-9,-9,-9,-9,-9,-9,-9,-9,-9,-9,-9
5,1,1,1,2,1,2,1,2,1,1,-9,-9,2,2,1,2,2,2,2,2,1,1,1,1,1,1,1,2,1,2,1,1,1,1,1,1,2,2,1,1,1,1,2,2,1,1,1,2,1,2,1,2,2,2,1,2,1,1,1,1,1,1,2,2,1,1,1,2,2,2,1,2,1,2,1,2,2,2,2,2,2,2,1,1,2,2,1,1,2,2,1,2,1,2,1,2,1,1,2,2,2,2,1,1,2,2,1,2,2,2,1,2,1,1,2,2,1,1,1,2,2,2,2,2,1,1,2,2,1,2,2,2,1,1,1,1,2,2,1,1,2,2
5,1,1,1,2,1,1,2,2,1,1,1,2,1,1,1,2,1,1,1,1,1,2,1,1,1,2,1,2,1,1,1,1,1,1,1,1,2,2,1,1,1,1,2,2,1,1,1,2,1,2,1,1,2,2,1,2,1,1,1,1,1,1,2,2,1,1,1,2,2,2,1,2,1,2,1,2,2,2,2,2,2,2,1,1,2,2,1,1,2,2,1,2,1,2,1,2,1,1,2,2,2,2,1,1,2,2,1,2,2,2,1,2,1,1,2,2,1,1,1,2,2,2,2,2,1,1,1,2,1,1,2,2,1,1,1,1,2,2,1,1,2,2
5,1,1,1,2,1,2,1,2,1,1,1,2,1,1,1,1,1,1,1,1,1,1,1,1,1,1,1,2,1,2,1,2,1,2,1,2,1,2,1,1,1,1,2,2,1,1,1,2,1,1,1,1,2,2,1,2,1,2,1,1,1,1,1,2,1,1,2,2,1,2,1,2,1,2,2,2,2,2,2,2,2,2,1,1,2,2,1,1,2,2,1,1,1,1,2,2,2,2,2,2,2,2,1,1,2,2,2,2,2,2,1,1,1,2,2,2,1,1,1,1,2,2,2,2,1,1,2,2,1,1,2,2,1,1,1,1,2,2,1,1,2,2
6,1,1,1,2,1,2,1,2,1,2,1,1,1,1,1,1,1,1,1,1,1,1,1,1,1,1,1,2,1,2,1,2,1,1,1,1,2,2,1,1,1,1,2,2,1,1,2,2,1,1,1,1,2,2,1,1,1,1,1,1,1,1,2,2,1,1,2,2,2,2,2,2,2,2,2,2,2,2,2,2,2,2,1,1,2,2,1,1,2,2,1,1,1,1,2,2,1,1,2,2,1,2,1,1,2,2,1,2,2,2,1,2,1,2,2,2,1,1,1,1,2,2,2,2,1,1,2,2,1,1,2,2,1,1,1,1,2,2,1,1,2,2
6,1,1,1,2,1,1,1,2,1,1,1,2,1,1,1,2,1,1,1,1,1,2,1,1,1,2,1,2,1,1,1,2,1,2,1,1,1,2,1,1,1,1,2,2,1,1,1,1,1,1,1,1,2,2,2,2,1,1,1,1,1,1,2,2,1,1,1,2,2,2,2,2,2,2,2,2,2,2,2,2,2,2,1,1,2,2,1,1,2,2,1,1,1,2,2,2,1,1,2,2,2,2,1,1,2,2,1,2,2,2,1,2,1,1,2,2,1,1,1,2,1,2,2,2,1,1,2,2,1,1,2,2,1,1,1,1,2,2,1,1,2,2
6,1,1,1,2,1,2,1,2,1,1,1,1,1,1,1,2,1,2,1,1,1,1,1,2,1,2,1,2,1,1,1,2,1,1,1,1,1,2,1,1,1,1,2,2,1,1,2,2,1,1,1,1,2,2,1,2,1,1,1,1,1,1,2,2,1,1,2,2,1,1,1,2,1,2,2,2,1,2,2,2,2,2,1,1,2,2,1,1,2,2,2,2,1,2,1,2,1,1,2,2,1,2,1,1,2,2,1,2,2,2,1,2,1,1,2,2,1,1,2,2,1,2,2,2,1,1,2,2,1,1,2,2,1,1,1,2,2,2,1,1,1,2
6,1,1,1,2,1,2,2,2,1,1,1,1,-9,-9,-9,-9,1,1,1,1,1,1,1,1,1,1,1,2,1,1,1,1,1,1,1,1,1,1,1,2,-9,-9,-9,-9,-9,-9,-9,-9,-9,-9,-9,-9,-9,-9,-9,-9,-9,-9,-9,-9,-9,-9,-9,-9,-9,-9,-9,-9,-9,-9,-9,-9,-9,-9,-9,-9,-9,-9,-9,-9,-9,-9,-9,-9,-9,-9,-9,-9,-9,-9,-9,-9,-9,-9,-9,-9,-9,-9,-9,-9,-9,-9,-9,-9,-9,-9,-9,-9,-9,-9,-9,-9,-9,-9,-9,-9,-9,-9,-9,-9,-9,-9,-9,-9,-9,-9,-9,-9,-9,-9,-9,-9,-9,-9,-9,-9,-9,-9,-9,-9,-9,-9
6,1,1,1,2,1,1,2,2,1,1,1,2,1,1,1,1,1,1,1,1,1,1,1,1,1,1,1,2,1,2,1,1,-9,-9,-9,-9,-9,-9,2,2,1,1,2,2,1,1,2,2,1,2,1,2,2,2,1,2,1,1,1,1,1,1,2,2,1,1,2,2,2,2,1,1,1,1,2,2,2,2,2,2,2,2,1,1,2,2,1,1,2,2,2,2,2,2,1,2,1,1,1,2,2,2,1,1,2,2,2,2,2,2,1,1,1,1,2,2,1,1,1,1,2,2,2,2,1,1,1,2,1,1,1,2,2,2,1,2,2,2,1,1,2,2
6,1,2,1,2,1,1,1,2,1,1,1,2,1,1,1,1,1,2,1,2,1,1,1,2,1,1,1,2,1,2,1,2,1,2,1,2,1,1,1,2,1,1,2,2,1,1,2,2,1,1,1,1,2,2,1,1,1,1,1,1,1,1,1,2,1,1,2,2,1,2,2,2,2,2,1,2,2,2,2,2,2,2,1,1,2,2,1,1,2,2,1,2,1,2,2,2,1,1,2,2,2,2,1,1,2,2,1,2,2,2,1,1,1,1,2,2,1,1,1,2,2,2,2,2,1,2,1,2,1,1,2,2,1,1,1,1,2,2,1,1,2,2
6,1,1,1,2,1,1,1,1,1,1,1,2,1,1,1,2,1,1,1,1,1,1,1,1,1,1,1,2,1,2,1,2,1,2,1,1,1,1,1,1,-9,-9,-9,-9,-9,-9,-9,-9,-9,-9,-9,-9,-9,-9,-9,-9,-9,-9,-9,-9,-9,-9,-9,-9,-9,-9,-9,-9,-9,-9,-9,-9,-9,-9,-9,-9,-9,-9,-9,-9,-9,-9,-9,-9,-9,-9,-9,-9,-9,-9,-9,-9,-9,-9,-9,-9,-9,-9,-9,-9,-9,-9,-9,-9,-9,-9,-9,-9,-9,-9,-9,-9,-9,-9,-9,-9,-9,-9,-9,-9,-9,-9,-9,-9,-9,-9,-9,-9,-9,-9,-9,-9,-9,-9,-9,-9,-9,-9,-9,-9,-9,-9
6,1,1,1,2,1,1,1,2,1,1,1,2,1,1,1,1,1,1,1,1,1,2,1,1,2,2,1,2,1,1,1,1,1,2,1,1,1,2,1,1,1,1,2,2,1,1,2,2,1,1,1,1,2,2,1,1,1,1,1,1,1,1,2,2,1,1,1,2,2,2,1,2,1,2,2,2,2,2,1,2,2,2,1,1,2,2,1,2,2,2,1,1,1,1,2,2,1,2,2,2,2,2,1,1,2,2,2,2,2,2,1,1,1,1,2,2,1,1,1,1,2,2,2,2,1,1,1,2,1,1,2,2,1,2,1,1,2,2,1,1,2,2
6,1,1,1,2,1,1,1,2,1,2,1,2,1,1,1,1,1,2,1,2,1,1,1,2,1,2,1,2,1,1,1,1,1,1,1,1,1,2,1,1,1,1,2,2,1,1,2,2,1,1,1,1,2,2,1,2,1,1,1,1,1,1,2,2,1,1,2,2,2,2,2,2,2,2,2,2,2,2,2,2,2,2,1,1,2,2,1,1,2,2,2,2,1,2,2,2,1,1,2,2,2,2,1,1,2,2,1,1,2,2,1,2,1,1,2,2,1,1,1,1,2,2,2,2,1,1,2,2,1,1,2,2,1,1,1,1,2,2,1,1,2,2
6,1,1,1,2,1,1,1,2,1,1,1,2,1,1,1,2,1,1,1,1,1,2,1,1,1,2,1,2,1,2,1,2,1,2,1,1,1,2,1,1,1,1,2,2,1,1,1,1,1,1,1,1,2,2,2,2,1,1,1,1,1,1,2,2,1,1,1,2,2,2,2,2,2,2,2,2,2,2,2,2,1,2,1,1,2,2,1,1,2,2,1,1,1,2,2,2,1,1,2,2,2,2,1,1,2,2,1,2,2,2,1,2,1,1,2,2,1,1,1,2,2,2,2,2,1,1,1,2,1,1,2,2,1,2,1,1,2,2,1,1,2,2
7,1,1,1,2,1,1,1,1,1,1,1,2,1,1,1,2,1,2,1,2,1,2,1,1,1,2,1,2,1,1,1,2,1,2,1,2,1,1,2,2,1,1,2,2,1,1,1,2,1,1,1,1,2,2,1,2,1,1,1,1,1,1,1,2,1,1,2,2,2,2,2,2,2,2,2,2,2,2,2,2,2,2,1,1,2,2,1,1,2,2,1,2,1,1,2,2,1,2,2,2,2,2,1,1,2,2,2,2,2,2,1,1,1,2,2,2,1,1,1,2,2,2,2,2,1,1,1,2,1,1,2,2,1,2,1,1,1,2,1,1,2,2
7,1,1,1,2,1,1,1,1,1,1,1,2,1,1,1,1,1,1,1,1,1,2,1,1,1,2,1,2,1,2,1,2,-9,-9,-9,-9,-9,-9,1,2,1,1,2,2,1,1,2,2,1,1,1,2,2,2,1,1,1,1,1,1,1,1,2,2,1,1,1,2,2,2,1,1,1,2,2,2,2,2,2,2,2,2,1,1,1,2,1,1,2,2,1,1,1,1,2,2,1,1,2,2,2,2,1,1,2,2,1,2,2,2,1,1,1,1,2,2,1,1,2,2,2,2,2,2,1,1,2,2,1,1,2,2,1,1,1,1,2,2,1,1,2,2
7,-9,-9,-9,-9,-9,-9,-9,-9,-9,-9,-9,-9,-9,-9,-9,-9,-9,-9,-9,-9,-9,-9,-9,-9,-9,-9,-9,-9,-9,-9,-9,-9,-9,-9,-9,-9,-9,-9,-9,-9,-9,-9,-9,-9,-9,-9,-9,-9,-9,-9,-9,-9,-9,-9,-9,-9,-9,-9,-9,-9,-9,-9,-9,-9,-9,-9,-9,-9,-9,-9,-9,-9,-9,-9,-9,-9,-9,-9,-9,-9,-9,-9,-9,-9,-9,-9,-9,-9,-9,-9,-9,-9,-9,-9,-9,-9,-9,-9,-9,-9,-9,-9,-9,-9,-9,-9,-9,-9,-9,-9,-9,-9,-9,-9,-9,-9,-9,-9,-9,-9,-9,-9,-9,-9,-9,-9,-9,-9,-9,-9,-9,-9,-9,-9,-9,-9,-9,-9,-9,-9,-9,-9
7,1,1,1,2,1,1,1,1,1,1,1,1,1,1,1,1,2,2,2,2,1,1,1,1,1,1,1,1,1,1,1,1,1,1,2,2,1,1,1,1,1,1,2,2,1,1,2,2,1,2,1,2,2,2,1,2,1,1,1,1,1,1,1,2,1,1,1,2,2,2,1,2,1,2,2,2,2,2,1,1,1,1,2,2,2,2,2,2,1,2,1,1,1,1,2,2,1,1,2,2,2,2,1,1,2,2,2,2,2,2,1,1,1,2,2,2,1,1,1,2,2,2,2,2,1,1,1,2,1,1,2,2,1,2,1,1,2,2,1,1,2,2
7,1,2,1,2,1,1,1,2,1,1,1,1,1,1,1,1,1,2,1,2,1,1,1,2,1,1,1,2,1,2,1,2,1,1,1,1,1,1,1,1,1,1,2,2,1,1,2,2,2,2,2,2,2,2,2,2,1,2,1,1,1,1,1,1,1,1,1,2,2,2,1,1,1,2,2,2,2,2,1,2,1,2,1,2,2,2,1,2,2,2,1,1,1,1,2,2,1,1,2,2,2,2,1,1,2,2,1,2,2,2,1,1,1,1,2,2,1,1,1,1,2,2,2,2,1,1,1,1,1,1,2,2,2,2,1,1,2,2,1,1,2,2
7,1,1,1,2,1,1,1,1,1,1,1,1,1,1,1,1,1,2,2,2,1,2,1,1,1,2,1,2,1,1,1,1,1,1,1,2,2,2,2,2,1,1,2,2,1,1,2,2,1,1,1,1,2,2,1,1,1,1,1,1,1,2,1,1,1,1,2,2,2,2,2,2,2,2,2,2,2,2,2,2,2,2,1,1,2,2,1,1,2,2,1,1,1,1,2,2,1,1,2,2,2,2,1,1,2,2,2,2,2,2,1,1,1,1,1,1,1,1,2,2,2,2,1,2,1,1,2,2,1,1,2,2,1,1,1,2,2,2,1,1,2,2
7,1,1,1,2,1,1,1,1,1,1,1,2,1,1,1,1,1,2,2,2,1,1,1,1,-9,-9,1,2,1,1,1,1,1,1,1,1,2,2,1,1,1,1,2,2,1,1,2,2,1,1,1,1,2,2,1,1,1,1,1,1,1,1,2,2,1,1,1,2,2,2,1,2,1,2,2,2,2,2,1,2,1,2,1,2,2,2,1,1,2,2,1,2,1,2,1,2,1,1,2,2,2,2,1,1,2,2,2,2,2,2,1,1,1,1,1,1,1,1,2,2,2,2,1,1,1,1,2,2,1,1,2,2,1,1,2,2,2,2,1,1,2,2
7,1,1,1,2,1,1,2,2,1,1,1,2,1,1,1,2,1,1,1,1,1,1,1,1,1,2,1,2,1,2,1,1,1,2,1,2,1,2,1,1,-9,-9,-9,-9,-9,-9,-9,-9,-9,-9,-9,-9,-9,-9,-9,-9,-9,-9,-9,-9,-9,-9,-9,-9,-9,-9,-9,-9,-9,-9,-9,-9,-9,-9,-9,-9,-9,-9,-9,-9,-9,-9,-9,-9,-9,-9,-9,-9,-9,-9,-9,-9,-9,-9,-9,-9,-9,-9,-9,-9,-9,-9,-9,-9,-9,-9,-9,-9,-9,-9,-9,-9,-9,-9,-9,-9,-9,-9,-9,-9,-9,-9,-9,-9,-9,-9,-9,-9,-9,-9,-9,-9,-9,-9,-9,-9,-9,-9,-9,-9,-9,-9
7,1,1,1,2,1,2,2,2,1,1,1,1,1,1,1,2,1,2,1,2,1,1,1,2,1,2,1,2,1,2,1,1,1,1,1,1,1,1,2,2,1,1,2,2,1,1,2,2,1,1,1,2,2,2,1,1,1,1,1,2,1,1,1,2,1,1,2,2,2,2,1,2,2,2,1,2,2,2,2,2,2,2,1,1,2,2,1,1,2,2,1,1,1,1,2,2,1,2,2,2,2,2,1,1,2,2,2,2,2,2,1,1,1,1,2,2,1,1,1,2,2,2,2,2,1,1,1,2,1,1,2,2,1,2,1,1,2,2,1,1,2,2
7,1,1,1,2,2,2,2,2,1,1,1,1,1,1,1,1,1,2,2,2,1,2,1,1,1,1,1,1,1,1,1,2,1,1,1,1,1,2,2,2,1,1,2,2,1,1,2,2,1,1,1,1,2,2,1,1,1,2,1,1,1,1,1,2,1,1,1,2,2,2,1,2,1,2,2,2,2,2,2,2,2,2,1,1,2,2,1,1,2,2,1,1,1,1,2,2,1,2,2,2,2,2,1,1,2,2,1,2,2,2,1,1,1,1,2,2,1,1,2,2,2,2,2,2,1,1,2,2,1,1,2,2,1,1,1,1,2,2,1,1,2,2
8,1,1,1,2,1,1,1,2,1,1,1,2,1,1,1,2,1,1,1,1,1,1,1,1,1,1,1,2,1,2,1,2,1,2,1,2,1,2,2,2,1,1,2,2,1,1,2,2,1,1,1,1,2,2,1,1,1,1,1,1,1,1,1,2,1,1,2,2,2,2,1,2,1,2,2,2,2,2,2,2,2,2,1,1,2,2,1,1,2,2,1,2,1,2,2,2,1,2,2,2,2,2,1,1,2,2,2,2,2,2,1,1,1,1,2,2,1,1,1,2,2,2,2,2,1,1,1,2,1,1,2,2,1,2,1,1,2,2,1,2,2,2
8,1,1,1,2,1,2,2,2,1,1,1,1,1,2,1,2,1,1,1,1,1,1,1,1,1,1,1,2,1,2,1,1,-9,-9,-9,-9,-9,-9,2,2,1,1,2,2,1,1,2,2,1,1,1,1,2,2,1,2,1,2,1,1,1,1,1,1,1,1,1,2,2,2,1,2,1,2,2,2,2,2,1,2,2,2,1,1,2,2,1,1,2,2,1,2,1,1,2,2,1,1,1,2,1,2,2,2,1,2,2,2,1,2,1,2,1,1,1,1,1,1,2,2,2,2,1,1,1,1,2,2,1,1,2,2,1,1,2,2,2,2,1,1,2,2
8,1,1,1,2,1,2,1,2,1,1,1,2,1,1,1,2,1,1,1,1,1,2,1,1,1,2,1,2,1,2,1,1,1,1,1,1,1,1,1,1,1,1,2,2,1,1,2,2,1,1,1,1,2,2,1,1,1,1,1,1,1,1,1,2,1,1,2,2,1,2,1,2,1,2,2,2,1,2,1,2,2,2,1,1,1,2,1,1,2,2,1,1,1,1,1,1,2,2,1,1,1,2,1,1,1,1,1,1,1,1,1,2,1,1,2,2,1,1,1,2,2,2,2,2,1,1,2,2,1,1,2,2,1,1,1,1,1,2,1,1,2,2
8,1,1,1,1,1,2,2,2,1,1,1,2,1,1,1,2,1,2,1,2,1,1,1,2,1,1,2,2,1,2,1,2,1,2,1,1,1,2,1,1,1,1,1,2,1,1,2,2,1,1,1,1,2,2,1,2,1,1,1,1,1,1,2,2,1,2,2,2,2,2,1,1,1,2,1,1,2,2,2,2,2,2,1,1,2,2,1,1,2,2,1,2,1,2,1,2,2,2,2,2,1,2,1,2,2,2,1,2,1,2,2,2,1,1,2,2,1,1,1,1,2,2,2,2,1,1,2,2,1,1,1,2,1,2,1,2,2,2,1,1,2,2
8,-9,-9,-9,-9,-9,-9,-9,-9,-9,-9,-9,-9,-9,-9,-9,-9,-9,-9,-9,-9,-9,-9,-9,-9,-9,-9,-9,-9,-9,-9,-9,-9,-9,-9,-9,-9,-9,-9,-9,-9,-9,-9,-9,-9,-9,-9,-9,-9,-9,-9,-9,-9,-9,-9,-9,-9,-9,-9,-9,-9,-9,-9,-9,-9,-9,-9,-9,-9,-9,-9,-9,-9,-9,-9,-9,-9,-9,-9,-9,-9,-9,-9,-9,-9,-9,-9,-9,-9,-9,-9,-9,-9,-9,-9,-9,-9,-9,-9,-9,-9,-9,-9,-9,-9,-9,-9,-9,-9,-9,-9,-9,-9,-9,-9,-9,-9,-9,-9,-9,-9,-9,-9,-9,-9,-9,-9,-9,-9,-9,-9,-9,-9,-9,-9,-9,-9,-9,-9,-9,-9,-9,-9
8,1,2,1,2,1,1,1,1,1,1,1,2,1,1,1,2,1,2,1,1,1,2,1,2,1,2,1,2,1,2,1,2,1,2,1,1,1,1,1,2,1,1,2,2,1,1,2,2,1,1,1,1,2,2,1,1,1,1,1,1,1,1,2,2,1,1,2,2,1,2,1,1,1,2,2,2,1,2,2,2,2,2,1,2,2,2,1,1,2,2,1,1,1,1,2,2,2,2,1,1,1,2,2,2,2,2,1,1,1,1,1,2,1,1,2,2,1,1,2,2,1,2,2,2,1,1,2,2,1,1,2,2,1,1,1,2,2,2,1,1,1,2
8,1,1,1,2,1,2,1,2,1,1,-9,-9,1,1,1,1,1,2,1,1,1,1,1,2,1,2,1,2,1,2,1,2,1,1,1,2,1,2,2,2,1,1,1,2,1,1,2,2,1,2,1,1,2,2,1,2,1,1,1,1,1,1,2,2,1,1,1,2,2,2,1,2,1,2,2,2,2,2,2,2,2,2,1,1,2,2,1,1,2,2,1,2,1,1,1,2,1,2,2,2,1,1,1,2,1,2,2,2,1,2,1,1,1,1,2,2,1,1,1,2,2,2,2,2,1,1,2,2,1,1,2,2,1,1,1,1,2,2,1,1,2,2
8,1,1,1,2,1,1,2,2,1,1,1,1,1,1,1,2,2,2,2,2,1,1,1,1,1,1,1,1,1,1,1,1,1,2,1,2,1,2,1,1,1,1,2,2,1,1,2,2,1,1,1,1,2,2,1,1,1,1,1,1,1,1,2,2,1,1,1,2,1,2,1,1,1,2,2,2,2,2,2,2,2,2,1,1,2,2,1,1,2,2,1,1,1,1,1,2,1,2,1,2,1,2,1,1,1,2,1,2,1,2,1,1,1,1,2,2,1,2,2,2,1,2,2,2,1,1,2,2,1,1,2,2,1,1,1,2,2,2,1,1,1,2
8,1,1,1,2,1,1,1,1,1,1,1,2,1,1,1,1,1,2,1,2,1,2,1,1,1,2,1,2,1,1,1,1,-9,-9,-9,-9,-9,-9,1,1,1,1,2,2,1,1,2,2,1,1,1,1,2,2,1,1,1,1,1,1,1,1,1,2,1,1,2,2,2,2,2,2,2,2,2,2,2,2,2,2,2,2,1,1,2,2,1,1,2,2,1,2,2,2,2,2,2,2,1,1,2,2,1,2,1,2,1,2,1,2,1,2,1,1,2,2,1,1,1,2,2,2,2,2,1,1,1,2,1,1,2,2,1,2,1,1,2,2,1,1,2,2
8,1,1,1,2,1,2,1,2,1,1,1,2,-9,-9,-9,-9,1,2,2,2,1,2,1,1,-9,-9,-9,-9,1,1,1,1,1,1,1,2,1,2,2,2,-9,-9,-9,-9,-9,-9,-9,-9,-9,-9,-9,-9,-9,-9,-9,-9,-9,-9,-9,-9,-9,-9,-9,-9,-9,-9,-9,-9,-9,-9,-9,-9,-9,-9,-9,-9,-9,-9,-9,-9,-9,-9,-9,-9,-9,-9,-9,-9,-9,-9,-9,-9,-9,-9,-9,-9,-9,-9,-9,-9,-9,-9,-9,-9,-9,-9,-9,-9,-9,-9,-9,-9,-9,-9,-9,-9,-9,-9,-9,-9,-9,-9,-9,-9,-9,-9,-9,-9,-9,-9,-9,-9,-9,-9,-9,-9,-9,-9,-9,-9,-9,-9
9,1,1,1,2,1,1,1,2,1,1,1,1,1,1,1,1,1,2,1,2,1,2,1,1,1,2,1,2,1,1,1,1,1,2,1,1,1,2,1,1,1,1,2,2,1,1,2,2,1,2,1,1,2,2,1,1,1,1,1,1,1,1,2,2,1,1,2,2,1,1,2,2,1,1,2,2,2,2,2,2,2,2,1,1,2,2,1,1,2,2,1,1,1,2,1,1,1,1,2,2,1,2,1,2,2,2,1,1,1,2,1,1,1,1,1,1,1,1,2,2,2,2,1,1,1,1,2,2,1,1,2,2,1,1,2,2,2,2,1,1,2,2
9,1,1,1,2,1,2,1,2,1,1,1,1,1,1,1,1,1,1,1,1,1,1,1,1,1,1,1,2,1,2,1,2,1,1,1,2,1,1,1,2,1,1,2,2,1,1,2,2,1,1,1,1,2,2,1,1,1,1,1,1,1,1,1,1,1,1,1,2,2,2,1,2,2,2,2,2,2,2,2,2,2,2,1,1,2,2,1,1,2,2,1,1,1,1,2,2,1,1,2,2,1,2,1,1,2,2,1,2,2,2,1,1,1,1,2,2,1,1,1,2,2,2,1,2,1,1,1,1,1,1,1,2,1,2,1,1,2,2,1,1,2,2
9,1,1,1,2,1,2,1,2,1,1,1,2,2,2,1,2,1,2,1,2,1,2,1,1,1,2,1,2,1,2,1,2,-9,-9,-9,-9,-9,-9,1,2,1,1,2,2,1,1,2,2,1,1,1,1,2,2,1,1,1,1,1,1,1,2,2,2,1,1,2,2,2,2,2,2,2,2,2,2,2,2,2,2,2,2,1,1,2,2,1,1,2,2,1,1,1,1,1,2,1,1,2,2,1,2,1,1,2,2,2,2,2,2,1,1,1,1,1,1,1,1,2,2,2,2,1,1,1,1,2,2,1,1,2,2,1,1,2,2,2,2,1,1,2,2
9,1,1,1,2,1,1,1,1,1,1,1,1,1,1,1,1,1,1,1,1,1,1,1,1,1,2,1,2,1,1,1,1,1,1,1,1,1,1,1,2,1,1,2,2,1,1,2,2,1,1,1,1,2,2,1,1,1,2,1,2,1,1,1,2,1,1,1,2,2,2,1,1,1,2,1,2,2,2,2,2,2,2,1,1,2,2,1,1,2,2,1,1,1,1,1,2,1,1,2,2,1,2,1,1,2,2,1,2,2,2,1,1,1,1,2,2,1,1,1,2,2,2,2,2,1,1,2,2,1,1,2,2,1,1,1,1,2,2,1,1,2,2
9,1,1,1,2,1,1,1,1,1,1,1,2,1,1,1,1,1,2,2,2,1,1,1,1,1,1,1,2,1,1,1,1,1,1,1,1,1,2,1,1,1,1,2,2,1,1,2,2,1,1,1,1,2,2,1,1,1,2,1,1,1,1,1,2,1,1,1,2,2,2,1,2,1,2,2,2,2,2,1,1,1,1,2,2,2,2,2,2,1,2,1,1,1,1,2,2,1,1,2,2,1,1,1,1,2,2,2,2,2,2,1,1,1,1,2,2,1,1,1,2,2,2,2,2,1,1,1,2,1,1,2,2,1,2,1,1,1,2,1,1,2,2
9,1,1,1,2,1,1,1,2,1,1,1,2,1,1,1,2,1,2,2,2,1,1,1,1,1,1,1,2,1,1,1,1,1,2,1,1,1,1,1,1,-9,-9,-9,-9,-9,-9,-9,-9,-9,-9,-9,-9,-9,-9,-9,-9,-9,-9,-9,-9,-9,-9,-9,-9,-9,-9,-9,-9,-9,-9,-9,-9,-9,-9,-9,-9,-9,-9,-9,-9,-9,-9,-9,-9,-9,-9,-9,-9,-9,-9,-9,-9,-9,-9,-9,-9,-9,-9,-9,-9,-9,-9,-9,-9,-9,-9,-9,-9,-9,-9,-9,-9,-9,-9,-9,-9,-9,-9,-9,-9,-9,-9,-9,-9,-9,-9,-9,-9,-9,-9,-9,-9,-9,-9,-9,-9,-9,-9,-9,-9,-9,-9
9,1,1,1,2,1,2,1,2,1,1,1,2,1,1,1,2,1,2,1,1,1,2,1,2,1,2,1,2,1,2,1,2,1,2,2,2,1,1,1,2,1,1,2,2,1,1,2,2,1,1,1,1,2,2,1,1,1,2,1,1,1,1,1,1,1,1,1,2,2,2,1,1,1,2,2,2,2,2,1,1,1,2,1,2,2,2,1,2,1,2,1,1,1,1,2,2,1,1,2,2,1,1,1,1,2,2,1,2,2,2,1,1,1,1,2,2,1,1,1,1,2,2,2,2,1,1,1,1,1,1,2,2,1,2,1,1,2,2,1,1,2,2
9,-9,-9,-9,-9,-9,-9,-9,-9,-9,-9,1,1,1,1,1,1,1,2,1,1,1,2,1,2,1,2,1,2,1,2,1,2,1,1,1,1,1,2,1,1,1,1,2,2,1,1,2,2,1,1,1,1,2,2,1,1,1,1,1,1,1,1,2,2,1,1,2,2,2,2,1,2,2,2,1,2,2,2,1,2,1,1,1,1,2,2,1,2,1,2,1,1,1,1,1,2,1,1,2,2,1,1,1,1,2,2,2,2,2,2,1,1,1,1,2,2,1,1,1,2,2,2,2,2,1,1,1,2,1,1,2,2,1,2,1,1,2,2,1,1,2,2
9,1,1,1,2,1,1,1,2,1,1,1,1,1,1,1,1,1,1,1,1,1,1,1,1,1,1,1,2,1,2,1,2,2,2,1,2,1,1,1,1,1,1,2,2,1,1,2,2,1,1,1,1,2,2,1,1,1,1,1,1,1,1,2,2,1,2,2,2,2,2,1,2,1,2,1,2,2,2,2,2,2,2,1,1,2,2,1,1,2,2,1,1,1,1,1,2,1,1,2,2,1,2,1,1,2,2,2,2,2,2,1,1,1,1,2,2,1,1,1,1,2,2,2,2,1,1,2,2,1,1,2,2,1,1,1,1,1,2,1,1,2,2
9,1,2,1,2,1,2,2,2,1,1,1,2,1,1,1,1,1,2,1,1,1,1,2,2,1,1,1,2,1,2,1,2,1,1,1,2,1,1,2,2,-9,-9,-9,-9,-9,-9,-9,-9,-9,-9,-9,-9,-9,-9,-9,-9,-9,-9,-9,-9,-9,-9,-9,-9,-9,-9,-9,-9,-9,-9,-9,-9,-9,-9,-9,-9,-9,-9,-9,-9,-9,-9,-9,-9,-9,-9,-9,-9,-9,-9,-9,-9,-9,-9,-9,-9,-9,-9,-9,-9,-9,-9,-9,-9,-9,-9,-9,-9,-9,-9,-9,-9,-9,-9,-9,-9,-9,-9,-9,-9,-9,-9,-9,-9,-9,-9,-9,-9,-9,-9,-9,-9,-9,-9,-9,-9,-9,-9,-9,-9,-9,-9
10,1,2,1,1,1,1,1,2,1,1,1,2,1,1,1,1,1,1,1,1,2,2,1,1,1,2,1,1,1,1,1,2,1,2,1,1,1,1,2,2,1,1,2,2,1,1,2,2,2,2,2,2,2,2,2,2,1,1,1,1,1,1,2,2,1,1,2,2,2,2,1,2,2,2,2,2,2,2,2,2,2,2,1,1,2,2,1,1,2,2,1,1,1,1,1,2,1,1,2,2,1,1,1,1,2,2,2,2,2,2,1,1,1,1,2,2,1,1,2,2,2,2,2,2,1,1,2,2,1,1,2,2,1,2,1,1,1,2,1,1,2,2
10,1,1,1,2,1,1,1,2,1,1,1,1,1,1,1,2,1,2,2,2,1,2,1,1,1,2,1,2,1,1,1,1,1,1,1,2,1,2,1,1,1,1,2,2,1,1,2,2,1,1,1,1,2,2,1,1,1,1,1,1,1,1,2,2,1,1,2,2,2,2,1,2,2,2,1,2,2,2,2,2,2,2,1,1,2,2,1,1,2,2,1,1,1,1,1,2,2,2,1,2,2,2,2,2,1,2,2,2,1,2,2,2,1,2,1,2,1,2,1,2,1,2,2,2,1,2,1,1,1,2,2,2,1,1,2,2,1,1,2,2,1,1
10,1,1,1,2,1,1,1,2,1,2,1,1,1,1,1,1,1,2,1,2,1,1,1,2,-9,-9,1,2,1,2,1,1,1,1,1,2,1,1,2,2,1,1,2,2,1,1,2,2,1,1,1,2,2,2,1,1,1,1,1,1,1,1,2,2,1,2,2,2,2,2,1,2,2,2,2,2,2,2,2,2,2,2,1,1,2,2,1,1,2,2,1,1,1,1,1,2,1,1,1,2,2,2,1,2,2,2,2,2,1,1,1,2,2,2,2,2,1,2,1,2,1,2,2,2,1,2,1,1,1,1,1,2,1,2,1,2,1,2,1,1,1,2
10,1,1,1,2,1,1,1,1,1,1,1,1,1,1,1,1,1,2,2,2,1,1,1,1,1,1,1,2,1,2,1,2,1,1,1,1,2,2,1,1,-9,-9,-9,-9,-9,-9,-9,-9,-9,-9,-9,-9,-9,-9,-9,-9,-9,-9,-9,-9,-9,-9,-9,-9,-9,-9,-9,-9,-9,-9,-9,-9,-9,-9,-9,-9,-9,-9,-9,-9,-9,-9,-9,-9,-9,-9,-9,-9,-9,-9,-9,-9,-9,-9,-9,-9,-9,-9,-9,-9,-9,-9,-9,-9,-9,-9,-9,-9,-9,-9,-9,-9,-9,-9,-9,-9,-9,-9,-9,-9,-9,-9,-9,-9,-9,-9,-9,-9,-9,-9,-9,-9,-9,-9,-9,-9,-9,-9,-9,-9,-9,-9
10,-9,-9,-9,-9,-9,-9,-9,-9,-9,-9,-9,-9,-9,-9,-9,-9,-9,-9,-9,-9,-9,-9,-9,-9,-9,-9,-9,-9,-9,-9,-9,-9,-9,-9,-9,-9,-9,-9,-9,-9,1,1,2,2,1,1,2,2,1,2,2,2,2,2,1,1,1,1,1,1,1,1,2,2,1,2,2,2,2,2,1,2,1,2,1,2,2,2,2,2,2,2,1,1,2,2,1,1,2,2,1,1,1,2,2,2,1,2,2,2,1,1,1,2,1,2,1,2,1,1,1,1,1,1,1,2,2,2,1,2,1,1,1,2,1,2,2,2,1,1,1,1,1,1,2,2,1,2,2,2,1,2
10,-9,-9,-9,-9,-9,-9,-9,-9,-9,-9,-9,-9,-9,-9,-9,-9,-9,-9,-9,-9,-9,-9,-9,-9,-9,-9,-9,-9,-9,-9,-9,-9,-9,-9,-9,-9,-9,-9,-9,-9,1,1,2,2,1,1,2,2,1,1,1,1,2,2,1,1,1,1,1,1,1,1,2,2,1,1,2,2,2,2,2,2,2,2,1,1,2,2,2,2,2,2,1,1,2,2,1,1,2,2,2,2,1,1,1,2,2,2,1,1,1,1,1,2,2,2,1,1,1,1,1,2,2,2,1,2,1,2,2,2,2,2,1,1,2,2,1,2,2,2,1,2,1,1,1,2,1,2,1,2,1,2
10,1,1,1,2,1,1,1,1,1,1,1,1,1,1,1,2,1,1,1,1,1,1,1,1,1,1,1,2,1,2,1,2,1,1,1,1,2,2,1,1,2,2,2,2,1,1,2,2,1,2,1,1,2,2,1,1,1,1,1,1,1,1,2,2,1,1,2,2,2,2,1,2,1,2,2,2,2,2,2,2,2,2,1,1,2,2,1,1,2,2,1,2,1,2,1,2,2,2,1,2,1,2,1,2,2,2,2,2,2,2,1,2,2,2,1,2,1,2,2,2,2,2,1,2,1,2,1,2,2,2,1,2,1,2,1,2,1,2,2,2,2,2
10,1,1,1,2,1,2,1,2,1,1,1,2,2,2,1,2,2,2,2,2,1,1,1,1,1,1,1,2,1,2,1,2,1,1,1,2,1,1,1,1,1,1,2,2,1,1,2,2,1,1,1,1,2,2,1,1,1,1,1,1,1,1,2,2,1,2,2,2,2,2,2,2,2,2,1,2,2,2,2,2,2,2,1,1,2,2,1,1,2,2,1,1,1,1,2,2,1,2,2,2,1,2,1,2,1,2,1,2,1,1,1,1,1,1,1,1,1,1,1,1,1,1,1,1,1,2,1,1,1,2,1,2,1,1,1,2,1,1,2,2,2,2
10,1,1,1,2,1,1,1,1,1,1,1,2,1,1,1,2,2,2,1,2,1,1,1,2,1,1,1,2,1,1,1,1,1,1,1,1,2,2,2,2,2,2,2,2,1,1,2,2,1,1,1,1,2,2,1,1,1,1,1,1,1,1,2,2,1,1,2,2,2,2,2,2,2,2,1,2,2,2,2,2,2,2,1,1,2,2,1,1,2,2,1,2,1,2,1,2,2,2,2,2,1,2,1,2,2,2,1,2,1,2,2,2,1,1,1,1,1,2,1,2,1,1,1,1,1,2,1,1,1,2,1,2,1,1,2,2,1,2,2,2,2,2
10,1,1,1,1,2,2,2,2,1,1,1,2,1,1,1,1,1,1,1,1,1,1,1,1,1,1,1,2,1,2,1,2,1,1,1,2,1,1,1,1,1,1,2,2,1,1,2,2,1,1,1,1,2,2,1,2,1,1,1,1,1,1,2,2,2,2,2,2,2,2,1,1,2,2,1,1,2,2,2,2,2,2,1,1,2,2,1,1,2,2,1,2,1,2,1,2,1,2,1,2,2,2,1,2,1,2,1,1,1,1,2,2,1,2,1,1,1,1,1,2,1,1,2,2,1,2,1,2,2,2,2,2,1,2,2,2,1,2,1,2,1,2
11,1,1,1,2,1,1,2,2,1,1,1,2,1,2,1,2,1,2,1,2,1,1,1,2,1,2,1,2,1,1,1,1,1,2,1,1,1,1,1,1,1,1,2,2,1,1,2,2,1,1,1,1,2,2,1,1,1,1,1,1,1,1,2,2,1,1,2,2,2,2,2,2,2,2,2,2,2,2,2,2,2,2,1,1,2,2,1,1,2,2,1,1,1,2,1,1,2,2,2,2,1,2,1,2,1,1,1,2,1,1,1,2,1,1,1,2,1,2,2,2,2,2,2,2,2,2,1,2,1,2,2,2,2,2,1,2,1,2,1,2,1,2
11,1,1,1,2,1,1,1,1,1,1,1,1,1,1,1,1,1,2,1,1,1,2,1,2,1,2,2,2,1,1,1,2,1,1,1,1,2,2,1,1,1,1,2,2,1,1,2,2,1,1,1,1,2,2,1,1,1,1,1,1,1,1,2,2,1,1,2,2,2,2,2,2,2,2,2,2,2,2,2,2,2,2,1,1,2,2,1,1,2,2,2,2,1,2,1,2,2,2,1,1,1,2,1,2,1,1,2,2,2,2,1,1,1,1,1,2,1,1,1,2,1,2,1,1,2,2,1,1,1,2,1,2,1,2,2,2,2,2,1,1,2,2
11,1,1,1,2,1,2,1,2,1,1,1,1,1,1,1,1,1,2,2,2,1,1,1,1,1,1,1,2,1,1,1,1,1,2,1,1,1,2,1,1,1,1,2,2,1,1,2,2,1,1,1,1,2,2,1,1,1,1,1,1,1,1,2,2,1,1,2,2,2,2,2,2,2,2,2,2,2,2,2,2,2,2,1,1,2,2,1,1,2,2,2,2,1,2,1,2,1,1,1,1,1,1,2,2,1,1,2,2,2,2,1,1,1,1,1,2,1,1,1,1,1,1,2,2,1,2,2,2,1,2,2,2,1,2,1,1,1,2,1,2,1,1
11,1,1,1,2,1,1,1,1,1,1,1,1,1,1,1,1,1,2,2,2,1,2,1,1,1,1,1,1,1,1,1,2,1,1,1,1,1,2,1,1,1,1,2,2,1,1,2,2,1,1,1,1,2,2,1,1,1,1,1,1,1,1,2,2,1,1,2,2,2,2,2,2,2,2,2,2,2,2,2,2,2,2,1,1,2,2,1,1,2,2,1,1,2,2,1,2,1,1,1,2,1,2,2,2,2,2,2,2,2,2,1,1,1,1,1,2,1,2,1,2,1,2,1,2,1,1,1,2,2,2,1,2,2,2,1,2,1,1,1,2,1,2
11,1,2,1,2,1,1,1,1,1,1,1,2,1,1,1,1,1,2,2,2,1,2,1,1,1,2,1,2,1,1,1,1,1,2,1,2,1,2,1,1,1,1,2,2,1,1,2,2,1,1,1,1,2,2,1,1,1,1,1,1,1,1,2,2,1,1,2,2,2,2,2,2,2,2,2,2,2,2,2,2,2,2,1,1,2,2,1,1,2,2,2,2,1,2,1,1,1,2,1,2,2,2,1,2,1,1,2,2,2,2,1,1,1,1,1,2,1,1,1,2,1,2,2,2,1,2,1,2,1,2,2,2,2,2,2,2,1,1,1,2,1,2
11,1,1,1,2,1,1,1,2,1,1,1,1,1,1,1,1,1,2,2,2,1,2,1,1,1,2,1,2,1,1,1,1,1,1,2,2,1,1,1,1,1,1,2,2,1,1,2,2,1,1,1,1,2,2,1,1,1,1,1,1,1,1,2,2,1,1,2,2,2,2,2,2,2,2,2,2,2,2,2,2,2,2,1,1,2,2,1,1,2,2,1,2,1,2,1,2,1,1,1,2,1,2,1,1,1,1,2,2,2,2,1,1,1,1,1,2,1,2,1,2,1,1,2,2,1,2,1,2,1,1,1,2,1,2,1,2,2,2,1,2,1,1
11,-9,-9,-9,-9,-9,-9,-9,-9,-9,-9,-9,-9,-9,-9,-9,-9,-9,-9,-9,-9,-9,-9,-9,-9,-9,-9,-9,-9,-9,-9,-9,-9,-9,-9,-9,-9,-9,-9,-9,-9,-9,-9,-9,-9,-9,-9,-9,-9,-9,-9,-9,-9,-9,-9,-9,-9,-9,-9,-9,-9,-9,-9,-9,-9,-9,-9,-9,-9,-9,-9,-9,-9,-9,-9,-9,-9,-9,-9,-9,-9,-9,-9,-9,-9,-9,-9,-9,-9,-9,-9,-9,-9,-9,-9,-9,-9,-9,-9,-9,-9,-9,-9,-9,-9,-9,-9,-9,-9,-9,-9,-9,-9,-9,-9,-9,-9,-9,-9,-9,-9,-9,-9,-9,-9,-9,-9,-9,-9,-9,-9,-9,-9,-9,-9,-9,-9,-9,-9,-9,-9,-9,-9
11,1,1,1,2,1,1,1,1,1,1,1,2,1,1,1,1,1,2,2,2,1,2,1,1,1,1,2,2,1,1,1,2,1,1,1,1,1,1,2,2,-9,-9,-9,-9,-9,-9,-9,-9,-9,-9,-9,-9,-9,-9,-9,-9,-9,-9,-9,-9,-9,-9,-9,-9,-9,-9,-9,-9,-9,-9,-9,-9,-9,-9,-9,-9,-9,-9,-9,-9,-9,-9,-9,-9,-9,-9,-9,-9,-9,-9,-9,-9,-9,-9,-9,-9,-9,-9,-9,-9,-9,-9,-9,-9,-9,-9,-9,-9,-9,-9,-9,-9,-9,-9,-9,-9,-9,-9,-9,-9,-9,-9,-9,-9,-9,-9,-9,-9,-9,-9,-9,-9,-9,-9,-9,-9,-9,-9,-9,-9,-9,-9
11,1,1,1,2,1,1,1,1,1,1,1,2,1,1,1,1,1,2,2,2,1,1,1,1,1,2,1,2,1,1,1,1,1,1,1,1,2,2,1,1,1,1,2,2,1,1,1,1,1,1,1,1,2,2,2,2,1,1,1,1,1,1,2,2,1,1,2,2,2,2,2,2,2,2,2,2,2,2,2,2,2,2,1,1,2,2,1,1,2,2,1,1,1,2,1,1,2,2,1,2,1,2,1,2,1,2,2,2,2,2,1,1,1,1,1,1,1,2,2,2,1,2,1,1,1,2,1,2,1,1,1,2,1,2,1,2,2,2,1,1,2,2
11,1,1,1,1,1,2,2,2,1,1,1,1,1,1,1,1,2,2,2,2,1,1,1,1,1,1,1,2,1,1,1,1,1,2,1,2,1,1,1,1,1,1,1,2,1,1,2,2,1,1,1,1,2,2,1,2,1,1,1,1,1,1,2,2,1,1,2,2,2,2,2,2,2,2,2,2,2,2,2,2,2,2,1,1,2,2,1,1,2,2,2,2,2,2,1,2,1,2,1,2,1,2,2,2,1,2,2,2,2,2,1,1,1,1,1,2,1,2,2,2,2,2,1,1,1,1,1,2,1,1,1,2,1,1,2,2,1,2,1,2,1,2
12,-9,-9,1,2,-9,-9,-9,-9,1,1,1,1,1,1,1,1,2,2,2,2,2,2,1,1,1,1,1,2,1,1,1,2,-9,-9,-9,-9,-9,-9,1,1,1,1,2,2,1,1,1,2,1,1,1,1,2,2,1,1,1,1,1,1,1,1,2,2,1,1,1,2,2,2,2,2,2,2,2,2,2,2,2,2,2,2,1,1,2,2,1,1,2,2,1,1,1,1,2,2,2,2,1,2,1,2,1,2,1,2,2,2,2,2,1,1,1,1,2,2,1,2,1,1,2,2,1,2,1,2,1,2,1,1,1,1,1,2,1,1,2,2,1,2,2,2
12,1,1,1,1,1,1,2,2,1,1,1,1,1,1,1,1,1,2,2,2,1,1,1,2,1,2,1,2,1,1,1,2,1,1,2,2,1,1,2,2,1,1,2,2,1,1,2,2,1,1,1,1,2,2,1,1,1,1,1,1,1,1,2,2,1,1,2,2,1,2,1,2,2,2,2,2,2,2,2,2,2,2,1,1,2,2,1,1,2,2,1,2,1,2,2,2,1,2,1,1,2,2,1,2,1,2,2,2,2,2,1,2,1,1,1,2,1,2,1,2,1,2,1,2,1,1,2,2,1,1,2,2,1,1,1,1,2,2,1,1,2,2
12,1,2,1,2,1,1,1,1,1,1,1,1,1,1,1,1,1,1,2,2,1,2,1,1,1,2,1,2,1,1,1,2,1,2,1,2,1,1,1,1,1,1,1,2,1,1,2,2,1,1,1,1,2,2,1,1,1,1,1,1,1,1,2,2,1,1,2,2,2,2,1,2,2,2,2,2,2,2,2,2,2,2,1,1,2,2,1,1,2,2,2,2,1,2,1,2,2,2,1,2,1,2,2,2,1,2,1,2,1,2,1,2,1,2,2,2,1,1,1,2,1,2,2,2,1,2,2,2,1,1,2,2,1,1,1,1,2,2,1,1,2,2
12,1,2,1,2,1,1,1,1,1,1,1,1,1,1,1,1,1,2,2,2,1,2,1,2,1,2,1,2,1,1,1,2,1,1,1,1,1,2,1,1,1,1,2,2,1,1,2,2,1,1,1,1,2,2,1,1,1,1,1,1,1,1,2,2,1,1,2,2,1,2,2,2,2,2,2,2,2,2,2,2,2,2,1,1,2,2,1,1,2,2,2,2,1,2,1,1,2,2,1,1,2,2,1,2,1,2,1,2,1,2,1,1,1,1,1,1,2,2,1,1,1,1,2,2,1,1,2,2,1,1,2,2,1,1,1,1,2,2,1,1,2,2
12,1,1,1,2,1,1,1,2,1,1,1,1,1,1,1,1,1,2,2,2,1,1,1,2,1,2,1,1,1,1,1,1,1,1,1,2,1,2,1,1,1,1,2,2,1,1,2,2,1,1,1,1,2,2,1,1,1,1,1,1,1,1,2,2,1,1,2,2,2,2,1,1,2,2,2,2,2,2,2,2,2,2,1,1,2,2,1,1,2,2,2,2,1,1,2,2,2,2,1,2,1,2,1,2,1,2,2,2,1,2,1,2,2,2,1,2,1,1,1,1,1,2,1,2,1,2,2,2,1,1,2,2,1,1,1,1,2,2,1,1,2,2
12,1,2,1,2,1,2,1,2,1,1,1,1,1,1,1,1,2,2,2,2,1,1,1,2,1,1,2,2,1,1,1,2,1,1,1,1,1,1,1,1,1,1,2,2,1,1,2,2,1,1,1,1,2,2,1,1,1,1,1,1,1,1,2,2,1,1,1,2,2,2,1,1,1,2,2,2,2,2,2,2,2,2,1,1,2,2,1,1,2,2,2,2,1,2,2,2,1,2,2,2,1,2,1,2,1,2,2,2,1,1,2,2,1,1,1,1,1,2,1,2,1,2,1,2,2,2,2,2,1,1,2,2,1,1,1,1,2,2,1,1,2,2
