"Npop2","Npop3","Npop4","Npop5","Npop6","Npop7","Npop8","Npop9","Npop10","Npop11","Npop12","Npop13","Npop14","Npop15","Npop16","Npop17","Npop18","Npop19","Npop20"
0.1205,0.0565,0.0886,0.12,0.1306,0.1246,0.1492,0.089,0.0913,0.154,0.1491,0.1392,0.1151,0.131,0.1321,0.123,0.139,0.1431,0.1286
0.1128,0.058,0.0593,0.0745,0.136,0.0716,0.1338,0.1523,0.09,0.14,0.1296,0.1319,0.1339,0.1297,0.1319,0.1266,0.1271,0.1127,0.1266
0.0489,0.1368,0.1333,0.145,0.1579,0.1506,0.1337,0.1305,0.1292,0.1109,0.1426,0.1222,0.1153,0.1437,0.1047,0.137,0.1275,0.1203,0.1292
0.193,0.1417,0.1348,0.1144,0.0948,0.1359,0.1403,0.116,0.1631,0.137,0.1151,0.1491,0.1407,0.1241,0.1118,0.1381,0.1134,0.1292,0.1293
0.0217,0.1755,0.1281,0.1601,0.1712,0.0972,0.1389,0.0771,0.0895,0.0958,0.1333,0.1333,0.0939,0.1319,0.1413,0.1224,0.1184,0.1314,0.1309
0.1902,0.0973,0.0794,0.0724,0.1474,0.1497,0.0747,0.1153,0.1412,0.1199,0.1046,0.1426,0.12,0.1299,0.1293,0.127,0.1287,0.1261,0.1185
0.0397,0.1489,0.0683,0.1457,0.0585,0.1604,0.1386,0.0943,0.1346,0.151,0.1117,0.1073,0.1421,0.1201,0.1433,0.1244,0.1033,0.1372,0.1311
0.0695,0.0893,0.093,0.1338,0.1207,0.1405,0.1377,0.117,0.1454,0.0905,0.1485,0.1137,0.1259,0.1071,0.1356,0.1224,0.1354,0.1328,0.1228
0.0513,0.0471,0.0714,0.0556,0.1605,0.0783,0.1319,0.1314,0.1399,0.1033,0.107,0.1509,0.1208,0.1405,0.1457,0.1231,0.1316,0.1195,0.1366
0.1524,0.1408,0.1242,0.142,0.0719,0.1412,0.1482,0.1173,0.1483,0.0948,0.1287,0.1293,0.1517,0.135,0.1284,0.1242,0.1345,0.1243,0.1266
0.1703,0.1177,0.0782,0.0794,0.1149,0.1349,0.1178,0.133,0.1429,0.1034,0.1098,0.123,0.1303,0.1234,0.1269,0.1175,0.1358,0.1193,0.1416
0.0836,0.126,0.1346,0.0781,0.0504,0.1233,0.1202,0.1346,0.1482,0.1342,0.1266,0.129,0.1421,0.1353,0.1436,0.1218,0.1319,0.1256,0.128
0.2086,0.1117,0.1591,0.115,0.1282,0.1435,0.1353,0.1419,0.1257,0.1348,0.1321,0.153,0.1324,0.1458,0.1285,0.1393,0.1351,0.1324,0.1345
0.1368,0.1573,0.1553,0.0668,0.0544,0.0833,0.1425,0.1414,0.117,0.1364,0.1356,0.1135,0.1333,0.1322,0.1413,0.1177,0.1429,0.1175,0.1185
0.1833,0.0277,0.0732,0.1244,0.1371,0.0874,0.1225,0.1449,0.1091,0.1202,0.0821,0.12,0.1178,0.122,0.119,0.1347,0.1252,0.1406,0.129
0.1747,0.0687,0.1196,0.1481,0.1291,0.0782,0.1088,0.166,0.1349,0.1145,0.1263,0.1179,0.1339,0.1132,0.1347,0.1175,0.1221,0.134,0.119
0.0475,0.1423,0.1674,0.0747,0.089,0.1342,0.1215,0.13,0.116,0.1651,0.1218,0.129,0.0825,0.119,0.137,0.131,0.1167,0.1316,0.1369
0.051,0.1688,0.1806,0.1482,0.054,0.1463,0.0999,0.1438,0.1528,0.1374,0.1377,0.1443,0.1376,0.1435,0.1339,0.112,0.1158,0.1286,0.1389
0.1157,0.0824,0.1506,0.1453,0.1366,0.0593,0.1653,0.1381,0.1233,0.134,0.0902,0.1254,0.1304,0.1318,0.1117,0.1215,0.1357,0.1353,0.1414
0.1022,0.1893,0.1516,0.1414,0.1072,0.117,0.1194,0.1413,0.1396,0.122,0.1485,0.1361,0.1218,0.1317,0.1481,0.1342,0.1366,0.1419,0.1236
0.1106,0.103,0.1452,0.1639,0.189,0.164,0.1457,0.0675,0.1485,0.1198,0.1487,0.1461,0.1552,0.1343,0.1276,0.1281,0.1274,0.1215,0.1282
0.1507,0.0599,0.1546,0.112,0.1501,0.1186,0.1451,0.1321,0.1162,0.1217,0.154,0.1506,0.1166,0.145,0.1217,0.1268,0.1235,0.1172,0.1291
0.2817,0.1874,0.1579,0.1031,0.1024,0.0725,0.1156,0.1215,0.1387,0.1269,0.1448,0.1398,0.1371,0.1299,0.1407,0.1436,0.1188,0.1206,0.1208
0.0916,0.0762,0.1248,0.141,0.1536,0.1011,0.135,0.1379,0.1136,0.1549,0.1113,0.1187,0.1214,0.1384,0.1149,0.1365,0.1315,0.1322,0.1316
0.2662,0.105,0.1955,0.1684,0.1248,0.1082,0.042,0.1484,0.1496,0.09,0.1261,0.1212,0.1185,0.1322,0.1335,0.1208,0.1395,0.1188,0.129
0.1345,0.0644,0.0655,0.1139,0.0724,0.1487,0.094,0.1163,0.1474,0.1174,0.1327,0.1397,0.1158,0.1402,0.1245,0.1265,0.1275,0.117,0.1209
0.0438,0.0658,0.0537,0.1301,0.1332,0.094,0.1166,0.159,0.0745,0.1001,0.1018,0.1428,0.1141,0.1226,0.1307,0.1142,0.1283,0.1392,0.1407
0.1918,0.2062,0.1157,0.1434,0.1145,0.1311,0.099,0.0933,0.1044,0.1141,0.1312,0.1292,0.1331,0.123,0.1155,0.1193,0.1396,0.1391,0.1311
0.1815,0.0759,0.0502,0.0711,0.1173,0.1436,0.1233,0.1097,0.1294,0.1253,0.1475,0.1232,0.1131,0.1238,0.0951,0.1123,0.1369,0.1264,0.133
0.1751,0.1975,0.1201,0.0563,0.1634,0.118,0.1329,0.1214,0.1169,0.1061,0.1242,0.1391,0.1173,0.1466,0.1223,0.1356,0.1338,0.1341,0.1228
0.1266,0.1054,0.1972,0.1479,0.1162,0.1517,0.1193,0.1479,0.1297,0.1311,0.1463,0.1308,0.1528,0.142,0.146,0.1189,0.137,0.1289,0.1255
0.1133,0.1309,0.0742,0.1389,0.1383,0.1375,0.1302,0.1159,0.1394,0.1255,0.1106,0.1216,0.1435,0.1318,0.1204,0.1336,0.1135,0.1365,0.13
0.0451,0.2099,0.19,0.1425,0.159,0.0926,0.1078,0.1489,0.1289,0.1136,0.14,0.1237,0.1314,0.1228,0.117,0.1266,0.1257,0.1269,0.1242
-0.0108,0.166,0.1302,0.1099,0.1473,0.099,0.1267,0.1665,0.0947,0.1281,0.1262,0.135,0.1465,0.1294,0.1162,0.1223,0.1339,0.1319,0.1283
0.0634,0.0458,0.0655,0.1617,0.1077,0.1342,0.1274,0.1009,0.147,0.1505,0.133,0.1391,0.1244,0.1285,0.1116,0.1293,0.1191,0.1109,0.1317
0.0322,0.0746,0.1446,0.1509,0.1059,0.1148,0.1374,0.1489,0.1252,0.1028,0.1443,0.1314,0.1231,0.1156,0.132,0.1471,0.1373,0.1236,0.1263
0.2118,0.0858,0.1601,0.1382,0.1187,0.1605,0.1513,0.0688,0.1227,0.1483,0.1234,0.1199,0.1354,0.1297,0.1131,0.135,0.1192,0.137,0.1254
0.0535,0.1689,0.1611,0.1815,0.1439,0.1454,0.0844,0.1204,0.142,0.1507,0.1218,0.1396,0.1288,0.1207,0.1387,0.1209,0.1293,0.1249,0.1338
0.3028,0.1816,0.1375,0.1662,0.1269,0.1335,0.1221,0.1119,0.1249,0.1084,0.1419,0.1047,0.1408,0.1351,0.1217,0.1354,0.133,0.1359,0.1289
0.0802,0.1138,0.1716,0.1511,0.1321,0.1099,0.1076,0.1366,0.1581,0.1223,0.1537,0.125,0.1236,0.1379,0.1249,0.1238,0.1348,0.1401,0.1295
0.1497,0.1398,0.1638,0.0738,0.1521,0.0959,0.077,0.1435,0.1488,0.1033,0.1109,0.1306,0.127,0.1251,0.143,0.1332,0.1394,0.1207,0.1284
0.0741,0.1448,0.1444,0.1555,0.1554,0.1205,0.1598,0.1196,0.1439,0.141,0.1483,0.1276,0.1399,0.1328,0.13,0.1256,0.115,0.1256,0.1247
0.1933,0.2104,0.1107,0.1375,0.094,0.1268,0.1491,0.1131,0.1359,0.1241,0.1228,0.1187,0.1369,0.1326,0.1298,0.1293,0.1152,0.1308,0.1253
0.0273,0.2146,0.1534,0.104,0.1214,0.1466,0.1376,0.1359,0.1267,0.1574,0.1166,0.1336,0.1362,0.137,0.1342,0.1084,0.1103,0.1332,0.1304
0.1497,0.1833,0.148,0.0714,0.1611,0.1288,0.1063,0.1447,0.0864,0.1099,0.133,0.138,0.1192,0.123,0.1366,0.1388,0.1163,0.1339,0.1324
0.2155,0.0572,0.1369,0.0662,0.1092,0.1299,0.0702,0.1296,0.1235,0.1423,0.1044,0.1301,0.1186,0.1156,0.1013,0.1344,0.1351,0.1292,0.1242
0.044,0.096,0.1573,0.1624,0.157,0.1404,0.1194,0.1147,0.0991,0.0752,0.1401,0.13,0.1191,0.1243,0.1371,0.1341,0.1209,0.1273,0.1248
0.2297,0.1226,0.1111,0.1605,0.1315,0.0438,0.1433,0.114,0.1539,0.162,0.1336,0.113,0.1156,0.1387,0.1239,0.1221,0.1162,0.1273,0.1323
0.1501,0.1311,0.0299,0.1252,0.1592,0.1427,0.1051,0.1234,0.1547,0.1167,0.1247,0.1313,0.1499,0.1276,0.1375,0.087,0.1152,0.1335,0.1256
0.0252,0.1191,0.0552,0.1747,0.1265,0.092,0.1376,0.1551,0.1205,0.1608,0.1347,0.1521,0.111,0.1098,0.155,0.1312,0.1176,0.1267,0.1384
0.0626,0.0364,0.0751,0.1379,0.1586,0.1559,0.1363,0.1363,0.1298,0.1178,0.1261,0.1277,0.1359,0.1143,0.1226,0.1401,0.1212,0.1254,0.1312
0.0301,0.1099,0.0957,0.1347,0.1562,0.1537,0.0729,0.1392,0.0967,0.0922,0.1302,0.1522,0.1361,0.1316,0.1043,0.1286,0.1314,0.1351,0.1235
0.102,0.1548,0.1055,0.0872,0.1273,0.1351,0.1164,0.1424,0.1296,0.1479,0.1081,0.1532,0.1336,0.1316,0.0951,0.1381,0.1304,0.1272,0.128
0.0663,0.1476,0.0558,0.1063,0.0912,0.1216,0.0815,0.139,0.1427,0.1211,0.133,0.1387,0.1335,0.1227,0.1213,0.1361,0.1269,0.1248,0.1202
0.1558,-0.0045,0.1663,0.1324,0.1212,0.1371,0.0697,0.1289,0.1376,0.1233,0.1241,0.1257,0.132,0.1486,0.1333,0.1291,0.123,0.1213,0.1347
0.0146,0.0175,0.1141,0.0609,0.0506,0.1422,0.1456,0.1231,0.1196,0.1401,0.1191,0.1328,0.1277,0.1213,0.1281,0.1334,0.1253,0.1376,0.1353
0.246,0.1674,0.1301,0.1349,0.1665,0.1028,0.1494,0.1006,0.16,0.1191,0.129,0.1262,0.1518,0.1021,0.1137,0.1082,0.1393,0.128,0.1215
0.0774,0.2154,0.1445,0.1381,0.1812,0.1375,0.1073,0.1506,0.1342,0.1046,0.1065,0.1129,0.1283,0.1066,0.1276,0.1234,0.1443,0.1267,0.1358
0.1638,0.1657,0.1934,0.1776,0.096,0.1213,0.1415,0.1196,0.127,0.1293,0.1093,0.1418,0.12,0.1271,0.1199,0.1314,0.1296,0.1316,0.1221
0.1283,0.162,0.0604,0.0641,0.15,0.1753,0.0987,0.1654,0.1697,0.1354,0.1319,0.141,0.154,0.1262,0.142,0.1266,0.138,0.1426,0.1244
0.2238,0.2207,0.1024,0.1398,0.1259,0.1513,0.1422,0.1333,0.1284,0.1195,0.1152,0.1265,0.1415,0.1427,0.117,0.1502,0.1246,0.1127,0.1327
0.0792,0.2198,0.1472,0.098,0.141,0.1695,0.104,0.1332,0.1428,0.1307,0.1386,0.1229,0.1256,0.1414,0.1423,0.1208,0.1211,0.1341,0.1373
0.1645,0.0586,0.1672,0.1783,0.1454,0.0679,0.1231,0.1534,0.1358,0.1369,0.1263,0.1124,0.1497,0.1182,0.1428,0.1312,0.1079,0.128,0.1243
0.198,0.123,0.1537,0.0513,0.1536,0.1473,0.1495,0.1374,0.1304,0.135,0.1601,0.0827,0.1279,0.1404,0.1364,0.1262,0.1208,0.128,0.1158
0.1891,0.038,0.1684,0.058,0.1448,0.0797,0.1462,0.1357,0.1263,0.1111,0.1154,0.1504,0.0839,0.1097,0.1252,0.1215,0.1274,0.1237,0.137
0.12,0.0383,0.0806,0.1245,0.179,0.1152,0.1188,0.1451,0.1156,0.1152,0.1397,0.1265,0.1262,0.1249,0.1369,0.12,0.1274,0.1259,0.1234
0.0645,0.1486,0.1611,0.1228,0.0754,0.1604,0.1617,0.1374,0.119,0.1526,0.1269,0.1419,0.1341,0.1227,0.1276,0.1344,0.1192,0.1325,0.1202
0.1619,0.0567,0.1899,0.0918,0.1158,0.1132,0.1136,0.1157,0.1085,0.1266,0.1213,0.1469,0.1233,0.1357,0.14,0.1234,0.117,0.1348,0.1254
0.1679,0.1658,0.1074,0.1211,0.1499,0.1233,0.0772,0.1518,0.0913,0.1003,0.1344,0.1243,0.1139,0.1271,0.1108,0.1315,0.1263,0.1205,0.1265
0.0696,0.0362,0.1468,0.0626,0.0735,0.1618,0.1778,0.131,0.1521,0.1371,0.119,0.1386,0.1151,0.1379,0.1241,0.1112,0.1278,0.1292,0.1303
-0.0092,0.0065,0.0707,0.1027,0.1455,0.1463,0.1223,0.137,0.1254,0.1486,0.1201,0.1113,0.1351,0.1044,0.1527,0.1287,0.1344,0.1246,0.1257
0.0415,0.1536,0.1287,0.1435,0.1627,0.135,0.1442,0.1317,0.1202,0.0944,0.1455,0.1356,0.1466,0.11,0.1395,0.135,0.124,0.1435,0.1206
0.0731,0.1605,0.1139,0.147,0.077,0.1557,0.1489,0.1615,0.1213,0.0997,0.1347,0.0967,0.1226,0.122,0.1409,0.1295,0.1178,0.1396,0.1331
0.0184,0.0652,0.0745,0.1265,0.1669,0.068,0.1579,0.1552,0.1503,0.1371,0.1194,0.1138,0.1289,0.1252,0.1169,0.1376,0.1368,0.1264,0.1329
0.2553,0.2082,0.148,0.1901,0.1373,0.133,0.155,0.1213,0.1164,0.1433,0.1228,0.1444,0.1378,0.1298,0.1267,0.1276,0.1265,0.1271,0.1264
0.2065,0.1681,0.1342,0.1377,0.136,0.153,0.1468,0.1324,0.1249,0.1359,0.1193,0.1486,0.1353,0.1274,0.1415,0.1268,0.1225,0.1311,0.1257
0.0608,0.1429,0.1803,0.0591,0.1227,0.1372,0.1406,0.1288,0.1372,0.1374,0.1263,0.1259,0.133,0.089,0.1262,0.1477,0.1147,0.1312,0.1172
0.08,0.2451,0.0953,0.182,0.1758,0.1405,0.1354,0.1308,0.0924,0.1303,0.1397,0.148,0.118,0.1419,0.129,0.1302,0.1264,0.1281,0.138
0.1364,0.1855,0.1605,0.144,0.0847,0.1148,0.1149,0.0985,0.1214,0.1359,0.1318,0.1363,0.1073,0.1199,0.1261,0.1216,0.1183,0.1207,0.1339
0.2204,0.0164,0.1116,0.1825,0.1069,0.1098,0.1224,0.1433,0.1525,0.1555,0.1272,0.1216,0.1548,0.1126,0.1315,0.133,0.1314,0.1367,0.1242
0.0634,0.1549,0.0347,0.1008,0.1242,0.139,0.1294,0.1469,0.1331,0.1356,0.1153,0.1297,0.1302,0.1256,0.1485,0.1237,0.1423,0.1208,0.1258
0.0223,0.1689,0.166,0.0865,0.0768,0.1168,0.099,0.1036,0.0947,0.1293,0.124,0.1127,0.1215,0.1498,0.1274,0.1463,0.1238,0.1081,0.1344
0.0241,0.2031,0.0729,0.0755,0.066,0.14,0.1158,0.1493,0.1303,0.133,0.1397,0.123,0.1284,0.1447,0.1234,0.1315,0.1288,0.1307,0.1298
0.1727,0.0712,0.1412,0.1351,0.1398,0.1333,0.1226,0.1382,0.1334,0.1278,0.1371,0.1242,0.1263,0.1419,0.1451,0.1144,0.1178,0.1359,0.1325
0.2066,0.166,0.1269,0.1204,0.142,0.1039,0.1389,0.1317,0.1531,0.1579,0.093,0.1327,0.116,0.1236,0.1339,0.1339,0.1209,0.1234,0.1256
0.1863,0.0116,0.1084,0.1386,0.1499,0.1025,0.1287,0.1399,0.102,0.1168,0.1366,0.1172,0.1141,0.1282,0.1268,0.1236,0.1205,0.1245,0.1268
0.2706,0.1625,0.0548,0.1492,0.1438,0.1213,0.1066,0.1443,0.135,0.1234,0.0897,0.1301,0.118,0.1228,0.1092,0.1191,0.1292,0.1212,0.1384
0.0517,0.176,0.1539,0.0307,0.1357,0.0741,0.122,0.1299,0.0927,0.145,0.1193,0.1622,0.1209,0.1288,0.1165,0.1369,0.1321,0.1238,0.1207
0.1964,0.0752,0.0348,0.0419,0.1059,0.1625,0.1373,0.1227,0.1404,0.1583,0.1308,0.1186,0.125,0.1285,0.1298,0.1095,0.1165,0.1453,0.1374
0.1647,0.0768,0.0568,0.1248,0.1463,0.1397,0.1373,0.1327,0.1332,0.1249,0.1412,0.1561,0.1109,0.1303,0.1391,0.1354,0.1283,0.1198,0.1356
0.2272,0.1487,0.1443,0.1466,0.1026,0.0662,0.1485,0.1465,0.1451,0.137,0.1347,0.1385,0.0997,0.1308,0.1512,0.1297,0.1338,0.1275,0.1276
0.0713,0.2143,0.146,0.1388,0.1169,0.1026,0.1256,0.1485,0.131,0.128,0.1352,0.1186,0.1354,0.1146,0.1192,0.1313,0.1353,0.1198,0.1233
0.0812,0.0469,0.0967,0.188,0.1722,0.1108,0.1452,0.1205,0.1477,0.1604,0.1513,0.1361,0.1259,0.1146,0.144,0.1165,0.1311,0.1148,0.1275
0.2788,0.0752,0.1427,0.1261,0.1102,0.1135,0.142,0.0911,0.1041,0.1161,0.1339,0.1365,0.1216,0.1201,0.1212,0.1298,0.1136,0.129,0.1236
0.0201,0.1579,0.2206,0.0927,0.1219,0.1449,0.1472,0.157,0.1226,0.1151,0.109,0.1313,0.1201,0.1305,0.1308,0.1371,0.1276,0.1311,0.1289
0.2264,0.1566,0.1393,0.1245,0.073,0.068,0.1123,0.0966,0.1318,0.1192,0.1449,0.1222,0.1416,0.127,0.1418,0.1376,0.1213,0.1159,0.1359
0.0164,0.0479,0.1783,0.1849,0.1117,0.0998,0.1485,0.1144,0.1192,0.1385,0.1279,0.1353,0.1314,0.1259,0.1019,0.142,0.1252,0.1283,0.1268
-0.0034,0.1675,0.123,0.1302,0.1502,0.1363,0.0492,0.1403,0.0978,0.1433,0.1339,0.1389,0.1127,0.1134,0.1102,0.1236,0.1205,0.1215,0.1201
0.0689,0.0783,0.0865,0.1257,0.154,0.1061,0.1534,0.1249,0.1108,0.1299,0.1365,0.1226,0.1109,0.1374,0.1305,0.1259,0.1092,0.1173,0.1222
0.1841,0.0718,0.1316,0.1473,0.175,0.1675,0.1033,0.0996,0.1397,0.1266,0.1384,0.1226,0.1271,0.1262,0.1216,0.1291,0.1206,0.1387,0.1279
0.0238,0.0846,0.0944,0.1424,0.1444,0.1632,0.1146,0.1039,0.1466,0.1245,0.125,0.1237,0.1397,0.1248,0.1133,0.1185,0.1303,0.1235,0.1246
0.0949,0.1366,0.1562,0.1257,0.1135,0.1366,0.1263,0.1349,0.145,0.1484,0.0754,0.123,0.1509,0.1496,0.1395,0.1192,0.1216,0.1311,0.1227
0.1801,0.1922,0.1622,0.1352,0.1623,0.1093,0.1489,0.1361,0.1057,0.1212,0.1019,0.1407,0.1194,0.1364,0.1292,0.129,0.1372,0.1258,0.123
0.2122,0.069,0.1826,0.1342,0.111,0.1188,0.1289,0.1073,0.1305,0.1401,0.1038,0.1399,0.116,0.1226,0.1252,0.1339,0.1229,0.131,0.1282
0.0327,0.1228,0.1815,0.1419,0.1435,0.1346,0.1432,0.1249,0.1635,0.123,0.1506,0.1402,0.1344,0.115,0.139,0.1362,0.1139,0.1293,0.1328
0.2429,0.1771,0.1172,0.1814,0.131,0.068,0.1043,0.1506,0.1349,0.1078,0.1287,0.1516,0.1404,0.1366,0.1377,0.121,0.1225,0.13,0.1251
0.0204,0.1268,0.1474,0.0721,0.1601,0.1098,0.0827,0.1372,0.1181,0.1416,0.1296,0.113,0.1342,0.1402,0.1245,0.1171,0.1293,0.126,0.1228
0.0481,0.1448,0.0572,0.1487,0.1436,0.1457,0.1052,0.137,0.1374,0.1305,0.1424,0.1171,0.1358,0.1186,0.1264,0.1229,0.1211,0.1308,0.1323
0.195,0.0782,0.1282,0.1179,0.0633,0.1176,0.1246,0.0732,0.1221,0.1246,0.111,0.1296,0.133,0.1467,0.1253,0.1233,0.1366,0.122,0.1268
0.101,0.1514,0.1795,0.1506,0.1264,0.116,0.1478,0.125,0.1026,0.1426,0.1387,0.1115,0.145,0.1342,0.1437,0.1316,0.1212,0.1246,0.1373
0.2848,0.1525,0.2067,0.1463,0.1404,0.1396,0.1436,0.1218,0.1034,0.1158,0.1424,0.118,0.1115,0.1293,0.1263,0.128,0.1109,0.1351,0.1319
0.0764,0.0834,0.1892,0.1425,0.1393,0.1343,0.078,0.1399,0.1756,0.1374,0.1201,0.131,0.1199,0.1307,0.1386,0.1423,0.1322,0.1394,0.1307
0.0433,0.0438,0.1283,0.0694,0.0597,0.1485,0.1494,0.0895,0.1173,0.1276,0.1201,0.1059,0.132,0.1296,0.1421,0.1363,0.1278,0.1214,0.1282
0.0873,0.0577,0.1357,0.1443,0.085,0.1423,0.1388,0.1289,0.1416,0.0989,0.1305,0.1318,0.1206,0.1467,0.1217,0.1331,0.1167,0.1243,0.1266
0.0767,0.0571,0.1514,0.0869,0.1628,0.0999,0.1496,0.1505,0.1468,0.1398,0.1346,0.1205,0.1365,0.1228,0.1273,0.1235,0.1308,0.1279,0.1289
0.1956,0.0487,0.0814,0.1486,0.0853,0.1269,0.0956,0.0956,0.1429,0.138,0.1029,0.1333,0.1015,0.11,0.1104,0.1115,0.1277,0.1209,0.1415
0.2512,0.2452,0.0872,0.139,0.1806,0.1403,0.1373,0.1435,0.0985,0.1197,0.1568,0.1358,0.137,0.122,0.1398,0.1318,0.1283,0.1199,0.1282
0.057,0.0859,0.1153,0.123,0.131,0.0795,0.1341,0.1482,0.164,0.1138,0.1361,0.1125,0.1177,0.1354,0.1403,0.1375,0.129,0.129,0.125
0.0828,0.2072,0.1263,0.1064,0.0989,0.1568,0.1181,0.1389,0.1349,0.1299,0.1479,0.1398,0.1272,0.0806,0.1263,0.1333,0.1342,0.1277,0.1177
0.0513,0.1427,0.1322,0.1398,0.1271,0.0919,0.1227,0.1555,0.123,0.1221,0.1057,0.1422,0.1293,0.148,0.1006,0.1478,0.1357,0.1258,0.1286
0.0594,0.1193,0.1062,0.1475,0.1228,0.1062,0.1363,0.1497,0.1253,0.1316,0.1493,0.1161,0.1357,0.1328,0.1056,0.1354,0.1317,0.1167,0.1185
0.2007,0.1909,0.1489,0.1676,0.1628,0.1227,0.1044,0.1353,0.1315,0.1383,0.0812,0.1183,0.1252,0.1091,0.1169,0.1243,0.1353,0.1367,0.1167
0.2365,0.0282,0.1636,0.1382,0.1454,0.1676,0.138,0.1252,0.1246,0.1141,0.1146,0.1218,0.1361,0.1284,0.1124,0.1232,0.1165,0.1272,0.1313
0.1442,0.0509,0.1614,0.1442,0.0832,0.1108,0.1417,0.1343,0.1254,0.1535,0.1285,0.1084,0.1213,0.1333,0.1241,0.1299,0.1332,0.1457,0.1176
0.2401,0.1871,0.1019,0.1415,0.1254,0.13,0.1168,0.122,0.1186,0.126,0.1649,0.1464,0.1278,0.1389,0.1391,0.13,0.1282,0.1271,0.1236
0.117,0.0526,0.101,0.1265,0.1436,0.1385,0.1732,0.1195,0.1428,0.1149,0.1035,0.1381,0.1389,0.1128,0.1323,0.1147,0.1318,0.1223,0.136
0.0794,0.1585,0.0831,0.15,0.159,0.1307,0.0949,0.1205,0.1109,0.1346,0.1061,0.1398,0.1031,0.122,0.1305,0.1545,0.1309,0.1272,0.1153
0.0572,0.0262,0.1091,0.0479,0.1282,0.1398,0.0934,0.1113,0.1428,0.134,0.1399,0.1503,0.1373,0.1104,0.1334,0.1216,0.1287,0.1246,0.1205
0.0491,0.1137,0.1581,0.1654,0.1462,0.1523,0.1536,0.1236,0.1262,0.1039,0.1199,0.1329,0.1366,0.1004,0.131,0.1339,0.126,0.1324,0.1301
0.1578,0.121,0.1389,0.1362,0.1383,0.0845,0.138,0.1551,0.1375,0.1021,0.1291,0.1362,0.1275,0.1132,0.1201,0.1313,0.1357,0.1243,0.1289
0.2274,0.074,0.1966,0.0718,0.1443,0.1223,0.1052,0.1268,0.1258,0.1282,0.1273,0.1242,0.1263,0.1254,0.1356,0.1326,0.1338,0.1283,0.1229
0.0218,0.0923,0.1674,0.1263,0.1289,0.1319,0.1726,0.1438,0.0675,0.1315,0.1465,0.1666,0.1182,0.141,0.132,0.1245,0.1299,0.1268,0.1296
0.0023,0.1567,0.1132,0.1867,0.04,0.1624,0.1427,0.1414,0.1525,0.1125,0.1108,0.1328,0.1329,0.1353,0.1293,0.1351,0.135,0.1359,0.1271
0.0916,0.1591,0.1442,0.1653,0.1329,0.0699,0.0971,0.1082,0.1013,0.1333,0.1287,0.1367,0.1235,0.1232,0.1209,0.1287,0.1198,0.1281,0.1274
0.1124,0.1514,0.1808,0.1368,0.152,0.137,0.1452,0.1469,0.1276,0.1437,0.1065,0.1161,0.123,0.1296,0.1203,0.1283,0.1299,0.1263,0.1222
0.0444,0.1887,0.0195,0.1387,0.105,0.1479,0.1354,0.1526,0.1299,0.1381,0.1463,0.1107,0.1318,0.131,0.1124,0.1314,0.1453,0.127,0.1227
0.1665,0.0447,0.1624,0.1556,0.1451,0.149,0.1425,0.1283,0.1612,0.0971,0.1422,0.1237,0.1239,0.0992,0.1198,0.1342,0.1365,0.1197,0.1303
0.0948,0.0639,0.1422,0.1527,0.1733,0.0584,0.0791,0.0866,0.1227,0.138,0.13,0.1251,0.1549,0.127,0.1301,0.1164,0.1405,0.1214,0.1281
0.2174,0.1647,0.0959,0.1686,0.139,0.1217,0.1209,0.1371,0.0983,0.1194,0.1339,0.1101,0.1242,0.1255,0.1384,0.1267,0.1328,0.13,0.1342
0.0548,0.0354,0.044,0.1781,0.1742,0.135,0.1367,0.129,0.0919,0.1252,0.1535,0.0774,0.121,0.1238,0.1328,0.1301,0.1225,0.1243,0.1336
0.0768,0.0415,0.2075,0.1364,0.1546,0.1384,0.1512,0.1264,0.1667,0.1348,0.1413,0.1257,0.1309,0.1428,0.1266,0.1289,0.1385,0.1192,0.1136
0.3283,0.1915,0.1472,0.1438,0.1662,0.102,0.13,0.1446,0.1263,0.1173,0.1195,0.1217,0.1406,0.1223,0.1219,0.1284,0.1316,0.1352,0.1277
0.0314,0.0637,0.1054,0.1188,0.1247,0.1249,0.1144,0.1266,0.1469,0.1318,0.103,0.1183,0.1325,0.1422,0.123,0.1321,0.1331,0.1467,0.1121
0.2352,0.0333,0.1459,0.1497,0.1192,0.1616,0.0939,0.1162,0.1218,0.1167,0.1297,0.14,0.1394,0.1224,0.1316,0.1205,0.1157,0.1308,0.1284
0.1002,0.1004,0.0475,0.0719,0.1309,0.1448,0.1445,0.1579,0.1262,0.1356,0.1289,0.0913,0.1395,0.1179,0.1355,0.123,0.1149,0.1262,0.1235
0.1988,0.0914,0.1646,0.1801,0.1582,0.1428,0.1562,0.1128,0.1138,0.101,0.1141,0.1214,0.1216,0.1044,0.1208,0.1306,0.1397,0.1245,0.1278
0.1169,0.199,0.1362,0.1254,0.1174,0.1549,0.1336,0.1487,0.1513,0.125,0.1298,0.1255,0.1264,0.1023,0.1349,0.1314,0.1382,0.1301,0.1344
0.114,0.0468,0.1097,0.1205,0.1367,0.0466,0.1006,0.1277,0.1268,0.1353,0.1446,0.1296,0.1166,0.1403,0.1261,0.1246,0.1314,0.1355,0.1383
0.0712,0.1734,0.1741,0.1088,0.1022,0.1317,0.1016,0.1269,0.1456,0.1133,0.136,0.1119,0.1339,0.112,0.1268,0.1319,0.1225,0.1334,0.1314
0.1598,0.1685,0.1169,0.1587,0.0821,0.1283,0.1364,0.1385,0.1113,0.102,0.1331,0.1509,0.1394,0.1069,0.1243,0.1274,0.1208,0.1231,0.1229
0.2386,0.0965,0.0782,0.0307,0.1046,0.1005,0.1208,0.1474,0.114,0.1457,0.1429,0.135,0.1244,0.1134,0.1328,0.1408,0.1434,0.1324,0.1262
0.272,0.114,0.1389,0.1161,0.111,0.0979,0.1359,0.1263,0.1125,0.1158,0.1419,0.13,0.1465,0.138,0.1221,0.1496,0.1227,0.1316,0.1274
0.2434,0.1545,0.134,0.0878,0.0975,0.0659,0.1274,0.0819,0.1336,0.1036,0.1411,0.1231,0.1371,0.1303,0.1422,0.1391,0.1187,0.1317,0.1223
0.0904,0.1812,0.1662,0.092,0.1722,0.1157,0.1322,0.1473,0.1501,0.1108,0.1368,0.1233,0.1082,0.1199,0.1277,0.1339,0.1318,0.1328,0.1306
0.2285,0.0696,0.164,0.1198,0.1259,0.1357,0.12,0.1474,0.1266,0.1326,0.1262,0.1241,0.1417,0.1201,0.1281,0.1193,0.1392,0.1171,0.1268
0.0312,0.0621,0.1438,0.1167,0.0973,0.1519,0.1347,0.104,0.0954,0.1152,0.1278,0.1111,0.1178,0.1251,0.1352,0.126,0.134,0.1135,0.1332
0.1695,0.0213,0.1609,0.143,0.1115,0.1587,0.1291,0.1388,0.1336,0.1326,0.1568,0.1339,0.1181,0.1142,0.1331,0.1254,0.1259,0.1117,0.1203
0.0085,0.203,0.0953,0.0601,0.1464,0.0303,0.1616,0.1356,0.1352,0.1008,0.1287,0.1264,0.0924,0.1177,0.1238,0.1362,0.1211,0.1075,0.1251
0.2194,0.2054,0.1567,0.1787,0.1396,0.1773,0.1095,0.1359,0.14,0.1437,0.1264,0.0892,0.1184,0.1213,0.1284,0.1354,0.1353,0.1432,0.1191
0.187,0.1006,0.094,0.1308,0.124,0.1376,0.0676,0.1507,0.0996,0.1454,0.1474,0.1306,0.1319,0.1057,0.1165,0.1248,0.1333,0.123,0.1284
0.2377,0.0565,0.1182,0.0573,0.1402,0.124,0.1263,0.1399,0.1146,0.1476,0.1117,0.0959,0.136,0.1369,0.1218,0.1162,0.1364,0.1379,0.133
0.0801,0.0177,0.1603,0.113,0.1484,0.1215,0.1551,0.1558,0.1274,0.1337,0.1298,0.1077,0.126,0.1346,0.1315,0.1394,0.1326,0.132,0.1283
0.1144,0.0638,0.171,0.1224,0.1238,0.1828,0.1647,0.1359,0.1057,0.1111,0.1264,0.1381,0.1207,0.1043,0.1392,0.1267,0.1061,0.1233,0.1165
0.2376,0.0267,0.0931,0.1303,0.1192,0.0945,0.165,0.1475,0.1491,0.1328,0.088,0.1528,0.1183,0.1321,0.1177,0.1339,0.1281,0.1184,0.1256
0.2148,0.0708,0.0745,0.1223,0.1374,0.0957,0.1336,0.1397,0.1512,0.1353,0.1122,0.1327,0.1328,0.129,0.1238,0.1309,0.1223,0.1285,0.1221
0.165,0.0346,0.0751,0.1299,0.1293,0.1319,0.1444,0.1529,0.1281,0.1487,0.1248,0.1443,0.1245,0.1302,0.1266,0.1323,0.1259,0.1199,0.128
0.2712,0.0805,0.194,0.1774,0.1336,0.1093,0.0955,0.1196,0.1024,0.1495,0.1152,0.1361,0.1032,0.1157,0.1339,0.1362,0.097,0.1261,0.1222
0.0728,0.102,0.1293,0.1428,0.1411,0.1022,0.1358,0.1212,0.1363,0.1197,0.1019,0.1238,0.138,0.1351,0.1105,0.1312,0.1201,0.1366,0.1342
0.2152,0.0901,0.1275,0.155,0.1215,0.131,0.1191,0.1363,0.1425,0.1428,0.1191,0.1385,0.1309,0.1302,0.1307,0.1268,0.1184,0.1216,0.1306
0.2073,0.1932,0.1684,0.142,0.102,0.1162,0.1447,0.0925,0.1286,0.1267,0.1222,0.1107,0.1198,0.1332,0.1393,0.1319,0.136,0.1166,0.1276
0.2521,0.1937,0.1059,0.1127,0.1323,0.1179,0.1372,0.098,0.1165,0.1251,0.1145,0.1312,0.1365,0.1229,0.124,0.1202,0.1302,0.1222,0.1297
0.0888,0.2037,0.1321,0.1404,0.1247,0.0886,0.1263,0.0663,0.1235,0.1528,0.1277,0.1127,0.1317,0.1402,0.1069,0.1226,0.1227,0.13,0.1203
0.0507,0.1343,0.0741,0.174,0.1363,0.0752,0.1332,0.0901,0.147,0.0829,0.1314,0.0947,0.1336,0.1341,0.1287,0.1358,0.1371,0.1329,0.1322
0.1214,0.0869,0.1279,0.0742,0.1627,0.0756,0.1359,0.1204,0.1166,0.1171,0.1538,0.118,0.1208,0.152,0.1074,0.1253,0.1195,0.1384,0.1227
0.0695,0.0344,0.159,0.0677,0.1453,0.149,0.139,0.1248,0.1166,0.1418,0.0883,0.1381,0.1237,0.1218,0.1389,0.1299,0.1358,0.1299,0.1182
0.0722,0.0121,0.1553,0.1238,0.1565,0.109,0.1201,0.0935,0.1374,0.1446,0.0961,0.1371,0.1244,0.1182,0.1338,0.1204,0.1363,0.1295,0.1187
0.2134,0.1614,0.1519,0.1371,0.1397,0.1332,0.1245,0.1355,0.0996,0.1251,0.1281,0.1565,0.1489,0.1236,0.1259,0.1288,0.1318,0.1255,0.1218
0.115,0.1041,0.0459,0.0871,0.1432,0.1338,0.1528,0.1221,0.1253,0.127,0.1155,0.1324,0.1147,0.1237,0.1191,0.1426,0.1225,0.1354,0.126
0.2257,0.2244,0.1041,0.111,0.1122,0.1172,0.1296,0.132,0.0967,0.1016,0.1201,0.1045,0.1229,0.1306,0.1361,0.1344,0.1205,0.1229,0.1296
0.0687,0.1633,0.1501,0.1218,0.1386,0.1372,0.1233,0.1259,0.1427,0.1406,0.1127,0.1188,0.1487,0.1168,0.1367,0.1344,0.1196,0.1202,0.1394
0.1149,0.2014,0.1332,0.1449,0.175,0.1449,0.0795,0.1461,0.1183,0.1314,0.1087,0.1241,0.1156,0.1364,0.1214,0.1269,0.1402,0.1255,0.1359
0.0421,0.0741,0.0924,0.1435,0.1519,0.1569,0.0987,0.0848,0.1304,0.1241,0.1332,0.1398,0.1206,0.131,0.1348,0.104,0.1226,0.1343,0.1176
-0.0051,0.09,0.0743,0.1463,0.1137,0.1547,0.1451,0.1363,0.0913,0.1156,0.1388,0.127,0.1323,0.1398,0.1287,0.1341,0.1127,0.1165,0.12
0.0299,0.182,0.186,0.1346,0.1049,0.1855,0.1057,0.1361,0.0695,0.1506,0.1306,0.1275,0.1336,0.111,0.1309,0.1262,0.1277,0.1169,0.1081
0.1889,0.0996,0.1355,0.0998,0.115,0.1397,0.1197,0.1402,0.1384,0.1372,0.1458,0.1407,0.1456,0.0884,0.1326,0.1264,0.1248,0.1229,0.1304
0.0778,0.1707,0.1509,0.1068,0.1653,0.1255,0.1343,0.0811,0.1273,0.1306,0.1377,0.1233,0.1407,0.1193,0.1255,0.1198,0.1305,0.1424,0.12
0.0213,0.0606,0.1716,0.1499,0.1188,0.0968,0.1366,0.1273,0.1669,0.1454,0.093,0.117,0.1294,0.1379,0.1386,0.1331,0.1288,0.1357,0.1213
0.2277,0.0719,0.1494,0.1057,0.1424,0.1275,0.0713,0.1468,0.1219,0.149,0.1297,0.0814,0.1359,0.1147,0.1269,0.1207,0.1342,0.1473,0.1313
0.1907,0.0503,0.0724,0.1211,0.1351,0.1258,0.1263,0.1523,0.1355,0.1598,0.1144,0.1349,0.1208,0.1318,0.1281,0.1191,0.1237,0.1358,0.1219
0.1063,0.1509,0.0764,0.1377,0.1268,0.1305,0.1707,0.1271,0.1257,0.1079,0.1116,0.1171,0.1194,0.1333,0.1286,0.1076,0.1286,0.1211,0.1235
0.2252,0.136,0.0888,0.1319,0.0996,0.0963,0.1303,0.1324,0.1059,0.1303,0.1184,0.1537,0.1311,0.1052,0.1362,0.127,0.1306,0.1275,0.122
0.1544,0.0264,0.1034,0.0941,0.1002,0.1089,0.1461,0.1383,0.1534,0.1164,0.1415,0.1245,0.0919,0.1212,0.1232,0.1308,0.1162,0.121,0.1292
0.2759,0.1168,0.0978,0.1572,0.1578,0.1312,0.1221,0.1582,0.1036,0.1093,0.1421,0.132,0.1066,0.1088,0.1291,0.1148,0.1402,0.1307,0.1274
0.206,0.1569,0.1709,0.1304,0.0848,0.1177,0.1255,0.1263,0.1266,0.1205,0.1268,0.1218,0.1261,0.1199,0.1138,0.1306,0.132,0.1135,0.1213
0.183,0.0752,0.1522,0.1281,0.1691,0.1474,0.1742,0.1314,0.1258,0.1368,0.1228,0.1375,0.1153,0.114,0.141,0.1371,0.1263,0.1283,0.1259
0.0387,0.1445,0.0448,0.0705,0.121,0.1398,0.1799,0.153,0.1215,0.1067,0.1172,0.0868,0.122,0.1212,0.1294,0.1359,0.1101,0.1233,0.1247
0.2,0.123,0.1689,0.0805,0.1082,0.1617,0.1408,0.1295,0.0672,0.1367,0.0932,0.1621,0.1313,0.1286,0.117,0.1279,0.1338,0.1216,0.1329
0.2321,0.2369,0.0647,0.1263,0.1688,0.1694,0.1401,0.1279,0.1029,0.1145,0.097,0.1356,0.1332,0.1347,0.1082,0.1284,0.1275,0.1289,0.1368
0.1336,0.176,0.1592,0.0975,0.1419,0.0616,0.1512,0.1162,0.1317,0.1412,0.1323,0.1473,0.1302,0.1434,0.1159,0.1157,0.1374,0.1175,0.1306
0.2198,0.1688,0.1463,0.1883,0.1471,0.0997,0.1478,0.0924,0.1347,0.1549,0.1121,0.1485,0.1186,0.1159,0.1297,0.1271,0.1096,0.142,0.1278
0.1892,0.1197,0.1433,0.0439,0.1629,0.1719,0.1272,0.1521,0.1463,0.1446,0.0865,0.1132,0.1344,0.1192,0.1289,0.1183,0.1332,0.1285,0.1317
0.0371,0.1808,0.1262,0.1438,0.1461,0.1252,0.1355,0.1217,0.1427,0.1227,0.1054,0.0834,0.1352,0.1179,0.1377,0.121,0.1237,0.1261,0.1299
0.0982,0.0584,0.1585,0.1557,0.1096,0.0635,0.1275,0.1328,0.1378,0.1211,0.1155,0.1454,0.1089,0.1401,0.1356,0.1233,0.1411,0.1293,0.1258
0.0978,0.0909,0.1399,0.1037,0.1388,0.0862,0.106,0.1511,0.0733,0.0808,0.1309,0.1071,0.1094,0.1308,0.1324,0.1124,0.1155,0.1239,0.1326
0.1759,0.0505,0.0749,0.1709,0.0904,0.1166,0.0983,0.1042,0.1521,0.1314,0.1397,0.1468,0.1267,0.1319,0.1177,0.1426,0.1208,0.1261,0.122
0.2028,0.1666,0.1262,0.0166,0.1383,0.138,0.1469,0.1239,0.1422,0.1691,0.1329,0.1146,0.1377,0.1144,0.1268,0.1423,0.1324,0.123,0.1226
0.2545,0.1941,0.0992,0.0858,0.0937,0.1127,0.1279,0.1537,0.1454,0.0961,0.1277,0.1119,0.1433,0.1265,0.1131,0.1211,0.1282,0.122,0.1313
0.0481,0.1742,0.1622,0.1173,0.1338,0.0812,0.1377,0.1436,0.0871,0.1172,0.1572,0.0969,0.1109,0.1299,0.1295,0.1142,0.1292,0.1239,0.1351
0.1076,0.1483,0.1368,0.1444,0.1075,0.1477,0.1229,0.1269,0.1452,0.1069,0.0921,0.1109,0.1437,0.1178,0.1226,0.1215,0.1408,0.1298,0.1112
0.2198,0.1634,0.1842,0.0737,0.1521,0.132,0.1077,0.1506,0.1232,0.1371,0.1495,0.1288,0.1248,0.1304,0.112,0.1234,0.1323,0.1289,0.1241
0.0937,0.0565,0.1616,0.1151,0.115,0.0694,0.1394,0.1413,0.1347,0.1327,0.1468,0.1499,0.1147,0.1333,0.1062,0.1199,0.1231,0.1228,0.1208
0.1641,0.1663,0.1133,0.1158,0.0768,0.1159,0.1276,0.1528,0.1093,0.1266,0.143,0.1234,0.1365,0.1074,0.1296,0.1513,0.1143,0.1312,0.1258
0.1248,0.1701,0.2039,0.1636,0.0606,0.153,0.1377,0.1349,0.1622,0.126,0.1465,0.1374,0.1337,0.1118,0.0986,0.1105,0.1225,0.1133,0.1264
0.0727,0.0318,0.1225,0.1678,0.0886,0.1507,0.1197,0.1274,0.1162,0.1254,0.1264,0.1104,0.1336,0.1446,0.143,0.1209,0.1347,0.1292,0.1171
0.0417,0.1631,0.1416,0.1221,0.1092,0.1271,0.1289,0.0962,0.1081,0.1129,0.1399,0.1514,0.1347,0.1391,0.1266,0.136,0.1059,0.1237,0.1272
0.1959,0.0688,0.1605,0.1059,0.0863,0.1628,0.1355,0.122,0.1014,0.1426,0.1366,0.1106,0.1175,0.1373,0.1182,0.1317,0.1421,0.1295,0.1309
0.1452,0.059,0.016,0.1476,0.1268,0.1403,0.1426,0.1348,0.0735,0.1281,0.14,0.1314,0.1404,0.1264,0.1339,0.123,0.1441,0.1329,0.1269
0.1745,0.1892,0.1458,0.1349,0.1473,0.1399,0.1339,0.1389,0.1126,0.1048,0.1222,0.1366,0.1368,0.122,0.1251,0.1366,0.1161,0.1229,0.1269
0.0294,0.1434,0.1169,0.0949,0.1036,0.1363,0.1447,0.1312,0.0971,0.1486,0.1178,0.1112,0.1193,0.1371,0.1121,0.131,0.1325,0.1163,0.1252
0.1122,0.0546,0.1408,0.1409,0.1246,0.121,0.1038,0.1406,0.1326,0.1235,0.1337,0.1184,0.1229,0.123,0.1355,0.116,0.1287,0.1311,0.126
0.0491,0.1502,0.1253,0.0614,0.159,0.1416,0.1066,0.1307,0.1259,0.1421,0.1223,0.0918,0.1348,0.1323,0.1316,0.1185,0.1168,0.1312,0.1214
0.1582,0.1564,0.032,0.1604,0.1096,0.1276,0.15,0.1298,0.0942,0.1211,0.1284,0.1155,0.145,0.1163,0.1083,0.1237,0.1194,0.1294,0.1262
0.1035,0.0235,0.163,0.1955,0.1604,0.1038,0.1338,0.1188,0.1298,0.1154,0.114,0.1329,0.137,0.1266,0.1195,0.1247,0.1244,0.1266,0.1241
0.0705,0.1725,0.131,0.0499,0.1429,0.1087,0.1222,0.1099,0.1099,0.1191,0.1243,0.1018,0.1396,0.1276,0.1271,0.1511,0.1212,0.1353,0.1343
0.0862,0.1504,0.1814,0.0749,0.0933,0.1621,0.1388,0.1176,0.1369,0.1087,0.1371,0.1069,0.1228,0.1365,0.1103,0.119,0.1422,0.1344,0.1151
0.2053,0.1922,0.1344,0.1543,0.069,0.0556,0.1497,0.1138,0.1005,0.1106,0.1263,0.1344,0.1089,0.1342,0.1274,0.1284,0.1279,0.1288,0.1188
0.0917,0.0992,0.1884,0.1426,0.1376,0.1346,0.1507,0.0922,0.1426,0.1295,0.0842,0.1218,0.1396,0.1414,0.1144,0.1299,0.1257,0.1365,0.1349
0.2197,0.2039,0.1522,0.1286,0.099,0.1293,0.0503,0.1269,0.152,0.1152,0.0981,0.1341,0.1326,0.1465,0.1305,0.1289,0.1319,0.1235,0.1284
0.038,0.1867,0.1585,0.1241,0.1049,0.1021,0.1441,0.0992,0.1364,0.1161,0.1433,0.1366,0.1366,0.1337,0.1324,0.1234,0.1373,0.1163,0.1199
0.0452,0.0915,0.1287,0.1209,0.0668,0.0718,0.1474,0.1743,0.1043,0.1221,0.1251,0.1207,0.0902,0.1197,0.1059,0.1384,0.1283,0.1271,0.1397
0.0489,0.0163,0.1905,0.1461,0.1006,0.1265,0.138,0.1464,0.0674,0.1148,0.1079,0.1273,0.1132,0.1333,0.1303,0.1162,0.1212,0.1287,0.129
0.0171,0.1253,0.1354,0.1354,0.1286,0.0997,0.1477,0.0582,0.1306,0.1278,0.1136,0.1386,0.1334,0.1367,0.1253,0.1189,0.125,0.1269,0.1169
-8e-04,0.1704,0.0681,0.1464,0.1517,0.1386,0.0973,0.1357,0.1307,0.1053,0.1669,0.1342,0.1078,0.134,0.1237,0.11,0.1257,0.134,0.1261
0.1594,0.18,0.1046,0.1491,0.1686,0.1162,0.1152,0.1633,0.1462,0.1255,0.1157,0.1093,0.1216,0.141,0.1177,0.1214,0.124,0.1129,0.1316
0.1116,0.1465,0.1545,0.1647,0.0725,0.099,0.1668,0.0999,0.1383,0.1379,0.1256,0.119,0.1382,0.1395,0.1348,0.1445,0.1319,0.1367,0.1332
0.1885,0.1373,0.1371,0.1553,0.0838,0.1489,0.0993,0.1122,0.1342,0.0962,0.1392,0.1318,0.1449,0.122,0.1356,0.112,0.1252,0.1239,0.1195
0.0915,0.1877,0.1505,0.1254,0.1836,0.1575,0.131,0.1279,0.1335,0.1393,0.1245,0.1258,0.1236,0.1203,0.1293,0.1202,0.1327,0.1352,0.123
0.0065,0.1835,0.0722,0.1438,0.1166,0.127,0.1464,0.1422,0.1097,0.1147,0.126,0.1542,0.1279,0.1337,0.1274,0.1164,0.1318,0.1266,0.1231
0.2625,0.1832,0.1176,0.1619,0.1118,0.1017,0.126,0.1465,0.0742,0.1235,0.1248,0.107,0.1304,0.1234,0.1041,0.1302,0.1303,0.1144,0.1318
0.0619,0.1321,0.1213,0.1288,0.1512,0.112,0.1344,0.1277,0.1293,0.1362,0.1131,0.0969,0.1391,0.1503,0.1513,0.1356,0.1314,0.1205,0.13
0.101,0.0623,0.1349,0.0971,0.0967,0.1635,0.1203,0.1343,0.1457,0.1532,0.109,0.1262,0.1114,0.1227,0.1296,0.1222,0.1219,0.1132,0.1184
0.1847,0.1915,0.1373,0.1609,0.1357,0.1609,0.1123,0.1186,0.1445,0.1299,0.0936,0.1393,0.1232,0.1087,0.1211,0.1277,0.1334,0.1181,0.1283
0.0973,0.1733,0.1332,0.1119,0.1415,0.1182,0.155,0.1229,0.1411,0.1294,0.105,0.1373,0.126,0.1255,0.1186,0.137,0.124,0.1181,0.1349
0.0175,0.172,0.1585,0.0845,0.1477,0.1891,0.1394,0.1253,0.1153,0.1149,0.1397,0.1373,0.1386,0.1309,0.1216,0.1415,0.1201,0.1284,0.1242
0.1492,0.1073,0.1029,0.1071,0.1853,0.1364,0.1193,0.1563,0.126,0.1385,0.0857,0.1448,0.1427,0.1384,0.1082,0.1401,0.1089,0.1274,0.1287
0.08,0.081,0.1342,0.1981,0.1144,0.1319,0.1316,0.119,0.1323,0.1338,0.1571,0.1204,0.1372,0.122,0.1099,0.1178,0.1334,0.1312,0.1306
0.0473,0.1165,0.0586,0.136,0.1338,0.1663,0.1295,0.1326,0.0934,0.1292,0.1289,0.152,0.1105,0.1049,0.1111,0.1242,0.1224,0.1311,0.124
0.0524,0.1616,0.1628,0.0994,0.1546,0.1424,0.1711,0.0827,0.1335,0.1352,0.1169,0.1464,0.1104,0.126,0.1241,0.1242,0.1174,0.1245,0.1366
0.07,0.0968,0.1002,0.1796,0.0709,0.169,0.1076,0.1299,0.1187,0.1448,0.1283,0.1234,0.1072,0.1198,0.1298,0.135,0.1177,0.1308,0.1361
0.1495,0.1949,0.1451,0.1483,0.1597,0.1544,0.14,0.0609,0.1305,0.0813,0.1292,0.1452,0.1309,0.1445,0.1274,0.127,0.1219,0.1172,0.1215
0.1801,0.1711,0.011,0.0728,0.1104,0.1658,0.0951,0.1567,0.1204,0.1046,0.1276,0.1195,0.0946,0.1079,0.1192,0.132,0.1224,0.1324,0.1361
0.2523,0.046,0.1847,0.0934,0.1458,0.1406,0.114,0.1464,0.1022,0.1316,0.1555,0.151,0.1338,0.128,0.136,0.1357,0.1206,0.1232,0.1238
0.2087,0.1285,0.1379,0.1446,0.0843,0.086,0.0733,0.0996,0.114,0.102,0.1428,0.1467,0.1215,0.1309,0.1356,0.1204,0.135,0.1423,0.1252
0.0252,0.2351,0.1131,0.1696,0.1826,0.1276,0.0961,0.1106,0.157,0.1292,0.1413,0.1398,0.1286,0.1514,0.143,0.1174,0.1301,0.1293,0.1304
0.0317,0.0434,0.1305,0.1242,0.1183,0.1223,0.1311,0.1572,0.1376,0.1048,0.1413,0.1353,0.1426,0.1107,0.1352,0.1205,0.116,0.1366,0.1162
0.1515,0.2256,0.1391,0.1102,0.1481,0.1044,0.104,0.1428,0.156,0.1323,0.1412,0.1326,0.1237,0.0894,0.1019,0.1331,0.1372,0.1348,0.1304
0.0502,0.1447,0.1379,0.1126,0.0931,0.1498,0.0899,0.1308,0.1388,0.156,0.1446,0.1314,0.1281,0.1192,0.1311,0.1186,0.1253,0.1299,0.1206
0.0526,0.1613,0.2104,0.1142,0.1613,0.1105,0.1166,0.1407,0.1433,0.1002,0.102,0.1355,0.1556,0.1267,0.1397,0.1246,0.1433,0.1392,0.1331
0.1823,0.1351,0.1598,0.0843,0.1567,0.0659,0.1198,0.1334,0.1223,0.1083,0.1196,0.1133,0.1172,0.0932,0.1357,0.1178,0.1215,0.1233,0.1346
0.0807,0.0178,0.0239,0.134,0.1553,0.1097,0.1323,0.1574,0.1233,0.1664,0.114,0.1587,0.1149,0.1096,0.1291,0.1333,0.1304,0.1245,0.1367
0.0916,0.2468,0.0362,0.1106,0.1418,0.1453,0.1638,0.1337,0.1405,0.1245,0.1584,0.1387,0.1302,0.1397,0.1253,0.1296,0.1327,0.1329,0.1273
0.1048,0.0824,0.0736,0.1432,0.128,0.1522,0.1339,0.1039,0.1335,0.1161,0.1327,0.1391,0.1273,0.1427,0.1255,0.1124,0.112,0.1297,0.1259
0.1756,0.0551,0.1544,0.0977,0.1423,0.1517,0.135,0.1214,0.127,0.0916,0.1548,0.1573,0.1449,0.1306,0.0952,0.1394,0.1368,0.1295,0.1299
0.2103,0.1404,0.0623,0.1754,0.1592,0.1351,0.1563,0.101,0.0819,0.1224,0.1555,0.1166,0.1465,0.1289,0.1311,0.1247,0.1227,0.1201,0.1187
0.0359,0.1169,0.0557,0.0556,0.1458,0.1244,0.0763,0.1124,0.108,0.1316,0.1248,0.1257,0.1423,0.1279,0.1338,0.1202,0.135,0.1259,0.1268
0.0188,0.109,0.1486,0.1149,0.1279,0.1355,0.1452,0.1453,0.1556,0.1229,0.1159,0.1199,0.117,0.113,0.1176,0.1204,0.1248,0.1296,0.1258
0.0284,0.1274,0.1113,0.1706,0.1672,0.0842,0.1407,0.1425,0.1395,0.1015,0.1362,0.128,0.1425,0.1361,0.1267,0.1443,0.1333,0.1326,0.1253
0.0278,0.145,0.1759,0.0853,0.1306,0.1293,0.1502,0.1345,0.1268,0.1325,0.1494,0.1293,0.1283,0.1388,0.1385,0.1304,0.1187,0.1211,0.1331
0.0225,0.1391,0.0943,0.1043,0.1451,0.0689,0.177,0.0699,0.1343,0.1497,0.1107,0.1303,0.1208,0.1288,0.1447,0.1121,0.1261,0.137,0.135
0.052,0.176,0.1242,0.1629,0.1461,0.1805,0.121,0.1077,0.1417,0.1065,0.1201,0.1233,0.1625,0.1165,0.1329,0.1452,0.1163,0.1271,0.1216
0.044,0.0194,0.1767,0.1661,0.1622,0.1721,0.1194,0.1537,0.11,0.1276,0.1247,0.1512,0.1357,0.1141,0.1127,0.1245,0.1128,0.1252,0.1215
0.1464,0.0237,0.1429,0.09,0.1272,0.194,0.136,0.1631,0.1455,0.1178,0.1367,0.1288,0.1444,0.1287,0.1243,0.1239,0.1243,0.1324,0.1319
0.0373,0.0741,0.1428,0.1853,0.1211,0.1504,0.1318,0.1095,0.1365,0.127,0.15,0.1305,0.1296,0.1247,0.1416,0.1288,0.1318,0.14,0.1282
0.1475,0.0343,0.1485,0.0923,0.1594,0.0971,0.1059,0.1116,0.1243,0.1303,0.1245,0.1066,0.1252,0.1264,0.1244,0.123,0.1284,0.1358,0.1252
0.2393,0.1256,0.185,0.1264,0.152,0.1111,0.0605,0.1298,0.1346,0.1275,0.1338,0.1221,0.1467,0.1366,0.1206,0.1208,0.1304,0.1439,0.1246
0.1006,0.1599,0.145,0.1005,0.1867,0.1265,0.1005,0.1205,0.1132,0.1147,0.1171,0.1215,0.1179,0.1427,0.1289,0.1321,0.1187,0.1282,0.1247
0.0999,0.1756,0.1782,0.1844,0.106,0.1448,0.1329,0.1438,0.1558,0.1413,0.1538,0.1282,0.1204,0.1324,0.1178,0.1155,0.1366,0.1188,0.1274
0.1037,0.1591,0.1269,0.1507,0.182,0.1242,0.1345,0.0821,0.1481,0.1352,0.1199,0.1113,0.1204,0.1236,0.1196,0.1431,0.1279,0.1306,0.1295
0.2204,0.0377,0.1336,0.1253,0.1448,0.1312,0.1266,0.1478,0.1244,0.1232,0.1392,0.1265,0.1325,0.135,0.1379,0.1271,0.1308,0.1253,0.1268
0.0432,0.1932,0.1268,0.0782,0.1444,0.0865,0.117,0.0957,0.1373,0.1347,0.121,0.1348,0.1272,0.1297,0.1242,0.1253,0.1299,0.1166,0.1361
0.172,0.1746,0.1299,0.1197,0.0774,0.1131,0.141,0.1351,0.1502,0.155,0.1241,0.1115,0.1307,0.1459,0.1258,0.1192,0.1178,0.1371,0.1282
0.0069,0.1368,0.164,0.1472,0.1237,0.126,0.1438,0.1407,0.1594,0.0823,0.1149,0.1254,0.1277,0.1011,0.1136,0.1378,0.136,0.1327,0.1315
0.0791,0.0538,0.0435,0.1799,0.1366,0.0991,0.1526,0.1483,0.1496,0.1155,0.1318,0.1375,0.129,0.1147,0.1303,0.1072,0.1337,0.1334,0.1217
0.0655,0.1604,0.0915,0.1288,0.1289,0.1569,0.0981,0.1369,0.112,0.1251,0.1222,0.0946,0.1084,0.1223,0.1355,0.1365,0.1241,0.136,0.1155
0.276,0.1696,0.1386,0.1394,0.1408,0.1277,0.1347,0.1539,0.0844,0.1502,0.1173,0.1399,0.148,0.1384,0.1349,0.1296,0.1298,0.1342,0.1279
0.0284,0.0819,0.0912,0.1763,0.117,0.1081,0.1101,0.118,0.1105,0.1497,0.136,0.1144,0.1388,0.146,0.1013,0.126,0.125,0.1318,0.1213
0.0886,0.0371,0.1711,0.1485,0.1874,0.133,0.1163,0.0772,0.1279,0.1506,0.1535,0.129,0.1249,0.1167,0.1065,0.143,0.1264,0.1247,0.122
0.0857,0.196,0.0837,0.1554,0.1333,0.1199,0.1448,0.1409,0.1507,0.1462,0.1177,0.123,0.1255,0.1242,0.1305,0.1342,0.1274,0.1333,0.1282
0.0589,0.0834,0.1412,0.1764,0.1493,0.1187,0.1355,0.1337,0.1397,0.1432,0.1147,0.1373,0.1265,0.1389,0.1105,0.1379,0.1229,0.1188,0.1293
0.0493,0.1053,0.1383,0.1142,0.1429,0.1292,0.1299,0.1265,0.137,0.1265,0.1261,0.0992,0.1325,0.1167,0.1525,0.148,0.1265,0.1322,0.1163
0.1783,0.0557,0.1639,0.0933,0.0764,0.1332,0.1377,0.1117,0.1494,0.1294,0.1201,0.1175,0.1518,0.1362,0.1098,0.132,0.127,0.1319,0.118
0.2204,0.0568,0.1305,0.1446,0.0702,0.1758,0.0637,0.1106,0.1329,0.1325,0.118,0.1193,0.1287,0.1313,0.1302,0.1365,0.1188,0.1222,0.1216
0.0058,0.0723,0.1161,0.1282,0.1174,0.1415,0.1618,0.1338,0.1077,0.1302,0.1421,0.1397,0.1228,0.1339,0.1209,0.1314,0.1259,0.1525,0.1313
0.0543,0.1877,0.1772,0.1453,0.1057,0.1425,0.0965,0.1593,0.1353,0.1025,0.1566,0.1435,0.1247,0.1245,0.1135,0.1153,0.1102,0.1315,0.1248
-0.0123,0.0897,0.1163,0.1618,0.1582,0.1364,0.1359,0.1252,0.1296,0.1419,0.1323,0.1334,0.1244,0.1274,0.1302,0.1262,0.1398,0.1193,0.1174
0.1118,0.0679,0.1891,0.1433,0.1274,0.12,0.1137,0.0964,0.1021,0.1071,0.1281,0.1405,0.1245,0.124,0.1018,0.1249,0.1279,0.1325,0.1269
0.0402,0.1387,0.0726,0.1357,0.059,0.1533,0.1216,0.1015,0.1284,0.0988,0.1224,0.123,0.114,0.1352,0.1272,0.1174,0.1344,0.1231,0.1363
0.2589,0.1521,0.146,0.1137,0.11,0.1166,0.1441,0.1331,0.1449,0.1171,0.1524,0.098,0.1311,0.1184,0.1401,0.1277,0.118,0.1324,0.1269
0.1643,0.1173,0.143,0.1753,0.1696,0.1282,0.1536,0.1206,0.139,0.1102,0.1232,0.1384,0.1057,0.1331,0.1246,0.1288,0.131,0.1217,0.1311
0.2019,0.1481,0.0631,0.0592,0.0884,0.1293,0.153,0.1343,0.1499,0.1259,0.1061,0.1459,0.1269,0.1311,0.1178,0.1183,0.1318,0.1243,0.1269
0.223,0.1925,0.1451,0.1479,0.123,0.1421,0.129,0.1188,0.1382,0.1323,0.144,0.1004,0.1126,0.1405,0.1238,0.1226,0.1361,0.1362,0.1289
0.0412,0.1542,0.1872,0.1541,0.128,0.1464,0.1757,0.1429,0.1087,0.1504,0.1158,0.139,0.1114,0.1341,0.1313,0.1267,0.1359,0.1261,0.134
0.105,0.1598,0.1343,0.078,0.1421,0.1667,0.1531,0.1232,0.1106,0.1115,0.1322,0.1178,0.144,0.1392,0.1401,0.1136,0.1237,0.1273,0.133
0.2105,0.1558,0.1533,0.0486,0.1239,0.1232,0.0916,0.1351,0.1018,0.1266,0.134,0.1232,0.1479,0.1331,0.132,0.1296,0.1268,0.1341,0.1181
0.1604,0.1917,0.0449,0.1146,0.1253,0.113,0.1064,0.1301,0.1125,0.1477,0.1347,0.1287,0.1414,0.1167,0.1287,0.1204,0.1417,0.1356,0.1279
0.1971,0.0277,0.1402,0.1586,0.1689,0.0797,0.1183,0.1363,0.0908,0.1337,0.1157,0.1218,0.1129,0.1216,0.1279,0.0974,0.1419,0.1182,0.1179
0.1157,0.076,0.1326,0.1655,0.0705,0.1509,0.125,0.1274,0.1241,0.1261,0.1177,0.14,0.136,0.11,0.1166,0.133,0.1215,0.1239,0.1329
0.0629,0.0634,0.1229,0.1353,0.1391,0.147,0.1041,0.1378,0.1406,0.1183,0.1371,0.1219,0.1292,0.12,0.1213,0.1093,0.1289,0.1389,0.1319
0.2499,0.1523,0.0583,0.1449,0.1572,0.1417,0.1615,0.1265,0.1267,0.1002,0.1278,0.1161,0.1236,0.1398,0.1347,0.1338,0.1244,0.1342,0.1335
0.1327,0.1931,0.1464,0.078,0.1339,0.1491,0.0828,0.1327,0.1244,0.1155,0.14,0.1062,0.1198,0.128,0.1092,0.1395,0.1267,0.1289,0.124
0.0142,0.1812,0.1374,0.1349,0.1377,0.0478,0.1227,0.1226,0.1378,0.1145,0.1455,0.1358,0.1291,0.1479,0.1237,0.1362,0.1317,0.1214,0.1243
0.1849,0.1177,0.2105,0.1691,0.1632,0.1216,0.1366,0.1524,0.1503,0.1455,0.1297,0.1312,0.1355,0.1128,0.1301,0.1344,0.1321,0.1361,0.1299
0.179,0.1367,0.1412,0.1278,0.1207,0.1711,0.1189,0.1199,0.1446,0.106,0.0979,0.1037,0.1315,0.1332,0.1187,0.1182,0.1247,0.1239,0.1189
0.2797,0.0544,0.0932,0.1517,0.0501,0.1567,0.098,0.1115,0.1412,0.0933,0.1552,0.1424,0.1153,0.1338,0.1362,0.1248,0.1287,0.1248,0.1182
0.0239,0.1705,0.1647,0.1526,0.0792,0.0483,0.0802,0.1054,0.13,0.1261,0.1155,0.1318,0.1241,0.1088,0.1176,0.1381,0.1381,0.1342,0.1237
0.0258,0.1643,0.1092,0.1189,0.1676,0.1464,0.1152,0.1318,0.1402,0.1305,0.1532,0.1345,0.1132,0.1444,0.115,0.1188,0.1206,0.1154,0.1275
0.0661,0.151,0.0548,0.053,0.0933,0.09,0.095,0.1504,0.1548,0.1263,0.1202,0.1185,0.1412,0.1363,0.1524,0.1293,0.1359,0.1201,0.1242
0.027,0.2186,0.095,0.1419,0.1494,0.1642,0.1521,0.1457,0.1173,0.1072,0.0716,0.1187,0.1189,0.1489,0.1398,0.1342,0.1167,0.1353,0.131
-0.0061,0.1467,0.1105,0.1372,0.1231,0.1749,0.1567,0.1496,0.1548,0.1159,0.1302,0.1104,0.1327,0.1262,0.1388,0.1061,0.127,0.1321,0.1226
0.1736,0.0797,0.1371,0.138,0.1072,0.1106,0.1361,0.1472,0.1283,0.1363,0.1385,0.145,0.1502,0.1498,0.1226,0.1388,0.127,0.1315,0.1315
0.2646,0.1637,0.1809,0.1352,0.1102,0.1011,0.1345,0.1236,0.1298,0.1262,0.1203,0.1259,0.0823,0.1132,0.1344,0.1323,0.1263,0.1226,0.1392
0.0623,0.1513,0.1246,0.1282,0.1324,0.1328,0.0827,0.0661,0.1332,0.1029,0.1113,0.1231,0.1372,0.1259,0.1207,0.1257,0.1257,0.1339,0.1271
0.2502,0.165,0.1247,0.1531,0.1541,0.0648,0.1451,0.1493,0.141,0.1498,0.1224,0.0907,0.1358,0.1408,0.1169,0.1268,0.1402,0.1225,0.1327
-0.019,0.1709,0.1581,0.0952,0.1398,0.131,0.1153,0.1212,0.1187,0.1583,0.1112,0.1235,0.1449,0.1312,0.1201,0.1228,0.1323,0.1375,0.1374
0.1959,0.0561,0.0504,0.1697,0.1783,0.1261,0.1023,0.1231,0.1395,0.1239,0.1373,0.1427,0.1505,0.115,0.123,0.1162,0.1009,0.1403,0.132
0.0664,0.1595,0.1235,0.1582,0.1669,0.1576,0.1056,0.1123,0.0802,0.1152,0.1225,0.1257,0.1167,0.1369,0.0874,0.1253,0.1204,0.1172,0.1273
0.1051,0.1584,0.1578,0.0319,0.1682,0.1725,0.0991,0.0878,0.0827,0.1484,0.1226,0.1361,0.1064,0.1176,0.1176,0.1164,0.1161,0.1117,0.1373
0.1118,0.0619,0.1341,0.0948,0.0804,0.0991,0.108,0.1056,0.1245,0.1181,0.1065,0.1241,0.1262,0.1437,0.1254,0.1279,0.1409,0.1346,0.135
0.0047,0.0458,0.1115,0.1148,0.1433,0.0886,0.1095,0.1498,0.0734,0.1547,0.1484,0.1193,0.139,0.1321,0.1229,0.1266,0.1326,0.1284,0.1288
0.0103,0.1862,0.1418,0.0793,0.1603,0.141,0.1328,0.1027,0.1456,0.1362,0.1042,0.1417,0.1442,0.1289,0.1213,0.1341,0.1228,0.1135,0.1336
0.1346,0.1386,0.1308,0.1546,0.147,0.1666,0.1619,0.1546,0.1547,0.1001,0.1154,0.1205,0.144,0.1259,0.1371,0.1256,0.1274,0.1285,0.1196
0.0491,0.1661,0.0711,0.1658,0.1394,0.0934,0.1123,0.1132,0.1258,0.1315,0.1114,0.1354,0.1204,0.1352,0.1211,0.1294,0.1291,0.1366,0.1253
0.0337,0.1809,0.1697,0.1078,0.1745,0.1018,0.1447,0.1337,0.1359,0.1369,0.1174,0.1245,0.1049,0.1119,0.1365,0.1199,0.1343,0.1291,0.121
0.1035,0.0503,0.1864,0.0752,0.1599,0.1457,0.1506,0.1028,0.1171,0.1294,0.1297,0.1296,0.1199,0.1425,0.1189,0.1284,0.1245,0.1302,0.1173
0.0792,0.0736,0.1734,0.097,0.1257,0.1633,0.1362,0.1333,0.1577,0.1178,0.1497,0.0913,0.1343,0.1231,0.125,0.1193,0.121,0.1275,0.127
0.2137,0.1608,0.1094,0.117,0.1318,0.1543,0.1229,0.1295,0.1485,0.1138,0.1257,0.1452,0.1386,0.131,0.1119,0.1419,0.12,0.1168,0.1347
0.2465,0.1673,0.0955,0.0421,0.1315,0.0621,0.1529,0.1046,0.131,0.1255,0.1095,0.0939,0.1355,0.1343,0.1203,0.1199,0.1147,0.1319,0.1341
0.0493,0.1427,0.1452,0.1043,0.1413,0.1296,0.1223,0.1247,0.1027,0.1365,0.1281,0.1299,0.1168,0.1306,0.1433,0.119,0.1333,0.1107,0.1275
0.0758,0.0593,0.1395,0.1496,0.132,0.1507,0.1275,0.148,0.1219,0.1004,0.1454,0.1344,0.1228,0.1344,0.1351,0.1183,0.148,0.1121,0.1352
0.1793,0.1972,0.1722,0.1627,0.1205,0.1429,0.1467,0.0692,0.1089,0.1139,0.1362,0.144,0.1454,0.117,0.1311,0.1317,0.1319,0.1223,0.1274
0.1075,0.056,0.0724,0.0663,0.1051,0.1582,0.1206,0.1509,0.1391,0.1444,0.1186,0.0959,0.1352,0.1064,0.1492,0.129,0.125,0.1265,0.1288
0.0372,0.1527,0.1346,0.1055,0.1422,0.1337,0.1561,0.1156,0.1369,0.1077,0.1241,0.1318,0.1104,0.1182,0.1469,0.1226,0.126,0.1153,0.1199
0.1015,0.1587,0.0832,0.1041,0.1523,0.151,0.1404,0.0974,0.0973,0.1478,0.1376,0.1294,0.1278,0.1079,0.1189,0.1211,0.1226,0.1191,0.1327
0.2087,0.1665,0.0936,0.1077,0.1603,0.1503,0.1306,0.1396,0.1239,0.1318,0.1154,0.1239,0.1276,0.1398,0.1293,0.1386,0.1078,0.1147,0.1279
-0.009,0.1278,0.1834,0.1448,0.116,0.1016,0.1315,0.1397,0.1459,0.1056,0.128,0.1173,0.1007,0.137,0.1232,0.1299,0.1295,0.11,0.1228
0.0691,0.0788,0.1638,0.0751,0.1482,0.1192,0.1097,0.1123,0.1395,0.1441,0.1049,0.1413,0.1293,0.1361,0.1323,0.1175,0.1261,0.1198,0.1296
0.0241,0.1906,0.1376,0.1892,0.1053,0.137,0.1052,0.1245,0.1485,0.1238,0.1124,0.1395,0.1231,0.1313,0.1115,0.1209,0.1342,0.1306,0.1269
0.1412,0.1576,0.1492,0.0952,0.0884,0.1167,0.1011,0.097,0.1263,0.1275,0.0998,0.1399,0.1032,0.1214,0.146,0.1259,0.1227,0.1346,0.1229
0.2305,0.1063,0.1687,0.1527,0.1238,0.1383,0.1385,0.1096,0.1317,0.1339,0.136,0.1073,0.1283,0.131,0.1169,0.1304,0.1276,0.1192,0.1277
0.0261,0.1937,0.1639,0.1542,0.1582,0.0902,0.1109,0.126,0.1576,0.1345,0.1453,0.131,0.1316,0.1245,0.1293,0.1361,0.1304,0.135,0.1207
0.0243,0.1828,0.2016,0.1662,0.1551,0.1119,0.1148,0.1165,0.1362,0.1313,0.1356,0.1162,0.1262,0.1211,0.1102,0.1283,0.1117,0.1183,0.1112
0.0686,0.0421,0.1285,0.078,0.1633,0.1036,0.1505,0.1285,0.15,0.127,0.1368,0.1332,0.1058,0.116,0.1223,0.124,0.1333,0.1338,0.1326
0.2521,0.1579,0.0829,0.1498,0.1114,0.1677,0.1427,0.141,0.1373,0.1403,0.1152,0.1493,0.1275,0.1258,0.1366,0.1248,0.1091,0.1312,0.1196
0.1446,0.1715,0.056,0.1603,0.1474,0.1302,0.1338,0.1539,0.1436,0.1273,0.0902,0.146,0.1188,0.1211,0.1133,0.1371,0.1067,0.1228,0.1281
0.2446,0.1632,0.1037,0.1506,0.1283,0.1294,0.1401,0.1221,0.1153,0.1261,0.1173,0.1579,0.1457,0.1359,0.1333,0.1334,0.1297,0.122,0.1346
0.0623,0.0834,0.1383,0.1199,0.0769,0.1275,0.1097,0.158,0.1154,0.1303,0.1372,0.1373,0.1064,0.124,0.1402,0.1192,0.1246,0.1325,0.122
0.0573,0.1705,0.126,0.1287,0.1138,0.1482,0.1302,0.151,0.1257,0.1569,0.1502,0.131,0.1083,0.1401,0.1285,0.1443,0.1161,0.1267,0.1317
0.0449,0.209,0.1742,0.0675,0.1218,0.0775,0.1116,0.1118,0.1151,0.1448,0.1231,0.1372,0.142,0.1161,0.1236,0.1504,0.1333,0.1243,0.1177
0.2412,0.1125,0.1602,0.147,0.1522,0.1599,0.103,0.1542,0.0889,0.1476,0.1026,0.1366,0.1094,0.1174,0.1435,0.1363,0.1207,0.1194,0.1253
0.1053,0.064,0.1054,0.114,0.151,0.1362,0.1165,0.119,0.1398,0.1077,0.1261,0.149,0.1286,0.1406,0.1155,0.1145,0.1314,0.1301,0.1242
0.1985,0.0192,0.1632,0.138,0.1525,0.0752,0.0985,0.1064,0.1449,0.1375,0.1548,0.1438,0.1461,0.1355,0.1347,0.1289,0.1222,0.1271,0.1224
0.1637,0.1373,0.154,0.1598,0.1677,0.1481,0.1149,0.1412,0.1456,0.1497,0.1409,0.138,0.1413,0.1337,0.129,0.1347,0.1336,0.1398,0.1352
0.047,0.2101,0.1339,0.1283,0.136,0.1096,0.0874,0.0924,0.0906,0.1368,0.1179,0.1408,0.1382,0.146,0.1447,0.111,0.1166,0.1165,0.1206
0.0263,0.1943,0.081,0.1788,0.1519,0.1056,0.1208,0.0983,0.1159,0.1464,0.1183,0.1384,0.1372,0.1444,0.1267,0.1323,0.1141,0.1222,0.1276
0.1091,0.0782,0.1874,0.1417,0.1393,0.1656,0.1671,0.1135,0.175,0.1096,0.1232,0.138,0.1628,0.1309,0.1179,0.1328,0.1245,0.1266,0.1256
0.155,0.0687,0.0366,0.1744,0.1426,0.1412,0.16,0.1364,0.122,0.1081,0.1311,0.1277,0.1195,0.1374,0.1312,0.1244,0.1245,0.1271,0.1388
0.2544,0.1796,0.1182,0.1462,0.1611,0.1593,0.1143,0.1198,0.1232,0.1529,0.1203,0.1424,0.1234,0.1291,0.1216,0.1368,0.115,0.1202,0.1199
0.1084,0.0487,0.1226,0.1331,0.1357,0.1356,0.1486,0.1056,0.1312,0.1187,0.1107,0.1275,0.138,0.144,0.1328,0.1304,0.1237,0.132,0.1236
0.0055,0.1401,0.1848,0.159,0.1615,0.1392,0.1294,0.167,0.0691,0.1506,0.1306,0.1259,0.1248,0.134,0.1307,0.1345,0.1355,0.1194,0.1304
0.1815,0.1642,0.1797,0.169,0.0731,0.1652,0.1604,0.0994,0.1641,0.1042,0.1476,0.1277,0.1113,0.1094,0.1132,0.1307,0.1205,0.1302,0.1119
0.224,0.0641,0.0458,0.1521,0.1254,0.14,0.1097,0.1285,0.162,0.1052,0.1461,0.121,0.1215,0.1458,0.1284,0.1296,0.1369,0.1229,0.1249
0.1317,0.0163,0.154,0.1027,0.0634,0.1268,0.1387,0.1142,0.1123,0.1444,0.1508,0.132,0.1293,0.1383,0.1438,0.1306,0.1159,0.1299,0.1376
0.0536,0.1583,0.0878,0.1523,0.139,0.1099,0.1308,0.1411,0.1182,0.107,0.1372,0.1282,0.1394,0.128,0.1275,0.1318,0.1292,0.1319,0.1236
0.0289,0.0241,0.1375,0.0985,0.1498,0.1319,0.1382,0.1484,0.0709,0.1345,0.0922,0.128,0.1106,0.1329,0.1239,0.1136,0.1263,0.1173,0.1361
0.2163,0.2066,0.1361,0.1194,0.1427,0.1473,0.1386,0.1033,0.14,0.1127,0.1257,0.1168,0.1365,0.1326,0.1438,0.1332,0.1271,0.1431,0.1208
0.0234,0.0458,0.1337,0.1194,0.1611,0.1481,0.1512,0.1404,0.1265,0.097,0.119,0.1083,0.1358,0.1439,0.128,0.1295,0.1206,0.1212,0.1292
0.0421,0.2248,0.1483,0.0873,0.071,0.1419,0.1256,0.1212,0.1187,0.1056,0.0759,0.1276,0.1336,0.131,0.1385,0.1187,0.1224,0.1317,0.1294
0.0938,0.1384,0.1478,0.1207,0.1051,0.1368,0.1243,0.127,0.1572,0.1039,0.1238,0.0971,0.1373,0.1372,0.1369,0.1243,0.1134,0.1208,0.1318
0.2033,0.0281,0.0241,0.1417,0.167,0.0888,0.1445,0.1251,0.0968,0.1177,0.1568,0.1204,0.1159,0.1256,0.1352,0.1326,0.1384,0.1378,0.1237
0.199,0.1311,0.177,0.0799,0.1373,0.1179,0.1306,0.1624,0.1312,0.1164,0.1204,0.1451,0.1279,0.1127,0.124,0.111,0.1315,0.1452,0.1272
0.2457,0.1388,0.1657,0.1359,0.1411,0.1164,0.151,0.1359,0.1364,0.1536,0.1125,0.15,0.1131,0.1136,0.1191,0.1227,0.1379,0.1266,0.1235
0.1128,0.1869,0.1567,0.1583,0.1047,0.1266,0.1249,0.1149,0.1175,0.1203,0.1035,0.1277,0.1441,0.1231,0.1208,0.1166,0.1242,0.1349,0.1366
0.0434,0.1176,0.1638,0.1342,0.1387,0.1542,0.0996,0.1481,0.1133,0.1343,0.1263,0.1497,0.127,0.1358,0.1169,0.1155,0.1235,0.1201,0.1325
0.2028,0.1474,0.1238,0.1616,0.1442,0.0852,0.1657,0.1105,0.1253,0.1335,0.1006,0.1117,0.1332,0.1342,0.1246,0.1172,0.1463,0.1436,0.1293
0.0527,0.1784,0.1585,0.0931,0.1252,0.1463,0.1449,0.1308,0.1635,0.1409,0.1338,0.1144,0.1218,0.1362,0.1274,0.1265,0.1183,0.1316,0.121
0.0279,0.0154,0.0765,0.1609,0.1619,0.1553,0.1706,0.1334,0.1442,0.1295,0.0936,0.1484,0.1337,0.1219,0.1378,0.12,0.1307,0.1312,0.1213
0.1325,0.1599,0.0845,0.1296,0.1544,0.1562,0.1477,0.1215,0.119,0.1209,0.1393,0.1301,0.1312,0.1533,0.1278,0.1277,0.1393,0.1151,0.1222
0.0911,0.1329,0.1854,0.1582,0.1378,0.1509,0.1747,0.1314,0.1224,0.1507,0.1154,0.1212,0.112,0.1137,0.1309,0.1294,0.1289,0.135,0.1375
0.0082,0.1789,0.1453,0.1442,0.1588,0.1235,0.1084,0.1491,0.1295,0.1069,0.1028,0.1452,0.1392,0.1213,0.1224,0.1555,0.1494,0.1258,0.1229
0.1103,0.1904,0.0972,0.1275,0.1647,0.1044,0.1425,0.1412,0.1463,0.1665,0.1104,0.1336,0.122,0.1313,0.1436,0.1383,0.1328,0.126,0.13
0.0461,0.1514,0.1752,0.1679,0.1207,0.1569,0.1006,0.1073,0.1111,0.1384,0.1329,0.1513,0.1211,0.1262,0.1252,0.1158,0.1273,0.1206,0.1264
0.1021,0.0831,0.0892,0.1384,0.1149,0.0919,0.1234,0.1261,0.1316,0.1469,0.1439,0.1482,0.1449,0.1276,0.1239,0.1289,0.1322,0.1204,0.1175
0.0656,0.0685,0.0409,0.0478,0.1089,0.1173,0.0945,0.1343,0.1447,0.1519,0.1495,0.1315,0.1116,0.1304,0.1177,0.1369,0.1302,0.1271,0.124
0.1977,0.0494,0.0415,0.1428,0.1455,0.1486,0.1418,0.1471,0.1473,0.1149,0.1365,0.1379,0.1536,0.1067,0.1106,0.1229,0.1156,0.1185,0.135
0.0287,0.0862,0.0917,0.1822,0.1133,0.1284,0.1118,0.1466,0.1443,0.1126,0.1209,0.1273,0.1278,0.1388,0.1406,0.1315,0.1232,0.1411,0.1304
-0.0119,0.1648,0.1221,0.1295,0.1609,0.153,0.1342,0.0799,0.1514,0.1515,0.1118,0.1252,0.1323,0.1205,0.1288,0.1387,0.1223,0.143,0.1292
0.0286,0.0868,0.1616,0.0819,0.1298,0.1379,0.1432,0.1085,0.1114,0.1181,0.1361,0.1329,0.125,0.1495,0.1174,0.1308,0.1199,0.1223,0.126
0.0571,0.1968,0.1366,0.1276,0.1698,0.1381,0.1105,0.1469,0.108,0.141,0.1346,0.1398,0.1047,0.1353,0.1142,0.1309,0.1317,0.1238,0.1226
0.0672,0.1838,0.1031,0.1426,0.1299,0.1476,0.1302,0.1506,0.1021,0.1237,0.1347,0.1375,0.1242,0.1284,0.1388,0.1178,0.143,0.1402,0.1361
0.0513,0.0555,0.1453,0.0838,0.1388,0.1703,0.1076,0.1549,0.139,0.1244,0.1214,0.1325,0.1194,0.1328,0.1232,0.1256,0.1285,0.1275,0.1216
0.0813,0.1704,0.0446,0.0821,0.1184,0.1627,0.1433,0.1435,0.1375,0.1163,0.1293,0.1346,0.1317,0.1075,0.1413,0.1189,0.1293,0.1279,0.1176
0.0271,0.1052,0.152,0.1186,0.1448,0.1354,0.1355,0.1171,0.147,0.1429,0.108,0.1522,0.1251,0.1002,0.1242,0.1232,0.1249,0.1282,0.1276
0.009,0.1358,0.1245,0.1596,0.1542,0.1522,0.1442,0.1175,0.1087,0.1056,0.1424,0.1188,0.124,0.1329,0.1381,0.117,0.1181,0.1239,0.1268
-0.0054,0.1922,0.0496,0.0594,0.1305,0.1473,0.1516,0.1282,0.1345,0.1179,0.1114,0.1428,0.1425,0.1454,0.1307,0.1453,0.1365,0.1274,0.1277
0.0906,0.0366,0.1537,0.1185,0.1352,0.1109,0.092,0.1117,0.1456,0.1467,0.1394,0.1375,0.1466,0.1189,0.119,0.1173,0.1178,0.1416,0.1218
0.2667,0.0977,0.1405,0.1398,0.1678,0.1065,0.1654,0.1341,0.1361,0.1373,0.1192,0.1481,0.1407,0.1283,0.124,0.1164,0.1337,0.1427,0.1377
0.0461,0.1474,0.0742,0.1213,0.1423,0.1207,0.1025,0.1315,0.1198,0.1322,0.1297,0.142,0.0911,0.1149,0.1336,0.0989,0.1278,0.1276,0.1287
0.1388,0.1939,0.1393,0.1126,0.0753,0.1133,0.107,0.1533,0.1248,0.132,0.1236,0.1288,0.1279,0.1208,0.1303,0.1269,0.1368,0.1221,0.1176
0.2094,0.1139,0.0787,0.0629,0.1219,0.1728,0.0782,0.0638,0.1453,0.1034,0.1573,0.155,0.1058,0.1318,0.1493,0.1419,0.1337,0.127,0.1097
0.1689,0.126,0.194,0.0853,0.1694,0.1037,0.1178,0.1506,0.1397,0.1527,0.1238,0.1225,0.1202,0.1207,0.1234,0.1412,0.1222,0.1182,0.1405
0.0408,0.1577,0.1021,0.1261,0.1101,0.1402,0.1275,0.1227,0.1319,0.1193,0.1046,0.1369,0.1179,0.1143,0.1302,0.1236,0.134,0.1344,0.1196
0.0635,0.0552,0.0837,0.0466,0.1466,0.1698,0.1099,0.1032,0.0981,0.1237,0.1281,0.1149,0.1202,0.1191,0.1219,0.1204,0.1276,0.1269,0.1365
0.2129,0.1377,0.138,0.1316,0.1599,0.12,0.1485,0.1543,0.1493,0.1092,0.1214,0.1193,0.1267,0.1298,0.1241,0.1427,0.1342,0.1361,0.1372
0.0094,0.1819,0.1183,0.135,0.0999,0.1565,0.1454,0.1405,0.166,0.1284,0.0951,0.1043,0.1188,0.104,0.1223,0.1232,0.1041,0.1365,0.1221
0.1754,0.2216,0.1515,0.1064,0.0572,0.1575,0.1223,0.1359,0.1323,0.1423,0.1195,0.1325,0.1131,0.1268,0.1318,0.1222,0.1303,0.1367,0.1175
0.2004,0.149,0.1482,0.1668,0.1529,0.1341,0.1005,0.0699,0.1152,0.1133,0.1517,0.1086,0.1355,0.1256,0.1189,0.1132,0.1165,0.123,0.1238
0.038,0.1596,0.1359,0.1497,0.0968,0.0505,0.1194,0.116,0.1364,0.1459,0.1388,0.1146,0.1042,0.129,0.1311,0.1229,0.1277,0.1175,0.1231
0.0646,0.1175,0.079,0.046,0.1282,0.0794,0.1389,0.1517,0.1147,0.1649,0.1426,0.1404,0.109,0.1319,0.1469,0.1398,0.1254,0.1315,0.1191
0.0579,0.1222,0.065,0.1332,0.1396,0.116,0.1169,0.1316,0.1175,0.1366,0.1187,0.1033,0.1361,0.1178,0.1084,0.1255,0.1295,0.1313,0.126
0.0629,0.1153,0.1396,0.0808,0.0876,0.1054,0.0841,0.1594,0.1061,0.1521,0.1157,0.1292,0.1289,0.1241,0.1478,0.1317,0.1121,0.1197,0.1461
0.0133,0.0482,0.137,0.1936,0.1813,0.1311,0.1118,0.112,0.1033,0.1237,0.1257,0.1344,0.137,0.1189,0.1215,0.1323,0.133,0.1195,0.1273
0.2017,0.0356,0.0865,0.1692,0.1389,0.121,0.1089,0.1403,0.143,0.1063,0.1213,0.1231,0.1449,0.1443,0.1243,0.1442,0.1165,0.1332,0.1448
0.0755,0.1055,0.0678,0.1389,0.1263,0.1433,0.1585,0.1405,0.1373,0.1031,0.1155,0.1376,0.1127,0.1146,0.1374,0.1237,0.1351,0.1176,0.1226
0.1932,0.158,0.1681,0.1527,0.045,0.1516,0.1327,0.1436,0.151,0.1341,0.1351,0.1274,0.1501,0.1376,0.1334,0.1356,0.1221,0.112,0.1172
0.2177,0.0344,0.1274,0.1158,0.0845,0.1628,0.1439,0.131,0.0923,0.1291,0.1517,0.1365,0.1304,0.1196,0.1391,0.1224,0.1209,0.1269,0.1193
0.2405,0.1178,0.1602,0.0748,0.1414,0.1601,0.1101,0.1342,0.1159,0.1354,0.1153,0.1438,0.1246,0.1098,0.1392,0.1251,0.1229,0.1426,0.1267
0.0638,0.0644,0.099,0.0776,0.1333,0.1071,0.147,0.1611,0.1058,0.1369,0.1396,0.1332,0.1306,0.1256,0.1142,0.1304,0.1272,0.1206,0.1321
0.1569,0.079,0.1696,0.1532,0.1029,0.1448,0.1046,0.1182,0.1312,0.1563,0.1273,0.138,0.1043,0.1499,0.1345,0.1462,0.1355,0.1236,0.1303
0.2114,0.0804,0.1236,0.065,0.1506,0.1388,0.0803,0.1329,0.1402,0.0965,0.1466,0.1318,0.1305,0.1294,0.1335,0.1054,0.1259,0.1328,0.1285
0.1501,0.1801,0.1677,0.1705,0.1398,0.1181,0.0766,0.1208,0.135,0.1392,0.1248,0.1527,0.1141,0.1575,0.1364,0.1277,0.1402,0.1114,0.1245
0.1442,0.0482,0.1544,0.0905,0.1031,0.1407,0.1753,0.1397,0.119,0.1286,0.1088,0.1026,0.1011,0.1197,0.135,0.1203,0.1288,0.1342,0.1284
0.0868,0.2223,0.1735,0.0383,0.1587,0.1382,0.1208,0.0577,0.142,0.1329,0.1225,0.1375,0.1567,0.1321,0.1322,0.1259,0.1458,0.1284,0.1299
0.0118,0.0533,0.1116,0.1624,0.1262,0.1807,0.1313,0.1282,0.135,0.1516,0.1194,0.1245,0.1186,0.1342,0.1213,0.1103,0.1276,0.1177,0.1326
0.0741,0.1632,0.1615,0.0911,0.1321,0.1466,0.1647,0.139,0.1152,0.1144,0.1348,0.1294,0.1371,0.1095,0.136,0.1192,0.1402,0.1383,0.1331
0.216,0.1474,0.084,0.0674,0.1519,0.1516,0.1184,0.0985,0.1209,0.1292,0.122,0.1301,0.1267,0.1109,0.1232,0.1303,0.1371,0.1246,0.1224
0.1987,0.1769,0.153,0.1307,0.1339,0.1447,0.0972,0.1309,0.1228,0.1472,0.1142,0.1355,0.1199,0.1083,0.13,0.1195,0.1286,0.1292,0.1291
0.1545,0.1284,0.1955,0.1542,0.1356,0.1108,0.1449,0.1032,0.1104,0.1167,0.1217,0.1379,0.1359,0.1184,0.1246,0.1175,0.1257,0.1255,0.1226
0.235,0.1628,0.061,0.1863,0.1291,0.1141,0.0723,0.1468,0.1099,0.1245,0.1099,0.1295,0.1316,0.1415,0.1344,0.1218,0.122,0.1242,0.1331
0.0846,0.146,0.1037,0.1489,0.0954,0.1033,0.1286,0.1349,0.1296,0.1322,0.1598,0.1286,0.1422,0.1356,0.1304,0.1234,0.1228,0.1384,0.1229
0.0941,0.1933,0.1245,0.1572,0.1194,0.1346,0.1467,0.1314,0.1338,0.1346,0.1508,0.125,0.1156,0.1302,0.1183,0.1374,0.1427,0.1229,0.1319
0.0917,0.1631,0.0577,0.0921,0.1201,0.1072,0.1262,0.1275,0.142,0.1152,0.1451,0.1139,0.1142,0.1282,0.1177,0.1317,0.1341,0.1301,0.1195
0.1225,0.2203,0.1612,0.1565,0.1353,0.1099,0.128,0.1456,0.0922,0.11,0.1331,0.1192,0.1155,0.1336,0.1197,0.1204,0.1208,0.1265,0.1189
0.2152,0.1885,0.1577,0.1042,0.084,0.1565,0.1463,0.1101,0.1036,0.1088,0.1038,0.1334,0.1049,0.1226,0.1355,0.1359,0.143,0.137,0.1294
0.1039,0.1069,0.1948,0.0464,0.1322,0.1526,0.1403,0.073,0.1372,0.1322,0.1275,0.1068,0.1179,0.1318,0.1289,0.1225,0.1373,0.1307,0.1317
0.2321,0.1757,0.1835,0.0139,0.1228,0.1451,0.1078,0.1197,0.1414,0.1548,0.1114,0.1186,0.1205,0.1335,0.1247,0.1464,0.1215,0.1264,0.1331
0.0316,0.2269,0.0373,0.1392,0.152,0.1076,0.1293,0.1408,0.114,0.1156,0.1131,0.127,0.1083,0.1224,0.1369,0.1218,0.1254,0.1256,0.1339
0.2485,0.1912,0.1324,0.1579,0.057,0.1388,0.1281,0.1555,0.0675,0.14,0.148,0.1456,0.1318,0.1271,0.1196,0.1386,0.1452,0.1274,0.124
0.0642,0.1145,0.1558,0.084,0.116,0.1281,0.131,0.1264,0.1488,0.1253,0.1443,0.1158,0.1205,0.1032,0.1344,0.1304,0.1291,0.1189,0.1262
0.2175,0.1289,0.0395,0.132,0.1651,0.0865,0.1241,0.1322,0.1288,0.1428,0.1176,0.1329,0.14,0.115,0.1237,0.1203,0.1232,0.1388,0.1264
0.0816,0.1236,0.0789,0.159,0.1376,0.1412,0.1427,0.1181,0.1301,0.1147,0.1197,0.1275,0.105,0.1389,0.0984,0.1177,0.1241,0.1357,0.127
0.1965,0.1489,0.073,0.1635,0.0742,0.0432,0.1276,0.1139,0.0839,0.1336,0.1006,0.1043,0.1316,0.113,0.1291,0.1424,0.1466,0.1402,0.1332
0.1228,0.1527,0.1763,0.1495,0.1578,0.1284,0.1578,0.11,0.094,0.1384,0.1081,0.1089,0.1149,0.1215,0.1281,0.1229,0.1297,0.1273,0.1238
0.028,0.1583,0.1742,0.1117,0.144,0.1487,0.1013,0.0818,0.1013,0.1239,0.1342,0.1485,0.1245,0.1242,0.1253,0.134,0.1353,0.1124,0.1294
0.0747,0.1413,0.1649,0.1413,0.1346,0.1568,0.1579,0.1129,0.1106,0.1205,0.1452,0.1317,0.1196,0.1441,0.1296,0.1334,0.1233,0.1367,0.1367
0.032,0.0965,0.1454,0.1394,0.1085,0.0703,0.06,0.1279,0.1152,0.0898,0.1392,0.1148,0.1342,0.1395,0.1214,0.1219,0.131,0.1399,0.1376
0.1087,0.1822,0.1556,0.1183,0.1289,0.1195,0.1504,0.1229,0.1199,0.1309,0.145,0.1554,0.1228,0.1255,0.1325,0.1256,0.1275,0.1184,0.1234
0.0306,0.091,0.0681,0.1488,0.1682,0.0858,0.1098,0.1327,0.1312,0.1414,0.1351,0.1216,0.1229,0.1393,0.1202,0.1284,0.1276,0.1306,0.1283
0.1298,0.1331,0.0782,0.1153,0.1606,0.0441,0.1352,0.1445,0.1456,0.1316,0.1156,0.1511,0.1283,0.1226,0.1226,0.1276,0.1377,0.1327,0.1236
0.1697,0.1719,0.1181,0.1428,0.1245,0.0897,0.1183,0.1223,0.1241,0.1211,0.1308,0.1365,0.1079,0.1241,0.1412,0.1299,0.1329,0.1342,0.1331
0.2625,0.1653,0.1577,0.1866,0.143,0.1368,0.1254,0.1323,0.1638,0.1327,0.1544,0.1243,0.1492,0.14,0.1281,0.1206,0.1297,0.1256,0.1226
0.063,0.0118,0.1138,0.1874,0.1459,0.1231,0.1553,0.118,0.1474,0.1302,0.1371,0.1224,0.1505,0.1396,0.1394,0.1291,0.117,0.1377,0.1253
0.1589,0.1112,0.1766,0.0887,0.1163,0.1345,0.1378,0.1497,0.1579,0.1408,0.1327,0.116,0.1402,0.1092,0.1068,0.1302,0.1454,0.1381,0.1313
0.0374,0.1396,0.1217,0.1732,0.1231,0.1417,0.0943,0.1545,0.1221,0.1499,0.1268,0.118,0.1389,0.1177,0.109,0.1164,0.1282,0.1333,0.1217
0.0402,0.1752,0.129,0.1177,0.1378,0.1009,0.1124,0.1218,0.1495,0.1321,0.1437,0.1321,0.1125,0.1398,0.1185,0.1199,0.1203,0.1217,0.1192
0.1335,0.1011,0.0569,0.1446,0.138,0.1205,0.1385,0.1309,0.1331,0.1425,0.1383,0.1264,0.1414,0.1239,0.1311,0.1242,0.1252,0.1285,0.1197
0.0649,0.1367,0.1044,0.1473,0.1448,0.156,0.152,0.1046,0.1004,0.1047,0.0937,0.1352,0.1327,0.1286,0.124,0.1387,0.1078,0.1292,0.1226
0.0086,0.0659,0.1675,0.0681,0.1428,0.115,0.1011,0.1144,0.1112,0.1278,0.1339,0.125,0.1313,0.1586,0.1162,0.1077,0.1377,0.1364,0.1204
0.0912,0.159,0.1556,0.1046,0.0766,0.1381,0.1709,0.1408,0.0925,0.1489,0.1486,0.1314,0.1172,0.1171,0.1503,0.1268,0.1395,0.1252,0.1311
-0.0041,0.2234,0.1817,0.0749,0.131,0.0664,0.1234,0.0902,0.1245,0.119,0.128,0.1244,0.129,0.1164,0.1305,0.1346,0.1313,0.128,0.1217
0.082,0.0174,0.1732,0.074,0.1706,0.1192,0.1291,0.1396,0.1172,0.1238,0.1216,0.1399,0.1164,0.1354,0.1194,0.1142,0.1279,0.1197,0.1262
0.0851,0.2404,0.1379,0.1291,0.0592,0.1209,0.1519,0.1327,0.1408,0.1396,0.1068,0.1078,0.1277,0.1496,0.1267,0.1316,0.1138,0.1349,0.1257
0.1419,0.0679,0.0258,0.0937,0.1474,0.1076,0.1264,0.1362,0.0864,0.1284,0.1318,0.1283,0.1148,0.1395,0.1253,0.1184,0.1389,0.1401,0.1192
0.0986,0.1351,0.159,0.1211,0.0613,0.1833,0.1287,0.148,0.1346,0.1201,0.156,0.1383,0.1314,0.1424,0.1538,0.1138,0.125,0.1452,0.1207
0.1616,0.0559,0.0334,0.1542,0.1218,0.1517,0.1275,0.1716,0.1382,0.1443,0.1192,0.1083,0.1302,0.127,0.13,0.1273,0.1347,0.1229,0.1409
0.1789,0.0441,0.1419,0.1322,0.0592,0.1315,0.1452,0.1194,0.1191,0.1364,0.1201,0.1114,0.1318,0.123,0.1162,0.1446,0.1278,0.1172,0.1273
0.0372,0.1413,0.2085,0.159,0.0787,0.0932,0.16,0.1385,0.1198,0.1231,0.1324,0.1334,0.1427,0.1289,0.1087,0.1328,0.1239,0.1346,0.1214
0.2279,0.123,0.1581,0.0645,0.1567,0.1349,0.1329,0.1282,0.1314,0.1235,0.1341,0.1327,0.1302,0.1333,0.1328,0.1331,0.1047,0.1197,0.1228
0.2413,0.1154,0.0584,0.1425,0.1416,0.1604,0.122,0.0691,0.0802,0.129,0.1338,0.1115,0.1264,0.1316,0.1212,0.1287,0.1264,0.1302,0.1349
0.1754,0.1032,0.0627,0.077,0.1111,0.1379,0.122,0.1335,0.1326,0.154,0.1388,0.1172,0.1378,0.1179,0.1375,0.1371,0.1186,0.1327,0.1252
0.1647,0.1117,0.1333,0.1295,0.0643,0.1493,0.0926,0.1415,0.1567,0.1173,0.1113,0.1173,0.1173,0.1027,0.1305,0.1304,0.1252,0.136,0.1152
0.0609,0.0748,0.1669,0.1526,0.0844,0.1504,0.1224,0.1407,0.0672,0.1287,0.1377,0.1496,0.1282,0.1324,0.1227,0.1395,0.1302,0.1235,0.1225
0.1144,0.1896,0.1302,0.1999,0.1322,0.1569,0.1471,0.1141,0.1271,0.1561,0.1179,0.1214,0.119,0.1153,0.1252,0.1232,0.1149,0.1158,0.1214
0.0852,0.1722,0.171,0.1923,0.1414,0.1261,0.0757,0.1615,0.12,0.1126,0.1226,0.1289,0.1382,0.1299,0.1335,0.1327,0.1177,0.1204,0.1235
0.1701,0.1853,0.0399,0.1328,0.1114,0.1366,0.1406,0.13,0.133,0.1351,0.1336,0.1244,0.1196,0.1089,0.1177,0.1397,0.1077,0.1205,0.1336
0.0624,0.1082,0.1718,0.1311,0.1455,0.122,0.1373,0.1139,0.1512,0.1306,0.1304,0.1347,0.1366,0.1357,0.1283,0.134,0.1408,0.1273,0.1285
0.0862,0.0248,0.0932,0.1274,0.1222,0.1201,0.1104,0.136,0.1314,0.1384,0.1509,0.1324,0.1271,0.1281,0.1289,0.1277,0.1153,0.1291,0.1287
0.1203,0.1712,0.1667,0.1098,0.0953,0.1323,0.0752,0.101,0.1132,0.1576,0.1257,0.1322,0.1218,0.1551,0.1145,0.1302,0.1288,0.1461,0.1343
0.1671,0.0781,0.1512,0.191,0.1688,0.1506,0.1247,0.1165,0.128,0.1314,0.1197,0.1005,0.1369,0.1141,0.145,0.1425,0.1311,0.1158,0.1189
0.0362,0.0173,0.1709,0.115,0.16,0.1004,0.1599,0.131,0.1049,0.1081,0.1499,0.1126,0.1268,0.1141,0.1394,0.1183,0.1261,0.1131,0.1274
0.0798,0.1921,0.0739,0.0629,0.155,0.0975,0.1582,0.1299,0.1187,0.1344,0.1249,0.1571,0.1229,0.1233,0.1321,0.1254,0.1095,0.1236,0.1346
0.0485,0.0049,0.0659,0.1122,0.1154,0.1353,0.1055,0.1222,0.1137,0.0963,0.1538,0.1367,0.1357,0.1279,0.1049,0.1288,0.1318,0.1287,0.1278
0.0675,0.1195,0.1792,0.1567,0.161,0.1181,0.1515,0.1329,0.1215,0.1228,0.1344,0.1486,0.1244,0.1208,0.1182,0.1293,0.1073,0.1193,0.1254
0.1086,0.1167,0.0689,0.156,0.0424,0.0826,0.1284,0.1258,0.1343,0.1374,0.1172,0.1013,0.1233,0.1397,0.1306,0.1465,0.1376,0.1329,0.124
0.0131,0.0448,0.1597,0.0992,0.1357,0.131,0.1428,0.1082,0.0945,0.1289,0.1147,0.1556,0.1332,0.1357,0.1166,0.1347,0.1379,0.123,0.1266
0.0121,0.0597,0.0627,0.0791,0.1333,0.1241,0.1141,0.1402,0.135,0.146,0.1384,0.126,0.1391,0.1268,0.1311,0.1297,0.1208,0.1332,0.1262
0.2103,0.1216,0.0482,0.1035,0.1503,0.1284,0.1306,0.1294,0.112,0.1235,0.1196,0.1069,0.118,0.1441,0.1254,0.1372,0.1185,0.1107,0.1373
0.2195,0.0838,0.1486,0.0974,0.044,0.1473,0.1588,0.1384,0.1062,0.1381,0.1119,0.1553,0.1318,0.1285,0.1276,0.1298,0.1278,0.1274,0.1239
0.224,0.0253,0.2119,0.1051,0.0602,0.1138,0.1344,0.1308,0.1323,0.1244,0.1406,0.1121,0.1384,0.1191,0.1257,0.1307,0.1221,0.1299,0.1328
0.1873,0.0604,0.201,0.1662,0.1697,0.1369,0.1335,0.1031,0.1451,0.1249,0.1383,0.1253,0.1058,0.1393,0.1548,0.1409,0.1309,0.1373,0.1271
0.0544,0.1307,0.1318,0.1751,0.1223,0.1561,0.126,0.1528,0.1472,0.1578,0.139,0.0926,0.1238,0.1267,0.1406,0.1328,0.1223,0.1343,0.1403
