"Npop2","Npop3","Npop4","Npop5","Npop6","Npop7","Npop8","Npop9","Npop10","Npop11","Npop12","Npop13","Npop14","Npop15","Npop16","Npop17","Npop18","Npop19","Npop20","Npop21","Npop22","Npop23","Npop24","Npop25","Npop26","Npop27","Npop28","Npop29","Npop30","Npop31"
0.924242424242424,0.96969696969697,1,1,1,0.939393939393939,1,0.909090909090909,1,1,1,1,1,1,1,1,1,1,1,1,1,1,1,1,1,1,1,1,1,1
0.96969696969697,0.96969696969697,0.893939393939394,1,0.96969696969697,0.954545454545455,0.96969696969697,1,1,0.984848484848485,1,1,1,1,1,1,1,1,1,1,1,1,1,1,1,1,1,1,1,1
1,0.924242424242424,0.96969696969697,1,0.954545454545455,1,1,0.96969696969697,1,1,1,1,1,1,1,1,1,1,1,1,1,1,1,1,1,1,1,1,1,1
0.863636363636364,1,0.96969696969697,0.96969696969697,1,0.96969696969697,1,0.984848484848485,1,0.96969696969697,1,0.96969696969697,1,1,0.984848484848485,1,1,1,1,1,1,1,1,1,1,1,1,1,1,1
0.924242424242424,0.863636363636364,0.96969696969697,1,1,0.954545454545455,0.984848484848485,1,1,1,1,1,1,1,1,1,1,1,1,1,1,1,1,1,1,1,1,1,1,1
0.893939393939394,0.96969696969697,0.96969696969697,0.909090909090909,0.924242424242424,0.954545454545455,1,1,1,1,1,1,1,1,1,1,1,1,1,1,1,1,1,1,1,1,1,1,1,1
0.878787878787879,1,0.878787878787879,1,0.954545454545455,1,0.924242424242424,1,0.984848484848485,1,1,1,1,1,1,1,1,1,1,1,1,1,1,1,1,1,1,1,1,1
0.878787878787879,0.863636363636364,0.96969696969697,0.924242424242424,0.96969696969697,0.924242424242424,0.984848484848485,1,1,1,1,1,1,1,1,1,1,1,1,1,1,1,1,1,1,1,1,1,1,1
0.893939393939394,0.954545454545455,0.893939393939394,0.96969696969697,0.96969696969697,1,1,1,1,1,0.939393939393939,1,1,1,1,1,1,1,1,1,1,1,1,1,1,1,1,1,1,1
0.984848484848485,0.848484848484849,0.96969696969697,0.984848484848485,0.984848484848485,0.96969696969697,1,0.96969696969697,1,1,1,1,1,1,0.939393939393939,1,1,1,1,1,1,1,1,1,1,1,1,1,1,1
0.96969696969697,0.878787878787879,0.96969696969697,1,1,1,0.924242424242424,0.96969696969697,0.96969696969697,1,1,1,1,1,1,1,1,1,1,1,1,1,1,1,1,1,1,1,1,1
0.909090909090909,0.96969696969697,1,0.984848484848485,0.939393939393939,0.939393939393939,0.96969696969697,1,1,1,1,0.954545454545455,1,1,1,1,1,1,1,1,1,1,1,1,1,1,1,1,1,1
0.96969696969697,0.954545454545455,0.954545454545455,0.909090909090909,0.954545454545455,0.96969696969697,1,1,1,1,0.984848484848485,1,1,1,1,1,1,1,1,1,1,1,1,1,1,1,1,1,1,1
0.909090909090909,0.96969696969697,0.893939393939394,0.96969696969697,1,0.96969696969697,1,1,1,1,1,1,1,1,1,1,1,1,1,1,1,1,1,1,1,1,1,1,1,1
0.96969696969697,0.909090909090909,1,0.939393939393939,0.96969696969697,0.939393939393939,1,1,1,1,0.96969696969697,1,1,1,1,1,1,1,1,1,1,1,1,1,1,1,1,1,1,1
0.848484848484849,1,0.893939393939394,0.96969696969697,0.96969696969697,1,1,1,1,1,1,1,1,1,1,1,1,1,1,1,1,1,1,1,1,1,1,1,1,1
0.848484848484849,0.878787878787879,0.939393939393939,0.96969696969697,1,1,1,1,1,1,1,1,1,1,1,1,1,1,1,1,1,1,1,1,1,1,1,1,1,1
0.909090909090909,0.924242424242424,0.939393939393939,0.96969696969697,1,0.984848484848485,1,0.96969696969697,1,1,1,1,1,1,1,1,1,1,1,1,1,1,1,1,1,1,1,1,1,1
0.96969696969697,0.954545454545455,1,0.909090909090909,0.96969696969697,0.96969696969697,0.924242424242424,1,0.939393939393939,0.954545454545455,1,1,1,1,1,1,1,1,1,1,1,1,1,1,1,1,1,1,1,1
0.954545454545455,0.848484848484849,0.909090909090909,0.984848484848485,1,1,0.96969696969697,0.984848484848485,1,1,1,1,1,1,1,1,1,1,1,1,1,1,1,1,1,1,1,1,1,1
0.863636363636364,0.893939393939394,1,1,1,1,1,1,1,1,1,1,1,1,1,1,1,1,1,1,1,1,1,1,1,1,1,1,1,1
0.96969696969697,0.954545454545455,0.96969696969697,1,1,0.924242424242424,1,1,1,1,1,1,1,1,1,1,1,1,1,1,1,1,1,1,1,1,1,1,1,1
0.863636363636364,0.954545454545455,0.909090909090909,0.96969696969697,1,0.954545454545455,1,1,1,1,1,1,1,1,1,1,1,1,1,1,1,1,1,1,1,1,1,1,1,1
0.848484848484849,0.96969696969697,1,0.909090909090909,1,0.954545454545455,0.954545454545455,1,1,1,1,1,1,1,1,1,1,1,1,1,1,1,1,1,1,1,1,1,1,1
0.924242424242424,0.909090909090909,0.954545454545455,0.984848484848485,1,0.96969696969697,0.939393939393939,1,1,1,1,1,1,1,1,1,1,1,1,1,1,1,1,1,1,1,1,1,1,1
0.96969696969697,0.984848484848485,0.909090909090909,1,1,0.96969696969697,1,0.984848484848485,1,1,1,1,1,1,1,1,1,1,1,1,1,1,1,1,1,1,1,1,1,1
0.924242424242424,0.863636363636364,0.96969696969697,1,1,1,1,1,1,0.939393939393939,1,1,1,1,1,1,1,1,1,1,1,1,1,1,1,1,1,1,1,1
0.878787878787879,0.893939393939394,0.96969696969697,1,1,0.96969696969697,0.984848484848485,1,0.939393939393939,1,1,1,1,1,1,1,1,1,1,1,1,1,1,1,1,1,1,1,1,1
0.96969696969697,0.96969696969697,1,0.909090909090909,1,1,1,1,1,1,0.96969696969697,1,1,1,1,1,1,1,1,1,1,1,1,1,1,1,1,1,1,1
0.878787878787879,0.96969696969697,0.909090909090909,0.878787878787879,1,1,1,0.909090909090909,1,0.924242424242424,1,1,1,1,1,1,1,1,1,1,1,1,1,1,1,1,1,1,1,1
0.909090909090909,0.924242424242424,0.909090909090909,0.96969696969697,0.939393939393939,0.984848484848485,1,0.939393939393939,1,1,1,1,1,1,1,1,1,1,1,1,1,1,1,1,1,1,1,1,1,1
0.893939393939394,0.863636363636364,0.878787878787879,0.96969696969697,0.96969696969697,1,1,1,1,1,1,1,1,1,1,1,1,1,1,1,1,1,1,1,1,1,1,1,1,1
0.96969696969697,0.96969696969697,0.909090909090909,0.984848484848485,0.96969696969697,0.96969696969697,1,1,1,1,1,1,1,1,1,1,1,1,1,1,1,1,1,1,1,1,1,1,1,1
0.893939393939394,0.954545454545455,1,0.96969696969697,1,1,0.984848484848485,0.96969696969697,1,1,1,1,1,1,1,1,1,1,1,1,1,1,1,1,1,1,1,1,1,1
0.848484848484849,0.984848484848485,0.924242424242424,1,1,1,1,1,1,1,1,1,1,1,1,1,1,1,1,1,1,1,1,1,1,1,1,1,1,1
0.893939393939394,0.909090909090909,0.96969696969697,0.954545454545455,0.96969696969697,1,0.96969696969697,1,1,0.954545454545455,1,1,1,1,1,1,1,1,1,1,1,1,1,1,1,1,1,1,1,1
1,0.954545454545455,1,0.96969696969697,1,1,1,1,1,1,1,1,1,1,1,1,1,1,1,1,1,1,1,1,1,1,1,1,1,1
0.96969696969697,0.893939393939394,1,0.96969696969697,1,0.984848484848485,1,1,0.96969696969697,1,1,1,1,1,1,1,1,1,1,1,1,1,1,1,1,1,1,1,1,1
0.863636363636364,0.909090909090909,1,0.96969696969697,1,1,1,1,1,1,1,1,1,1,1,1,1,1,1,1,1,1,1,1,1,1,1,1,1,1
0.96969696969697,0.863636363636364,1,1,0.848484848484849,1,1,0.954545454545455,1,1,1,1,1,1,1,0.96969696969697,1,1,1,1,1,1,1,1,1,1,1,1,1,1
0.96969696969697,0.954545454545455,0.939393939393939,0.954545454545455,1,0.96969696969697,1,0.939393939393939,1,0.954545454545455,1,1,1,1,1,1,1,1,1,1,1,1,1,1,1,1,1,1,1,1
1,0.939393939393939,1,1,1,1,1,1,0.96969696969697,1,1,1,1,1,1,1,1,1,1,1,1,1,1,1,1,1,1,1,1,1
0.863636363636364,1,1,1,1,0.939393939393939,1,1,1,1,1,0.96969696969697,1,1,1,1,1,1,1,1,1,1,1,1,1,1,1,1,1,1
0.863636363636364,0.96969696969697,1,1,0.939393939393939,1,1,1,1,1,1,1,1,1,1,1,1,1,1,1,1,1,1,1,1,1,1,1,1,1
0.848484848484849,1,0.96969696969697,0.954545454545455,0.878787878787879,1,1,1,1,1,1,1,1,1,1,1,1,1,1,1,1,1,1,1,1,1,1,1,1,1
0.893939393939394,1,0.924242424242424,0.893939393939394,0.96969696969697,1,0.939393939393939,1,1,1,1,1,1,1,1,1,1,1,1,1,1,1,1,1,1,1,1,1,1,1
0.96969696969697,0.96969696969697,0.984848484848485,0.924242424242424,1,1,0.984848484848485,1,1,1,1,1,1,1,1,1,1,1,1,1,1,1,1,1,1,1,1,1,1,1
0.954545454545455,0.924242424242424,0.96969696969697,0.96969696969697,0.939393939393939,1,1,1,1,1,1,1,1,1,1,0.954545454545455,1,1,1,1,1,1,1,1,1,1,1,1,1,1
0.848484848484849,0.96969696969697,0.954545454545455,0.939393939393939,0.954545454545455,1,1,1,1,1,1,1,1,1,1,1,1,1,1,1,1,1,1,1,1,1,1,1,1,1
0.984848484848485,1,1,0.984848484848485,0.954545454545455,0.954545454545455,0.939393939393939,0.954545454545455,1,1,1,1,1,1,0.984848484848485,1,1,1,1,1,1,1,1,1,1,1,1,1,1,1
0.96969696969697,0.984848484848485,0.893939393939394,0.96969696969697,1,0.954545454545455,1,1,1,1,1,0.984848484848485,1,1,1,1,1,1,1,1,1,1,1,1,1,1,1,1,1,1
0.893939393939394,1,1,1,1,1,1,0.954545454545455,1,0.984848484848485,1,1,1,1,1,1,1,1,1,1,1,1,1,1,1,1,1,1,1,1
0.863636363636364,0.96969696969697,0.939393939393939,0.984848484848485,0.96969696969697,0.96969696969697,1,1,0.96969696969697,1,1,1,1,1,1,1,1,1,1,1,1,1,1,1,1,1,1,1,1,1
0.909090909090909,0.893939393939394,1,1,0.893939393939394,0.939393939393939,1,1,1,1,1,1,0.96969696969697,1,1,1,1,1,1,1,1,1,1,1,1,1,1,1,1,1
0.893939393939394,1,0.893939393939394,0.954545454545455,1,0.924242424242424,1,0.939393939393939,0.96969696969697,1,1,1,1,1,1,1,1,1,1,1,1,1,1,1,1,1,1,1,1,1
0.863636363636364,0.878787878787879,0.96969696969697,1,1,1,0.954545454545455,1,1,1,1,1,1,1,1,1,1,1,1,1,1,1,1,1,1,1,1,1,1,1
0.939393939393939,1,1,0.984848484848485,0.939393939393939,1,0.96969696969697,1,1,1,1,1,1,1,1,1,1,1,1,1,1,1,1,1,1,1,1,1,1,1
0.878787878787879,0.939393939393939,1,0.924242424242424,1,1,0.96969696969697,1,1,1,1,1,1,1,1,1,1,1,1,1,1,1,1,1,1,1,1,1,1,1
0.954545454545455,0.96969696969697,0.984848484848485,0.924242424242424,0.909090909090909,0.909090909090909,1,1,1,1,1,1,1,1,1,1,1,1,1,1,1,1,1,1,1,1,1,1,1,1
0.954545454545455,0.893939393939394,0.939393939393939,1,1,0.939393939393939,1,1,1,1,1,1,1,1,1,1,1,1,1,1,1,1,1,1,1,1,1,1,1,1
0.863636363636364,0.878787878787879,0.939393939393939,1,1,1,1,1,1,1,1,1,1,1,1,1,1,1,1,1,1,1,1,1,1,1,1,1,1,1
0.96969696969697,0.893939393939394,1,1,1,1,1,1,1,1,0.96969696969697,1,1,1,1,1,1,1,1,1,1,1,1,1,1,1,1,1,1,1
0.909090909090909,0.96969696969697,1,1,1,1,1,1,1,1,1,1,1,1,1,1,1,1,1,1,1,1,1,1,1,1,1,1,1,1
0.954545454545455,1,1,0.924242424242424,0.96969696969697,1,0.96969696969697,0.939393939393939,1,1,0.96969696969697,1,1,1,1,1,1,1,1,1,1,1,1,1,1,1,1,1,1,1
0.96969696969697,0.984848484848485,0.96969696969697,0.96969696969697,1,0.984848484848485,1,1,1,1,1,1,1,1,1,1,1,1,1,1,1,1,1,1,1,1,1,1,1,1
0.909090909090909,0.984848484848485,0.96969696969697,0.893939393939394,1,0.924242424242424,1,1,1,1,1,1,1,1,1,1,1,1,1,1,1,1,1,1,1,1,1,1,1,1
0.984848484848485,0.848484848484849,0.924242424242424,1,0.924242424242424,1,0.96969696969697,1,1,1,1,1,1,1,1,1,1,1,1,1,1,1,1,1,1,1,1,1,1,1
0.893939393939394,0.96969696969697,1,0.924242424242424,0.924242424242424,1,1,1,1,0.96969696969697,1,1,1,1,1,1,1,1,1,1,1,1,1,1,1,1,1,1,1,1
0.863636363636364,0.96969696969697,0.909090909090909,1,0.96969696969697,1,0.96969696969697,1,1,1,1,1,1,1,1,1,1,1,1,1,1,1,1,1,1,1,1,1,1,1
0.96969696969697,1,0.924242424242424,0.939393939393939,1,0.909090909090909,1,1,1,1,1,0.984848484848485,1,1,1,1,1,1,1,1,1,1,1,1,1,1,1,1,1,1
0.909090909090909,0.878787878787879,1,0.909090909090909,1,1,1,1,1,1,1,1,1,1,1,1,1,1,1,1,1,1,1,1,1,1,1,1,1,1
0.878787878787879,0.96969696969697,0.96969696969697,0.939393939393939,1,1,1,0.96969696969697,1,1,1,1,1,1,1,1,1,1,1,1,1,1,1,1,1,1,1,1,1,1
0.863636363636364,1,0.893939393939394,1,1,1,0.939393939393939,1,1,1,1,1,1,1,1,1,1,1,1,1,1,1,1,1,1,1,1,1,1,1
0.893939393939394,0.848484848484849,0.909090909090909,0.96969696969697,1,0.96969696969697,0.96969696969697,1,1,1,1,1,1,1,1,1,1,1,1,1,1,1,1,1,1,1,1,1,1,1
0.924242424242424,0.954545454545455,0.893939393939394,0.984848484848485,1,0.924242424242424,1,1,1,1,1,1,1,0.984848484848485,1,1,1,1,1,1,1,1,1,1,1,1,1,1,1,1
0.954545454545455,0.909090909090909,1,1,1,0.909090909090909,1,0.939393939393939,1,1,1,1,1,1,1,1,1,1,1,1,1,1,1,1,1,1,1,1,1,1
0.96969696969697,1,0.96969696969697,1,0.96969696969697,1,1,1,1,1,1,1,1,1,1,1,1,1,1,1,1,1,1,1,1,1,1,1,1,1
0.893939393939394,1,1,0.954545454545455,0.96969696969697,0.96969696969697,1,1,0.939393939393939,1,1,1,0.984848484848485,1,1,1,1,1,1,1,1,1,1,1,1,1,1,1,1,1
0.848484848484849,0.954545454545455,0.878787878787879,1,1,1,1,1,1,1,1,1,1,1,1,1,1,1,1,1,1,1,1,1,1,1,1,1,1,1
1,0.848484848484849,0.96969696969697,0.939393939393939,1,1,0.96969696969697,1,1,1,1,1,1,1,1,1,1,1,1,1,1,1,1,1,1,1,1,1,1,1
0.984848484848485,0.848484848484849,0.96969696969697,1,1,1,1,1,1,1,1,1,1,1,1,1,1,1,1,1,1,1,1,1,1,1,1,1,1,1
0.863636363636364,0.96969696969697,0.939393939393939,0.96969696969697,1,1,1,0.96969696969697,0.954545454545455,1,1,1,1,1,1,1,1,1,1,1,1,1,1,1,1,1,1,1,1,1
0.878787878787879,0.96969696969697,1,0.96969696969697,0.96969696969697,0.96969696969697,1,1,1,1,0.96969696969697,1,1,1,1,1,1,1,1,1,1,1,1,1,1,1,1,1,1,1
0.893939393939394,0.939393939393939,1,1,0.96969696969697,0.96969696969697,0.939393939393939,1,1,0.984848484848485,1,1,1,1,1,1,1,1,1,1,1,1,1,1,1,1,1,1,1,1
0.954545454545455,0.893939393939394,1,0.893939393939394,1,1,1,1,0.939393939393939,1,1,0.939393939393939,1,1,1,1,1,1,1,1,1,1,1,1,1,1,1,1,1,1
0.863636363636364,0.939393939393939,0.96969696969697,1,1,0.909090909090909,0.984848484848485,0.984848484848485,1,1,1,1,1,1,1,1,1,1,1,1,1,1,1,1,1,1,1,1,1,1
0.96969696969697,0.878787878787879,0.878787878787879,0.939393939393939,1,1,1,1,1,1,1,1,1,1,1,1,1,1,1,1,1,1,1,1,1,1,1,1,1,1
0.939393939393939,0.954545454545455,0.96969696969697,0.924242424242424,1,0.954545454545455,1,0.96969696969697,1,1,1,1,1,1,1,1,1,1,1,1,1,1,1,1,1,1,1,1,1,1
0.893939393939394,0.878787878787879,1,0.96969696969697,1,0.909090909090909,1,0.984848484848485,1,1,1,1,1,1,1,1,1,1,1,1,1,1,1,1,1,1,1,1,1,1
0.954545454545455,0.96969696969697,0.96969696969697,0.984848484848485,1,1,0.96969696969697,0.96969696969697,1,1,1,1,1,1,1,1,1,1,1,1,1,1,1,1,1,1,1,1,1,1
0.848484848484849,0.924242424242424,0.939393939393939,1,1,1,1,1,1,1,1,1,1,1,1,1,1,1,1,1,1,1,1,1,1,1,1,1,1,1
0.954545454545455,0.863636363636364,1,0.893939393939394,0.96969696969697,1,1,1,1,1,1,1,1,1,1,1,1,1,1,1,1,1,1,1,1,1,1,1,1,1
0.984848484848485,0.96969696969697,0.893939393939394,0.96969696969697,0.96969696969697,1,0.96969696969697,0.939393939393939,1,1,1,1,1,1,1,1,1,1,1,1,1,1,1,1,1,1,1,1,1,1
0.984848484848485,0.96969696969697,0.96969696969697,0.96969696969697,0.96969696969697,1,1,1,1,1,1,1,1,1,1,1,1,1,1,1,1,1,1,1,1,1,1,1,1,1
0.954545454545455,0.924242424242424,0.939393939393939,1,1,0.96969696969697,1,1,1,1,1,1,1,1,1,1,1,1,1,1,1,1,1,1,1,1,1,1,1,1
0.878787878787879,0.863636363636364,1,0.984848484848485,0.96969696969697,1,1,1,1,1,1,1,1,1,1,1,1,1,1,1,1,1,1,1,1,1,1,1,1,1
0.96969696969697,0.954545454545455,0.893939393939394,1,1,0.939393939393939,1,1,1,0.96969696969697,1,1,1,1,1,1,1,1,1,1,1,1,1,1,1,1,1,1,1,1
0.848484848484849,0.939393939393939,0.96969696969697,1,0.96969696969697,1,1,1,1,1,1,1,1,1,1,1,1,1,1,1,1,1,1,1,1,1,1,1,1,1
1,0.878787878787879,1,0.939393939393939,1,0.984848484848485,1,1,1,1,1,1,1,1,1,1,1,1,1,1,1,1,1,1,1,1,1,1,1,1
0.96969696969697,0.96969696969697,0.96969696969697,1,0.96969696969697,1,1,1,1,1,1,1,1,1,1,1,1,1,1,1,1,1,1,1,1,1,1,1,1,1
0.878787878787879,0.96969696969697,0.893939393939394,1,0.893939393939394,1,1,1,0.954545454545455,1,1,1,1,1,1,1,1,1,1,1,1,1,1,1,1,1,1,1,1,1
0.909090909090909,0.924242424242424,0.984848484848485,1,0.96969696969697,1,1,1,0.96969696969697,1,1,1,1,1,1,1,1,0.984848484848485,1,1,1,1,1,1,1,1,1,1,1,1
0.924242424242424,0.954545454545455,0.939393939393939,0.893939393939394,0.984848484848485,1,1,1,0.96969696969697,1,1,1,1,1,1,1,1,1,1,1,1,1,1,1,1,1,1,1,1,1
0.863636363636364,1,0.96969696969697,1,0.96969696969697,0.96969696969697,1,1,1,1,1,1,1,1,1,1,1,1,1,1,1,1,1,1,1,1,1,1,1,1
0.954545454545455,1,0.96969696969697,0.863636363636364,1,1,1,1,1,1,1,1,1,1,1,1,1,1,1,1,1,1,1,1,1,1,1,1,1,1
0.863636363636364,0.863636363636364,0.984848484848485,0.924242424242424,1,1,0.939393939393939,1,1,1,1,0.96969696969697,1,1,1,1,1,1,1,1,1,1,1,1,1,1,1,1,1,1
0.954545454545455,1,0.893939393939394,0.954545454545455,0.96969696969697,1,1,1,1,1,1,1,1,1,1,1,1,1,1,1,1,1,1,1,1,1,1,1,1,1
0.96969696969697,0.939393939393939,0.939393939393939,0.954545454545455,1,1,1,1,1,0.924242424242424,0.96969696969697,1,1,1,1,1,1,1,1,1,1,1,1,1,1,1,1,1,1,1
0.96969696969697,0.893939393939394,0.96969696969697,1,0.954545454545455,0.984848484848485,1,1,1,1,1,1,1,1,1,1,1,1,1,1,1,1,1,1,1,1,1,1,1,1
0.96969696969697,0.96969696969697,0.96969696969697,1,1,1,1,0.96969696969697,1,1,1,1,1,1,1,1,1,1,1,1,1,1,1,1,1,1,1,1,1,1
0.848484848484849,1,1,1,1,1,0.954545454545455,1,1,1,1,1,1,1,1,1,1,1,1,1,1,1,1,1,1,1,1,1,1,1
0.984848484848485,0.878787878787879,0.954545454545455,1,1,0.96969696969697,1,1,1,0.96969696969697,1,1,1,1,1,1,1,1,1,1,1,1,1,1,1,1,1,1,1,1
0.984848484848485,0.96969696969697,0.96969696969697,1,1,0.96969696969697,1,0.939393939393939,0.96969696969697,1,1,1,1,1,1,1,1,1,1,1,1,1,1,1,1,1,1,1,1,1
1,1,1,0.954545454545455,1,1,0.924242424242424,0.96969696969697,1,1,1,1,1,1,1,1,1,1,1,1,1,1,1,1,1,1,1,1,1,1
0.954545454545455,0.924242424242424,1,0.954545454545455,1,1,1,1,0.939393939393939,1,1,1,1,1,1,1,1,1,1,1,1,1,1,1,1,1,1,1,1,1
0.909090909090909,0.96969696969697,0.893939393939394,1,1,0.924242424242424,1,1,1,1,1,1,1,1,1,1,1,1,1,1,1,1,1,1,1,1,1,1,1,1
0.924242424242424,0.878787878787879,0.924242424242424,0.96969696969697,1,1,1,1,1,1,1,1,1,1,1,1,1,1,1,1,1,1,1,1,1,1,1,1,1,1
0.833333333333333,1,1,0.939393939393939,0.909090909090909,1,1,0.96969696969697,1,1,0.96969696969697,1,1,1,1,1,1,1,1,1,1,1,1,1,1,1,1,1,1,1
0.96969696969697,1,0.939393939393939,0.96969696969697,1,1,1,1,1,0.984848484848485,1,1,1,1,1,1,1,1,1,1,1,1,1,1,1,1,1,1,1,1
0.96969696969697,0.878787878787879,0.909090909090909,0.96969696969697,0.909090909090909,1,1,0.984848484848485,1,1,1,1,1,1,1,1,1,1,1,1,1,1,1,1,1,1,1,1,1,1
0.96969696969697,0.96969696969697,1,0.96969696969697,0.939393939393939,1,1,1,0.96969696969697,1,1,1,1,1,1,1,0.96969696969697,1,1,1,1,1,1,1,1,1,1,1,1,1
0.924242424242424,0.954545454545455,0.96969696969697,0.96969696969697,1,1,1,1,0.939393939393939,1,1,1,1,1,1,1,1,1,1,1,1,1,1,1,1,1,1,1,1,1
0.954545454545455,0.96969696969697,0.939393939393939,1,0.96969696969697,1,1,0.954545454545455,1,1,1,1,1,1,1,1,1,1,1,1,1,1,1,1,1,1,1,1,1,1
0.96969696969697,0.96969696969697,1,0.96969696969697,1,1,1,1,1,1,1,1,1,1,1,1,1,1,1,1,1,1,1,1,1,1,1,1,1,1
0.848484848484849,0.863636363636364,0.984848484848485,0.96969696969697,1,0.96969696969697,1,0.984848484848485,0.939393939393939,1,1,1,1,1,1,1,1,1,1,1,1,1,1,1,1,1,1,1,1,1
0.893939393939394,0.939393939393939,0.96969696969697,1,0.939393939393939,0.984848484848485,1,1,1,1,1,1,1,1,1,1,1,1,1,1,1,1,1,1,1,1,1,1,1,1
0.96969696969697,0.96969696969697,0.954545454545455,1,0.954545454545455,1,1,1,1,0.939393939393939,1,1,1,1,1,1,1,1,1,1,1,1,1,1,1,1,1,1,1,1
0.984848484848485,0.893939393939394,0.954545454545455,0.96969696969697,1,1,1,1,1,0.924242424242424,1,1,1,1,1,1,1,1,1,1,1,1,1,1,1,1,1,1,1,1
0.863636363636364,0.939393939393939,0.96969696969697,1,1,1,0.909090909090909,1,1,1,1,1,1,1,1,1,1,1,1,1,1,1,1,1,1,1,1,1,1,1
0.984848484848485,0.939393939393939,0.924242424242424,1,1,1,1,0.939393939393939,1,1,1,1,1,1,1,1,1,1,1,1,1,1,1,1,1,1,1,1,1,1
0.863636363636364,0.893939393939394,1,1,1,1,1,0.924242424242424,1,1,1,1,1,1,1,1,1,1,1,1,1,1,1,1,1,1,1,1,1,1
0.848484848484849,0.848484848484849,0.893939393939394,1,0.939393939393939,0.96969696969697,0.939393939393939,0.96969696969697,1,1,1,1,1,1,1,1,1,1,1,1,1,1,1,1,1,1,1,1,1,1
0.848484848484849,0.924242424242424,0.924242424242424,0.96969696969697,0.893939393939394,1,1,0.96969696969697,1,1,1,1,1,1,1,1,1,1,1,1,1,1,1,1,1,1,1,1,1,1
0.96969696969697,0.878787878787879,0.909090909090909,0.96969696969697,1,1,1,0.96969696969697,1,0.954545454545455,1,1,1,1,1,1,1,1,1,1,1,1,1,1,1,1,1,1,1,1
0.878787878787879,0.96969696969697,0.909090909090909,0.939393939393939,1,1,1,1,1,1,1,1,1,1,1,1,1,1,1,1,1,1,1,1,1,1,1,1,1,1
0.909090909090909,0.96969696969697,1,0.96969696969697,1,1,1,1,1,1,1,1,1,1,1,1,1,1,1,1,1,1,1,1,1,1,1,1,1,1
0.848484848484849,0.96969696969697,1,0.893939393939394,0.96969696969697,1,1,1,1,1,0.96969696969697,1,1,1,1,1,1,1,1,1,1,1,1,1,1,1,1,1,1,1
0.924242424242424,1,0.96969696969697,0.96969696969697,1,1,1,1,0.96969696969697,1,1,1,1,1,1,1,1,1,1,1,1,1,1,1,1,1,1,1,1,1
0.96969696969697,0.893939393939394,0.96969696969697,1,1,1,1,1,1,1,1,1,1,1,1,1,1,1,1,1,1,1,1,1,1,1,1,1,1,1
0.924242424242424,0.863636363636364,0.939393939393939,1,1,1,1,1,0.954545454545455,1,1,1,1,1,1,1,1,1,1,1,1,1,1,1,1,1,1,1,1,1
0.893939393939394,0.909090909090909,0.893939393939394,0.954545454545455,1,0.96969696969697,1,1,1,1,1,0.954545454545455,1,1,1,1,1,1,1,1,1,1,1,1,1,1,1,1,1,1
0.954545454545455,0.96969696969697,0.924242424242424,1,1,1,1,1,1,1,1,1,1,1,1,1,1,1,1,1,1,1,1,1,1,1,1,1,1,1
0.909090909090909,1,0.984848484848485,1,0.893939393939394,1,1,1,1,1,1,0.96969696969697,1,1,1,1,1,1,1,1,1,1,1,1,1,1,1,1,1,1
0.96969696969697,0.924242424242424,1,0.939393939393939,1,1,1,1,1,1,1,1,0.939393939393939,0.984848484848485,1,1,1,1,1,1,1,1,1,1,1,1,1,1,1,1
0.939393939393939,0.96969696969697,1,1,0.984848484848485,0.939393939393939,1,1,1,1,1,1,1,1,1,1,1,1,1,1,1,1,1,1,1,1,1,1,1,1
0.878787878787879,0.96969696969697,1,1,1,1,0.954545454545455,1,1,1,1,1,1,1,1,1,1,1,1,1,1,1,1,1,1,1,1,1,1,1
0.96969696969697,0.848484848484849,0.924242424242424,1,1,1,1,1,1,1,1,1,1,1,1,1,1,1,1,1,1,1,1,1,1,1,1,1,1,1
0.954545454545455,1,1,1,1,1,1,1,0.96969696969697,1,1,1,1,1,1,1,1,1,1,1,1,1,1,1,1,1,1,1,1,1
0.833333333333333,0.878787878787879,1,0.939393939393939,1,0.96969696969697,0.954545454545455,1,1,1,1,1,1,1,1,1,1,1,1,1,1,1,1,1,1,1,1,1,1,1
0.924242424242424,0.909090909090909,0.954545454545455,0.96969696969697,1,1,1,1,1,1,1,1,1,1,1,1,1,1,1,1,1,1,1,1,1,1,1,1,1,1
0.893939393939394,0.863636363636364,1,1,1,0.939393939393939,1,0.954545454545455,1,1,1,1,1,1,1,1,1,1,1,1,1,1,1,1,1,1,1,1,1,1
0.96969696969697,0.954545454545455,1,0.909090909090909,1,1,1,1,1,1,1,1,1,1,1,1,1,1,1,1,1,1,1,1,1,1,1,1,1,1
0.96969696969697,0.924242424242424,0.924242424242424,0.954545454545455,1,1,1,1,0.96969696969697,1,1,1,1,1,1,1,1,1,1,1,1,1,1,1,1,1,1,1,1,1
0.863636363636364,0.96969696969697,0.909090909090909,1,0.96969696969697,1,0.96969696969697,0.954545454545455,0.96969696969697,1,1,1,1,1,1,1,1,1,1,1,1,1,1,1,1,1,1,1,1,1
0.833333333333333,0.909090909090909,0.96969696969697,1,0.96969696969697,1,0.939393939393939,1,1,1,1,1,1,1,1,1,1,1,1,1,1,1,1,1,1,1,1,1,1,1
1,0.893939393939394,0.954545454545455,0.954545454545455,1,1,1,0.96969696969697,0.96969696969697,1,1,1,1,1,1,0.939393939393939,1,1,1,1,1,1,1,1,1,1,1,1,1,1
0.909090909090909,0.878787878787879,0.893939393939394,0.954545454545455,0.96969696969697,1,1,1,1,1,1,1,1,1,1,1,1,1,1,1,1,1,1,1,1,1,1,1,1,1
1,0.939393939393939,1,0.893939393939394,1,1,1,1,0.96969696969697,1,1,1,1,1,1,0.984848484848485,1,1,1,1,1,1,1,1,1,1,1,1,1,1
0.909090909090909,0.96969696969697,0.96969696969697,1,0.954545454545455,1,0.96969696969697,0.96969696969697,1,1,1,1,1,1,1,1,1,1,1,1,1,1,1,1,1,1,1,1,1,1
0.939393939393939,0.96969696969697,0.939393939393939,0.984848484848485,0.96969696969697,1,1,1,1,1,1,1,1,1,1,1,1,1,1,1,1,1,1,1,1,1,1,1,1,1
0.848484848484849,0.96969696969697,1,0.96969696969697,0.96969696969697,1,1,1,1,1,1,1,1,1,1,1,1,1,1,1,1,1,1,1,1,1,1,1,1,1
0.909090909090909,0.878787878787879,0.96969696969697,0.96969696969697,1,0.96969696969697,1,1,1,1,1,1,1,1,1,1,1,1,1,1,1,1,1,1,1,1,1,1,1,1
0.893939393939394,0.909090909090909,0.954545454545455,0.96969696969697,1,1,1,1,0.984848484848485,1,1,1,1,1,1,1,1,1,1,1,1,1,1,1,1,1,1,1,1,1
0.893939393939394,0.893939393939394,1,1,0.96969696969697,0.96969696969697,1,0.96969696969697,1,1,1,1,1,1,1,1,1,1,1,1,1,1,1,1,1,1,1,1,1,1
0.96969696969697,0.909090909090909,0.939393939393939,0.984848484848485,1,1,1,1,1,1,1,1,1,1,1,1,1,1,1,1,1,1,1,1,1,1,1,1,1,1
0.878787878787879,0.96969696969697,0.96969696969697,0.96969696969697,0.96969696969697,0.909090909090909,1,1,1,1,1,1,1,1,1,1,1,1,1,1,1,1,1,1,1,1,1,1,1,1
0.954545454545455,1,0.96969696969697,0.954545454545455,0.96969696969697,0.96969696969697,0.954545454545455,1,1,0.96969696969697,1,1,1,1,1,1,1,1,1,1,1,1,1,1,1,1,1,1,1,1
0.924242424242424,0.96969696969697,1,1,1,0.96969696969697,0.984848484848485,1,0.924242424242424,1,1,1,1,1,1,1,1,1,1,1,1,1,1,1,1,1,1,1,1,1
0.984848484848485,0.96969696969697,1,0.984848484848485,1,1,1,1,1,1,1,1,1,1,1,1,1,1,1,1,1,1,1,1,1,1,1,1,1,1
0.924242424242424,0.878787878787879,0.924242424242424,0.96969696969697,0.909090909090909,1,0.954545454545455,1,1,1,1,1,1,1,1,1,1,1,1,1,1,1,1,1,1,1,1,1,1,1
0.863636363636364,0.863636363636364,0.909090909090909,0.96969696969697,0.924242424242424,1,1,1,1,1,1,1,1,1,1,1,1,1,1,1,1,1,1,1,1,1,1,1,1,1
0.863636363636364,0.863636363636364,1,0.954545454545455,1,1,0.96969696969697,1,1,1,1,1,1,1,1,1,1,1,1,1,1,1,1,1,1,1,1,1,1,1
0.924242424242424,0.939393939393939,1,1,0.96969696969697,1,1,1,1,1,1,1,0.96969696969697,1,1,1,1,1,1,1,1,1,1,1,1,1,1,1,1,1
0.96969696969697,0.96969696969697,0.96969696969697,1,0.96969696969697,1,1,1,0.96969696969697,0.96969696969697,1,1,1,1,1,1,1,1,1,1,1,1,1,1,1,1,1,1,1,1
1,0.96969696969697,0.96969696969697,1,0.893939393939394,0.954545454545455,1,0.939393939393939,1,1,1,1,1,1,1,1,1,1,1,1,1,1,1,1,1,1,1,1,1,1
0.893939393939394,0.954545454545455,0.878787878787879,1,0.909090909090909,1,1,1,0.954545454545455,1,1,1,1,1,1,1,1,1,1,1,1,1,1,1,1,1,1,1,1,1
0.984848484848485,1,0.984848484848485,0.939393939393939,0.984848484848485,1,0.96969696969697,1,1,1,1,1,1,1,1,1,1,1,1,1,1,1,1,1,1,1,1,1,1,1
1,0.893939393939394,0.96969696969697,0.954545454545455,0.954545454545455,0.954545454545455,1,1,1,1,1,1,1,1,1,1,1,1,1,1,1,1,1,1,1,1,1,1,1,1
0.878787878787879,0.863636363636364,0.924242424242424,0.96969696969697,1,1,1,1,1,1,1,1,1,1,1,1,1,1,1,1,1,1,1,1,1,1,1,1,1,1
0.954545454545455,0.863636363636364,0.848484848484849,1,1,1,0.954545454545455,1,1,1,1,1,1,1,1,1,1,1,1,1,1,1,1,1,1,1,1,1,1,1
0.96969696969697,0.893939393939394,0.863636363636364,1,1,0.909090909090909,1,0.96969696969697,1,1,1,1,1,1,1,1,1,1,0.96969696969697,1,1,1,1,1,1,1,1,1,1,1
0.863636363636364,0.96969696969697,0.96969696969697,1,0.96969696969697,0.96969696969697,1,1,1,1,1,1,1,1,1,1,1,1,1,1,1,1,1,1,1,1,1,1,1,1
0.924242424242424,1,0.984848484848485,0.909090909090909,0.96969696969697,1,1,1,0.96969696969697,1,1,1,1,1,1,1,1,1,1,1,1,1,1,1,1,1,1,1,1,1
0.863636363636364,0.909090909090909,0.954545454545455,0.96969696969697,0.909090909090909,1,1,1,1,1,1,1,1,1,1,1,1,1,1,1,1,1,1,1,1,1,1,1,1,1
0.848484848484849,0.893939393939394,0.96969696969697,1,1,1,0.954545454545455,1,1,0.96969696969697,1,1,1,1,1,1,1,1,1,1,1,1,1,1,1,1,1,1,1,1
0.939393939393939,1,0.893939393939394,1,0.96969696969697,1,1,1,1,1,1,1,1,1,1,1,1,1,1,1,1,1,1,1,1,1,1,1,1,1
0.96969696969697,0.848484848484849,0.96969696969697,1,0.96969696969697,0.909090909090909,1,1,1,1,1,1,1,1,0.984848484848485,1,1,1,1,1,1,1,1,1,1,1,1,1,1,1
0.954545454545455,0.96969696969697,0.96969696969697,0.96969696969697,0.893939393939394,0.939393939393939,1,1,1,1,1,1,1,1,1,1,1,1,1,1,1,1,1,1,1,1,1,1,1,1
0.848484848484849,1,0.96969696969697,0.939393939393939,1,1,1,1,1,1,1,1,1,1,1,1,1,1,1,1,1,1,1,1,1,1,1,1,1,1
0.878787878787879,0.96969696969697,1,0.96969696969697,0.96969696969697,0.939393939393939,0.96969696969697,1,0.924242424242424,1,1,1,1,1,1,1,1,1,1,1,1,1,1,1,1,1,1,1,1,1
0.954545454545455,1,0.924242424242424,0.954545454545455,1,0.96969696969697,1,1,1,1,1,1,1,1,1,1,1,1,1,1,1,1,1,1,1,1,1,1,1,1
0.772727272727273,1,0.96969696969697,1,0.954545454545455,0.909090909090909,1,1,1,1,1,1,0.96969696969697,1,1,1,1,1,1,1,1,1,1,1,1,1,1,1,1,1
0.848484848484849,0.924242424242424,1,0.893939393939394,0.893939393939394,1,1,0.96969696969697,1,1,1,1,1,1,1,1,1,1,1,1,1,1,1,1,1,1,1,1,1,1
0.878787878787879,0.954545454545455,0.909090909090909,0.96969696969697,1,1,1,1,1,1,1,1,1,1,1,1,1,1,1,1,1,1,1,1,1,1,1,1,1,1
0.848484848484849,0.893939393939394,0.96969696969697,0.96969696969697,1,0.924242424242424,0.96969696969697,1,1,1,1,1,1,1,1,1,1,1,1,1,1,1,1,1,1,1,1,1,1,1
0.96969696969697,0.984848484848485,0.909090909090909,1,1,0.96969696969697,1,1,1,1,1,1,1,1,1,1,1,1,1,1,1,1,1,1,1,1,1,1,1,1
0.984848484848485,0.878787878787879,0.96969696969697,0.954545454545455,0.96969696969697,0.96969696969697,1,1,0.96969696969697,1,0.984848484848485,1,1,1,1,1,1,1,1,1,1,1,1,1,1,1,1,1,1,1
0.848484848484849,0.984848484848485,1,0.984848484848485,1,1,1,1,1,1,1,1,1,1,1,1,1,1,1,1,1,1,1,1,1,1,1,1,1,1
0.96969696969697,0.96969696969697,1,0.96969696969697,1,1,0.96969696969697,0.96969696969697,0.984848484848485,1,1,1,1,1,1,1,1,1,1,1,1,1,1,1,1,1,1,1,1,1
0.909090909090909,0.878787878787879,0.939393939393939,1,0.984848484848485,0.939393939393939,0.984848484848485,1,1,1,1,1,1,1,1,1,1,1,1,1,1,1,1,1,1,1,1,1,1,1
0.909090909090909,1,0.939393939393939,0.939393939393939,0.939393939393939,1,0.954545454545455,1,1,1,1,1,1,1,1,1,1,1,1,1,1,1,1,1,1,1,1,1,1,1
0.909090909090909,1,0.893939393939394,1,1,1,1,1,1,1,1,1,1,1,1,1,1,1,1,1,1,1,1,1,1,1,1,1,1,1
1,1,1,1,0.96969696969697,0.924242424242424,0.939393939393939,1,1,1,1,1,1,1,1,1,1,1,1,1,1,1,1,1,1,1,1,1,1,1
0.848484848484849,0.96969696969697,0.984848484848485,0.96969696969697,0.939393939393939,0.96969696969697,1,1,1,1,0.96969696969697,1,1,1,1,1,1,1,1,1,1,1,1,1,1,1,1,1,1,1
0.848484848484849,0.954545454545455,1,1,0.96969696969697,0.954545454545455,1,1,1,1,1,1,1,1,1,1,1,1,1,1,1,1,1,1,1,1,1,1,1,1
0.848484848484849,0.984848484848485,0.924242424242424,1,1,1,1,1,1,1,1,1,1,1,1,1,1,1,1,1,1,1,1,1,1,1,1,1,1,1
0.863636363636364,0.96969696969697,0.878787878787879,0.96969696969697,1,0.984848484848485,1,1,1,1,1,1,1,1,1,1,1,1,1,1,1,1,1,1,1,1,1,1,1,1
0.954545454545455,0.893939393939394,0.939393939393939,1,0.924242424242424,1,0.939393939393939,1,0.939393939393939,1,1,0.924242424242424,1,1,1,1,1,1,1,1,1,1,1,1,1,1,1,1,1,1
0.878787878787879,0.954545454545455,0.96969696969697,0.96969696969697,1,1,1,1,1,1,1,1,1,1,1,1,1,1,1,1,1,1,1,1,1,1,1,1,1,1
0.924242424242424,0.984848484848485,1,0.939393939393939,1,0.96969696969697,1,1,1,1,1,1,1,1,1,1,1,1,1,1,1,1,1,1,1,1,1,1,1,1
0.954545454545455,0.924242424242424,0.954545454545455,0.878787878787879,1,1,1,1,1,1,1,1,1,1,1,1,1,1,1,1,1,1,1,1,1,1,1,1,1,1
1,0.893939393939394,1,0.924242424242424,1,1,1,1,0.984848484848485,1,1,1,1,1,1,1,1,1,1,1,1,1,1,1,1,1,1,1,1,1
0.893939393939394,0.924242424242424,1,0.96969696969697,1,1,0.96969696969697,0.96969696969697,1,0.96969696969697,1,1,1,1,1,1,1,1,1,1,1,1,1,1,1,1,1,1,1,1
0.848484848484849,1,0.96969696969697,0.96969696969697,1,0.96969696969697,1,1,1,1,1,1,1,1,1,1,1,1,1,1,1,1,1,1,1,1,1,1,1,1
0.893939393939394,0.96969696969697,0.954545454545455,1,1,0.984848484848485,1,1,0.984848484848485,1,1,1,1,1,1,1,1,1,1,1,1,1,1,1,1,1,1,1,1,1
1,0.939393939393939,0.909090909090909,0.96969696969697,1,0.954545454545455,1,1,0.984848484848485,1,1,1,1,1,1,1,1,1,1,1,1,1,1,1,1,1,1,1,1,1
0.96969696969697,0.984848484848485,0.909090909090909,0.909090909090909,0.96969696969697,1,1,1,1,1,0.954545454545455,1,1,1,1,1,1,1,1,1,1,1,1,1,1,1,1,1,1,1
0.863636363636364,0.954545454545455,0.909090909090909,0.96969696969697,0.924242424242424,1,1,1,1,0.96969696969697,0.96969696969697,1,1,1,1,1,1,1,1,1,1,1,1,1,1,1,1,1,1,1
0.909090909090909,0.863636363636364,0.893939393939394,1,0.954545454545455,0.96969696969697,1,1,1,0.96969696969697,1,1,1,1,1,1,1,1,1,1,1,1,1,1,1,1,1,1,1,1
0.954545454545455,0.924242424242424,0.909090909090909,0.893939393939394,0.939393939393939,0.96969696969697,1,0.96969696969697,1,1,1,1,1,1,1,1,1,1,1,1,1,1,1,1,1,1,1,1,1,1
0.833333333333333,1,0.96969696969697,0.924242424242424,0.96969696969697,0.954545454545455,1,1,1,0.984848484848485,1,1,1,1,1,1,1,1,1,1,1,1,1,1,1,1,1,1,1,1
0.96969696969697,0.863636363636364,1,1,0.96969696969697,0.96969696969697,0.954545454545455,0.939393939393939,1,1,1,1,1,1,1,1,1,1,1,1,1,1,1,1,1,1,1,1,1,1
1,0.96969696969697,1,0.96969696969697,1,1,1,1,1,0.984848484848485,1,1,1,1,1,1,1,1,1,1,1,1,1,1,1,1,1,1,1,1
0.939393939393939,0.939393939393939,0.924242424242424,1,0.924242424242424,1,1,1,1,1,1,1,1,1,1,1,1,1,1,1,1,1,1,1,1,1,1,1,1,1
0.96969696969697,0.878787878787879,1,0.96969696969697,1,0.96969696969697,1,1,1,1,1,1,1,1,1,1,1,1,1,1,1,1,1,1,1,1,1,1,1,1
0.96969696969697,1,0.863636363636364,0.96969696969697,1,1,0.96969696969697,0.954545454545455,1,1,1,1,1,1,1,1,1,1,1,1,1,1,1,1,1,1,1,1,1,1
0.96969696969697,0.893939393939394,1,0.939393939393939,0.96969696969697,1,1,1,1,1,0.96969696969697,1,1,1,1,1,1,1,1,1,1,1,1,1,1,1,1,1,1,1
0.96969696969697,0.939393939393939,0.96969696969697,0.96969696969697,0.96969696969697,1,1,1,1,1,1,1,1,1,1,1,1,1,1,1,1,1,1,1,1,1,1,1,1,1
0.893939393939394,0.96969696969697,0.96969696969697,1,1,1,1,1,1,0.984848484848485,1,1,1,1,1,1,1,1,1,1,1,1,1,1,1,1,1,1,1,1
0.893939393939394,0.96969696969697,1,0.909090909090909,1,1,0.96969696969697,1,1,1,1,1,1,1,1,1,1,1,1,1,1,1,1,1,1,1,1,1,1,1
0.909090909090909,1,0.984848484848485,0.96969696969697,0.96969696969697,1,1,1,1,1,1,1,1,1,1,1,1,1,1,1,1,1,1,1,1,1,1,1,1,1
0.909090909090909,0.954545454545455,0.909090909090909,0.984848484848485,1,1,1,1,1,1,1,1,1,1,1,1,1,1,1,1,1,1,1,1,1,1,1,1,1,1
0.96969696969697,0.863636363636364,1,0.909090909090909,1,0.939393939393939,1,1,1,1,1,1,1,1,1,1,1,1,1,1,1,1,1,1,1,1,1,1,1,1
0.954545454545455,0.924242424242424,0.893939393939394,1,0.96969696969697,1,1,1,1,1,1,1,1,1,1,1,1,1,1,1,1,1,1,1,1,1,1,1,1,1
0.924242424242424,1,0.909090909090909,1,0.96969696969697,0.939393939393939,1,0.939393939393939,0.984848484848485,1,0.96969696969697,1,1,1,1,1,1,1,1,1,1,1,1,1,1,1,1,1,1,1
0.96969696969697,0.96969696969697,1,0.954545454545455,1,0.96969696969697,1,0.924242424242424,1,1,1,1,1,1,1,1,1,1,1,1,1,1,1,1,1,1,1,1,1,1
0.833333333333333,0.954545454545455,1,0.984848484848485,0.909090909090909,0.96969696969697,1,0.893939393939394,1,1,1,1,1,1,1,1,1,1,1,1,1,1,1,1,1,1,1,1,1,1
0.939393939393939,0.954545454545455,1,0.924242424242424,1,1,1,0.96969696969697,1,0.984848484848485,1,1,1,1,1,1,1,1,1,1,1,1,1,1,1,1,1,1,1,1
0.954545454545455,0.954545454545455,1,1,1,1,1,1,1,1,1,1,1,1,1,1,1,1,1,1,1,1,1,1,1,1,1,1,1,1
0.893939393939394,0.909090909090909,1,1,1,1,1,1,1,1,1,1,1,1,1,1,1,1,1,1,1,1,1,1,1,1,1,1,1,1
0.96969696969697,0.96969696969697,0.939393939393939,1,1,0.96969696969697,1,0.954545454545455,1,1,1,1,1,1,1,1,1,1,1,1,1,1,1,1,1,1,1,1,1,1
0.863636363636364,0.939393939393939,0.954545454545455,0.939393939393939,1,1,1,0.893939393939394,1,1,1,1,1,1,1,1,1,1,1,1,1,1,1,1,1,1,1,1,1,1
0.893939393939394,0.909090909090909,0.878787878787879,0.984848484848485,1,0.954545454545455,0.909090909090909,1,1,1,1,1,1,1,1,1,1,1,1,1,1,1,1,1,1,1,1,1,1,1
0.954545454545455,0.939393939393939,0.909090909090909,0.96969696969697,1,1,1,1,1,1,1,1,1,1,1,1,1,1,1,1,1,1,1,1,1,1,1,1,1,1
0.863636363636364,0.96969696969697,0.96969696969697,0.984848484848485,0.984848484848485,1,1,1,1,1,1,1,1,1,1,1,1,1,1,1,1,1,1,1,1,1,1,1,1,1
0.878787878787879,0.863636363636364,0.893939393939394,1,1,0.96969696969697,1,1,1,1,1,1,1,1,1,1,1,1,1,1,1,1,1,1,1,1,1,1,1,1
1,0.878787878787879,0.909090909090909,0.984848484848485,0.984848484848485,1,0.939393939393939,1,1,1,1,1,1,1,1,1,1,1,1,1,1,1,1,1,1,1,1,1,1,1
0.878787878787879,0.939393939393939,0.96969696969697,1,1,0.954545454545455,1,1,1,1,1,1,1,1,1,1,1,1,1,1,1,1,1,1,1,1,1,1,1,1
0.96969696969697,0.848484848484849,0.96969696969697,0.909090909090909,0.909090909090909,0.96969696969697,1,1,1,1,1,1,1,1,1,1,1,1,1,1,1,1,1,1,1,1,1,1,1,1
0.96969696969697,0.924242424242424,1,1,1,0.96969696969697,1,1,1,1,1,1,1,1,1,1,1,1,1,1,1,1,1,1,1,1,1,1,1,1
0.96969696969697,0.863636363636364,0.939393939393939,0.909090909090909,1,1,1,1,1,0.96969696969697,1,1,1,1,1,1,1,1,1,1,1,1,1,1,1,1,1,1,1,1
0.96969696969697,0.863636363636364,1,0.893939393939394,1,1,1,1,1,1,1,1,1,1,1,1,1,1,1,1,1,1,1,1,1,1,1,1,1,1
0.96969696969697,0.893939393939394,0.96969696969697,1,1,1,0.96969696969697,0.984848484848485,1,1,1,1,1,1,1,1,1,1,1,1,1,1,1,1,1,1,1,1,1,1
0.96969696969697,0.96969696969697,0.954545454545455,1,1,0.939393939393939,0.96969696969697,1,0.954545454545455,1,1,1,1,1,1,1,1,1,1,1,1,1,1,1,1,1,1,1,1,1
0.878787878787879,1,1,1,1,1,1,1,1,1,1,1,1,1,1,1,1,1,1,1,1,1,1,1,1,1,1,1,1,1
0.863636363636364,0.954545454545455,0.96969696969697,0.893939393939394,1,1,1,1,0.984848484848485,1,1,1,1,1,1,1,1,1,1,1,1,1,1,1,1,1,1,1,1,1
0.96969696969697,0.984848484848485,1,0.863636363636364,0.893939393939394,1,1,1,1,1,1,1,1,1,1,1,1,1,1,1,1,1,1,1,1,1,1,1,1,1
0.984848484848485,0.96969696969697,0.893939393939394,0.96969696969697,0.878787878787879,1,0.984848484848485,1,1,1,1,1,1,1,1,1,1,1,1,1,1,1,1,1,1,1,1,1,1,1
0.96969696969697,0.909090909090909,0.96969696969697,1,1,0.893939393939394,1,0.954545454545455,1,1,1,1,1,1,1,1,1,1,1,1,1,1,1,1,1,1,1,1,1,1
0.893939393939394,0.984848484848485,0.984848484848485,1,1,1,1,1,1,1,0.984848484848485,1,1,1,1,1,1,1,1,1,1,1,1,1,1,1,1,1,1,1
0.863636363636364,0.984848484848485,1,0.96969696969697,0.96969696969697,0.96969696969697,1,0.96969696969697,1,1,1,1,1,1,1,1,1,1,1,1,1,1,1,1,1,1,1,1,1,1
0.863636363636364,0.96969696969697,0.893939393939394,1,0.954545454545455,0.96969696969697,1,1,1,1,1,1,1,1,1,1,1,1,1,1,1,1,1,1,1,1,1,1,1,1
0.848484848484849,0.954545454545455,0.954545454545455,1,0.96969696969697,0.924242424242424,1,1,1,1,1,0.984848484848485,1,1,1,1,1,1,1,1,1,1,1,1,1,1,1,1,1,1
0.863636363636364,0.96969696969697,0.939393939393939,0.848484848484849,0.954545454545455,1,1,0.909090909090909,1,1,1,1,1,1,1,1,1,1,1,1,1,1,1,1,1,1,1,1,1,1
0.848484848484849,0.909090909090909,1,1,1,1,1,1,1,1,0.96969696969697,1,1,1,1,1,1,1,1,1,1,1,1,1,1,1,1,1,1,1
0.96969696969697,0.96969696969697,1,0.924242424242424,1,0.96969696969697,0.96969696969697,1,0.96969696969697,1,1,1,1,1,1,1,1,1,1,1,1,1,1,1,1,1,1,1,1,1
0.878787878787879,0.96969696969697,0.924242424242424,1,1,1,1,0.96969696969697,1,1,1,1,1,1,1,1,1,1,1,1,1,1,1,1,1,1,1,1,1,1
0.863636363636364,0.96969696969697,0.878787878787879,1,0.96969696969697,1,1,1,0.96969696969697,1,1,1,1,1,1,1,1,1,1,1,1,1,1,1,1,1,1,1,1,1
0.848484848484849,0.96969696969697,0.878787878787879,1,1,1,1,1,1,1,1,1,1,1,1,1,1,1,1,1,1,1,1,1,1,1,1,1,1,1
0.954545454545455,0.954545454545455,0.878787878787879,0.909090909090909,1,1,0.984848484848485,0.954545454545455,0.96969696969697,1,1,1,1,1,1,1,1,1,1,1,1,1,1,1,1,1,1,1,1,1
0.96969696969697,0.924242424242424,1,1,0.96969696969697,0.939393939393939,1,1,1,0.939393939393939,1,1,0.96969696969697,1,1,1,1,1,1,1,1,1,1,1,1,1,1,1,1,1
0.863636363636364,0.96969696969697,0.909090909090909,0.984848484848485,0.863636363636364,1,1,0.96969696969697,0.984848484848485,1,1,1,1,1,1,1,1,1,1,1,1,1,1,1,1,1,1,1,1,1
0.96969696969697,1,1,0.984848484848485,1,1,1,1,1,1,1,1,1,1,1,1,1,1,1,1,1,1,1,1,1,1,1,1,1,1
0.803030303030303,0.893939393939394,0.96969696969697,0.939393939393939,1,1,1,1,1,1,1,1,0.954545454545455,1,1,1,1,1,1,1,1,1,1,1,1,1,1,1,1,1
0.954545454545455,0.984848484848485,0.96969696969697,0.893939393939394,0.96969696969697,0.96969696969697,1,1,1,1,1,1,1,1,1,1,1,1,1,1,1,1,1,1,1,1,1,1,1,1
0.848484848484849,0.984848484848485,0.96969696969697,1,1,1,1,1,1,0.984848484848485,1,1,0.984848484848485,1,1,1,1,1,1,1,1,1,1,1,1,1,1,1,1,1
0.893939393939394,0.954545454545455,1,1,1,1,1,1,0.954545454545455,1,1,1,1,1,1,1,1,1,1,1,1,1,1,1,1,1,1,1,1,1
0.96969696969697,0.909090909090909,0.984848484848485,1,0.984848484848485,1,1,0.96969696969697,1,0.96969696969697,1,1,1,1,1,1,1,1,1,1,1,1,1,1,1,1,1,1,1,1
0.96969696969697,0.924242424242424,0.848484848484849,0.96969696969697,1,0.893939393939394,0.96969696969697,1,1,1,1,1,1,1,1,1,1,1,1,1,1,1,1,1,1,1,1,1,1,1
0.96969696969697,1,0.893939393939394,1,0.984848484848485,1,0.96969696969697,0.96969696969697,1,1,1,1,1,1,1,1,1,1,1,1,1,1,1,1,1,1,1,1,1,1
0.954545454545455,1,0.909090909090909,1,1,0.96969696969697,1,0.984848484848485,1,1,1,1,1,1,1,1,1,1,1,1,1,1,1,1,1,1,1,1,1,1
0.96969696969697,0.96969696969697,0.96969696969697,1,0.893939393939394,1,0.954545454545455,1,1,1,1,1,1,1,1,1,1,1,1,1,1,1,1,1,1,1,1,1,1,1
0.96969696969697,1,0.96969696969697,0.909090909090909,1,1,0.96969696969697,0.96969696969697,0.96969696969697,1,1,1,1,1,1,1,1,1,1,1,1,1,1,1,1,1,1,1,1,1
0.909090909090909,0.954545454545455,0.96969696969697,0.954545454545455,0.96969696969697,1,0.954545454545455,0.96969696969697,1,1,1,1,1,1,1,1,1,1,1,1,1,1,1,1,1,1,1,1,1,1
0.96969696969697,0.96969696969697,0.96969696969697,0.96969696969697,0.939393939393939,1,1,1,0.96969696969697,1,1,1,1,1,1,1,1,1,1,1,1,1,1,1,1,1,1,1,1,1
0.878787878787879,0.939393939393939,0.954545454545455,1,1,0.96969696969697,1,0.939393939393939,1,1,1,1,1,1,1,1,1,1,1,1,1,1,1,1,1,1,1,1,1,1
0.803030303030303,1,0.96969696969697,0.984848484848485,0.96969696969697,1,1,1,1,1,1,1,1,1,1,1,1,1,1,1,1,1,1,1,1,1,1,1,1,1
0.878787878787879,0.893939393939394,0.909090909090909,0.909090909090909,0.984848484848485,1,1,1,1,1,1,1,1,1,1,1,1,1,1,1,1,1,1,1,1,1,1,1,1,1
0.96969696969697,0.96969696969697,1,0.863636363636364,0.909090909090909,1,0.954545454545455,0.984848484848485,1,1,1,1,1,1,1,1,1,1,1,1,1,1,1,1,1,1,1,1,1,1
1,0.893939393939394,0.96969696969697,0.96969696969697,0.96969696969697,0.954545454545455,1,1,1,1,1,0.96969696969697,1,1,1,1,1,1,1,1,1,1,1,1,1,1,1,1,1,1
0.863636363636364,0.96969696969697,0.909090909090909,1,1,1,1,1,1,1,1,1,1,1,1,1,1,1,1,1,1,1,1,1,1,1,1,1,1,1
0.863636363636364,0.909090909090909,1,1,1,0.96969696969697,1,0.984848484848485,0.96969696969697,1,0.96969696969697,1,1,1,1,1,1,1,1,1,1,1,1,1,1,1,1,1,1,1
0.863636363636364,0.893939393939394,0.96969696969697,0.96969696969697,1,1,1,1,1,1,1,1,1,1,1,1,1,1,1,1,1,1,1,1,1,1,1,1,1,1
0.954545454545455,0.909090909090909,0.96969696969697,0.924242424242424,0.939393939393939,1,1,0.924242424242424,1,1,1,1,1,1,1,1,1,1,1,1,1,1,1,1,1,1,1,1,1,1
0.833333333333333,0.96969696969697,1,0.96969696969697,1,1,0.954545454545455,0.954545454545455,1,1,0.954545454545455,1,1,1,1,1,1,1,1,1,1,1,1,1,1,1,1,1,1,1
0.833333333333333,0.96969696969697,0.893939393939394,0.96969696969697,1,0.954545454545455,1,1,1,1,1,1,1,1,1,1,1,1,1,1,1,1,1,1,1,1,1,1,1,1
0.848484848484849,1,0.893939393939394,0.984848484848485,0.96969696969697,0.939393939393939,0.909090909090909,0.939393939393939,1,1,1,1,1,1,1,1,1,1,1,1,1,1,1,1,1,1,1,1,1,1
0.939393939393939,1,1,0.96969696969697,1,1,1,1,1,0.954545454545455,1,1,1,1,1,1,1,1,1,1,1,1,1,1,1,1,1,1,1,1
0.863636363636364,1,0.954545454545455,0.96969696969697,1,1,1,1,0.984848484848485,1,1,1,1,1,1,1,1,1,1,1,1,1,1,1,1,1,1,1,1,1
0.848484848484849,0.924242424242424,0.954545454545455,1,0.96969696969697,0.96969696969697,0.984848484848485,1,1,1,1,1,1,1,1,1,1,1,1,1,1,1,1,1,1,1,1,1,1,1
0.848484848484849,0.893939393939394,0.878787878787879,0.909090909090909,1,1,1,1,1,1,1,1,1,1,1,1,1,1,1,1,1,1,1,1,1,1,1,1,1,1
0.848484848484849,0.96969696969697,0.96969696969697,1,0.939393939393939,0.984848484848485,1,1,1,0.96969696969697,1,1,1,1,1,1,1,1,1,1,1,1,1,1,1,1,1,1,1,1
0.924242424242424,0.96969696969697,0.924242424242424,0.939393939393939,1,1,1,1,1,1,1,1,1,1,1,1,1,1,1,1,1,1,1,1,1,1,1,1,1,1
0.848484848484849,0.96969696969697,0.924242424242424,0.893939393939394,1,1,1,1,1,1,1,1,1,1,1,1,1,1,1,1,1,1,1,1,1,1,1,1,1,1
0.863636363636364,0.96969696969697,1,0.984848484848485,0.96969696969697,0.96969696969697,1,1,1,1,1,1,1,0.96969696969697,1,1,1,1,1,1,1,1,1,1,1,1,1,1,1,1
0.984848484848485,0.893939393939394,0.893939393939394,1,0.924242424242424,0.96969696969697,1,1,1,1,1,1,1,1,1,1,1,1,1,1,1,1,1,1,1,1,1,1,1,1
0.848484848484849,0.909090909090909,0.96969696969697,0.878787878787879,1,1,0.96969696969697,1,1,1,0.96969696969697,1,1,1,1,1,1,1,1,1,1,1,1,1,1,1,1,1,1,1
0.863636363636364,0.954545454545455,0.96969696969697,0.96969696969697,1,0.954545454545455,1,1,1,1,1,1,1,1,1,1,1,1,1,1,1,1,1,1,1,1,1,1,1,1
0.863636363636364,1,1,1,0.939393939393939,1,1,1,1,1,1,1,1,1,1,1,1,1,1,1,1,1,1,1,1,1,1,1,1,1
0.954545454545455,0.96969696969697,0.984848484848485,1,1,1,1,1,1,1,1,1,1,1,1,1,1,1,1,1,1,1,1,1,1,1,1,1,1,1
0.96969696969697,0.893939393939394,0.96969696969697,0.984848484848485,0.954545454545455,1,1,1,1,1,1,1,1,1,1,1,1,1,1,1,1,1,1,1,1,1,1,1,1,1
0.909090909090909,0.954545454545455,1,1,1,0.924242424242424,1,1,1,1,1,1,1,1,1,1,1,1,1,1,1,1,1,1,1,1,1,1,1,1
0.878787878787879,0.954545454545455,0.96969696969697,0.96969696969697,1,1,0.96969696969697,1,1,1,1,0.939393939393939,1,1,1,1,1,1,1,1,1,1,1,1,1,1,1,1,1,1
0.954545454545455,0.939393939393939,0.939393939393939,1,1,0.96969696969697,0.954545454545455,1,1,0.954545454545455,1,1,1,1,1,1,1,1,1,1,1,1,1,1,1,1,1,1,1,1
0.848484848484849,0.96969696969697,1,1,1,1,1,1,1,1,1,1,1,1,1,1,1,1,1,1,1,1,1,1,1,1,1,1,1,1
0.848484848484849,1,0.984848484848485,1,0.984848484848485,1,1,1,1,1,1,1,0.984848484848485,1,1,1,1,1,1,1,1,1,1,1,1,1,1,1,1,1
0.848484848484849,0.863636363636364,0.939393939393939,1,1,0.96969696969697,1,1,1,1,1,1,1,1,1,1,1,1,1,1,1,1,1,1,1,1,1,1,1,1
0.863636363636364,0.878787878787879,0.878787878787879,0.96969696969697,0.96969696969697,0.954545454545455,1,0.96969696969697,1,1,0.924242424242424,0.96969696969697,1,1,1,1,1,1,1,1,1,1,1,1,1,1,1,1,1,1
0.909090909090909,0.878787878787879,1,0.939393939393939,0.96969696969697,0.954545454545455,1,1,1,1,1,1,1,1,1,1,1,1,1,1,1,1,1,1,1,1,1,1,1,1
0.96969696969697,0.96969696969697,0.939393939393939,0.96969696969697,1,1,1,1,1,1,1,1,1,1,1,1,1,1,1,1,1,1,1,1,1,1,1,1,1,1
0.772727272727273,1,0.96969696969697,0.863636363636364,1,1,0.96969696969697,1,1,1,1,1,1,1,1,0.984848484848485,1,1,1,1,1,1,1,1,1,1,1,1,1,1
0.833333333333333,0.954545454545455,0.96969696969697,1,1,1,1,1,0.939393939393939,0.984848484848485,1,1,1,1,1,1,1,1,1,1,1,1,1,1,1,1,1,1,1,1
0.96969696969697,0.893939393939394,1,1,0.96969696969697,0.984848484848485,1,1,1,1,1,1,1,1,1,1,1,1,1,1,1,1,1,1,1,1,1,1,1,1
0.96969696969697,0.939393939393939,1,0.96969696969697,1,0.924242424242424,0.954545454545455,1,1,1,1,1,0.96969696969697,1,1,1,1,1,1,1,1,1,1,1,1,1,1,1,1,1
0.909090909090909,1,0.878787878787879,0.96969696969697,0.939393939393939,0.96969696969697,1,1,1,1,1,1,1,1,1,1,1,1,1,1,1,1,1,1,1,1,1,1,1,1
0.863636363636364,1,1,0.909090909090909,1,1,1,1,1,1,1,0.954545454545455,1,1,1,1,1,1,1,1,1,1,1,1,1,1,1,1,1,1
0.878787878787879,0.909090909090909,0.96969696969697,1,0.863636363636364,0.878787878787879,1,1,1,1,1,1,1,1,1,1,1,1,1,1,1,1,1,1,1,1,1,1,1,1
0.893939393939394,1,1,0.954545454545455,1,1,1,1,1,1,1,0.96969696969697,1,1,1,0.96969696969697,1,1,1,1,1,1,1,1,1,1,1,1,1,1
0.954545454545455,0.924242424242424,0.96969696969697,0.984848484848485,1,1,1,0.96969696969697,1,1,1,1,0.96969696969697,1,1,1,1,1,1,1,1,1,1,1,1,1,1,1,1,1
0.96969696969697,0.893939393939394,0.96969696969697,0.96969696969697,1,1,1,0.96969696969697,1,1,1,1,1,1,1,1,1,1,1,1,1,1,1,1,1,1,1,1,1,1
0.863636363636364,0.924242424242424,0.984848484848485,1,0.924242424242424,0.96969696969697,0.96969696969697,1,1,1,1,1,1,1,1,1,1,1,1,1,1,1,1,1,1,1,1,1,1,1
0.939393939393939,0.863636363636364,0.96969696969697,0.96969696969697,1,1,1,1,1,1,1,0.939393939393939,1,1,1,1,1,1,1,1,1,1,1,1,1,1,1,1,1,1
0.924242424242424,0.96969696969697,0.96969696969697,0.96969696969697,1,1,1,1,1,1,1,1,1,1,1,1,1,1,1,1,1,1,1,1,1,1,1,1,1,1
0.848484848484849,0.909090909090909,1,1,1,1,0.96969696969697,0.984848484848485,1,1,0.954545454545455,1,1,1,1,1,1,1,1,1,1,1,1,1,1,1,1,1,1,1
0.954545454545455,0.96969696969697,0.954545454545455,0.924242424242424,0.939393939393939,1,0.954545454545455,1,1,1,1,1,1,1,1,1,1,1,1,1,1,1,1,1,1,1,1,1,1,1
1,0.893939393939394,0.96969696969697,0.96969696969697,1,0.96969696969697,1,1,1,1,1,0.96969696969697,1,1,1,1,1,1,1,1,1,1,1,1,1,1,1,1,1,1
0.848484848484849,0.893939393939394,1,1,1,1,1,0.96969696969697,0.96969696969697,1,1,1,1,1,1,1,1,1,1,1,1,1,1,1,1,1,1,1,1,1
0.848484848484849,0.96969696969697,0.924242424242424,1,0.96969696969697,0.954545454545455,1,1,1,1,0.954545454545455,1,1,1,1,1,1,1,1,1,1,1,1,1,1,1,1,1,1,1
0.848484848484849,1,1,1,1,0.939393939393939,1,1,0.954545454545455,1,1,1,1,1,1,0.96969696969697,1,1,1,1,1,1,1,1,1,1,1,1,1,1
0.96969696969697,0.924242424242424,0.954545454545455,1,1,1,1,1,0.984848484848485,1,1,1,1,1,1,1,1,1,1,1,1,1,1,1,1,1,1,1,1,1
0.939393939393939,0.924242424242424,0.909090909090909,1,1,0.96969696969697,1,1,1,1,1,1,1,1,1,1,1,1,1,1,1,1,1,1,1,1,1,1,1,1
0.848484848484849,0.893939393939394,0.878787878787879,1,0.96969696969697,1,1,1,1,1,1,1,1,1,1,1,1,1,1,1,1,1,1,1,1,1,1,1,1,1
0.96969696969697,0.984848484848485,0.878787878787879,1,1,1,1,0.96969696969697,1,1,1,1,1,1,1,1,1,1,1,1,1,1,1,1,1,1,1,1,1,1
0.878787878787879,0.939393939393939,0.863636363636364,0.96969696969697,1,0.96969696969697,0.909090909090909,1,1,1,1,1,1,1,1,1,1,1,1,1,1,1,1,1,1,1,1,1,1,1
1,0.939393939393939,0.96969696969697,0.96969696969697,0.984848484848485,1,1,1,1,1,1,0.96969696969697,1,1,1,1,1,1,1,1,1,1,1,1,1,1,1,1,1,1
0.96969696969697,0.939393939393939,0.939393939393939,1,0.939393939393939,1,1,0.96969696969697,1,0.939393939393939,1,1,1,1,1,1,1,1,1,1,1,1,1,1,1,1,1,1,1,1
0.96969696969697,0.954545454545455,0.96969696969697,1,1,1,1,1,0.939393939393939,1,1,0.96969696969697,0.96969696969697,1,1,1,1,1,1,1,1,1,1,1,1,1,1,1,1,1
0.954545454545455,0.96969696969697,0.924242424242424,0.954545454545455,1,1,1,1,1,1,1,1,1,1,1,1,1,1,1,1,1,1,1,1,1,1,1,1,1,1
0.96969696969697,0.863636363636364,1,0.893939393939394,0.924242424242424,1,1,1,0.939393939393939,1,1,1,1,1,1,1,1,1,1,1,1,1,1,1,1,1,1,1,1,1
0.96969696969697,0.96969696969697,0.878787878787879,0.909090909090909,1,1,0.96969696969697,1,1,1,1,1,1,0.96969696969697,1,1,1,1,1,1,1,1,1,1,1,1,1,1,1,1
0.848484848484849,0.863636363636364,0.954545454545455,1,1,0.96969696969697,0.939393939393939,1,1,1,1,1,1,1,1,1,1,1,1,1,1,1,1,1,1,1,1,1,1,1
0.833333333333333,0.954545454545455,1,0.939393939393939,0.954545454545455,0.96969696969697,1,1,1,1,1,1,1,1,1,1,1,1,1,0.96969696969697,1,1,1,1,1,1,1,1,1,1
0.96969696969697,0.96969696969697,1,0.96969696969697,1,1,0.939393939393939,1,1,1,1,1,1,1,1,1,1,1,1,1,1,1,1,1,1,1,1,1,1,1
0.909090909090909,0.924242424242424,0.939393939393939,0.96969696969697,1,1,0.96969696969697,1,1,1,1,1,1,1,1,1,1,1,1,1,1,1,1,1,1,1,1,1,1,1
0.96969696969697,1,0.96969696969697,1,0.954545454545455,0.954545454545455,1,1,1,1,1,1,1,1,1,1,1,1,1,1,1,1,1,1,1,1,1,1,1,1
0.893939393939394,0.954545454545455,0.96969696969697,1,0.96969696969697,1,1,1,1,1,1,1,1,1,1,1,1,1,1,1,1,1,1,1,1,1,1,1,1,1
0.924242424242424,0.878787878787879,1,1,1,0.939393939393939,1,1,1,1,1,1,1,1,1,1,1,1,1,1,1,1,1,1,1,1,1,1,1,1
0.848484848484849,0.924242424242424,1,1,0.924242424242424,1,1,1,1,1,1,1,1,0.96969696969697,1,1,1,1,1,1,1,1,1,1,1,1,1,1,1,1
0.909090909090909,0.96969696969697,0.878787878787879,0.909090909090909,1,0.924242424242424,0.96969696969697,1,1,1,1,1,1,1,1,1,1,1,1,1,1,1,1,1,1,1,1,1,1,1
0.96969696969697,0.909090909090909,0.954545454545455,1,0.96969696969697,0.939393939393939,1,1,1,1,1,1,1,1,1,1,1,1,1,1,1,1,1,1,1,1,1,1,1,1
0.893939393939394,0.939393939393939,0.96969696969697,0.954545454545455,0.96969696969697,1,1,1,1,1,1,1,1,1,1,1,1,1,1,1,1,1,1,1,1,1,1,1,1,1
0.878787878787879,1,0.96969696969697,0.954545454545455,0.96969696969697,0.909090909090909,0.96969696969697,1,1,1,1,1,1,1,1,1,1,1,1,1,1,1,1,1,1,1,1,1,1,1
0.96969696969697,0.96969696969697,0.96969696969697,0.939393939393939,0.909090909090909,0.939393939393939,0.96969696969697,0.96969696969697,1,1,1,1,1,1,1,1,1,1,1,1,1,1,1,1,1,1,1,1,1,1
0.863636363636364,1,0.984848484848485,0.96969696969697,1,0.954545454545455,1,1,1,0.96969696969697,1,1,1,1,1,1,1,1,1,1,1,1,1,1,1,1,1,1,1,1
0.96969696969697,0.893939393939394,0.878787878787879,1,0.96969696969697,1,1,1,1,1,1,1,1,1,1,1,1,1,1,1,1,1,1,1,1,1,1,1,1,1
0.96969696969697,0.939393939393939,0.863636363636364,1,1,0.96969696969697,0.939393939393939,0.984848484848485,1,1,1,1,1,1,1,1,1,1,1,1,1,1,1,1,1,1,1,1,1,1
0.909090909090909,0.984848484848485,0.96969696969697,1,0.96969696969697,1,1,1,1,1,1,1,1,1,1,1,1,1,1,1,1,1,1,1,1,1,1,1,1,1
0.848484848484849,0.96969696969697,0.924242424242424,1,1,0.984848484848485,1,1,1,1,1,1,1,1,1,1,1,1,1,1,1,1,1,1,1,1,1,1,1,1
0.893939393939394,0.924242424242424,1,0.96969696969697,0.939393939393939,1,1,0.96969696969697,1,1,1,0.96969696969697,1,1,1,1,1,1,1,1,1,1,1,1,1,1,1,1,1,1
0.939393939393939,0.939393939393939,1,0.863636363636364,0.924242424242424,1,1,1,1,0.954545454545455,1,1,1,1,1,1,1,1,1,1,1,1,1,1,1,1,1,1,1,1
0.984848484848485,0.954545454545455,0.96969696969697,0.96969696969697,1,1,1,1,0.96969696969697,1,1,1,1,1,1,1,1,1,1,1,1,1,1,1,1,1,1,1,1,1
0.939393939393939,0.939393939393939,0.893939393939394,0.96969696969697,0.96969696969697,0.954545454545455,0.939393939393939,1,1,1,1,1,1,1,1,1,1,1,1,1,1,1,1,1,1,1,1,1,1,1
0.909090909090909,0.96969696969697,0.893939393939394,1,1,0.939393939393939,1,1,1,1,1,1,1,1,1,1,1,1,1,1,1,1,1,1,1,1,1,1,1,1
1,1,0.893939393939394,0.96969696969697,1,0.96969696969697,1,1,1,1,1,1,0.96969696969697,1,1,0.96969696969697,1,1,1,1,1,1,1,1,1,1,1,1,1,1
0.863636363636364,0.96969696969697,0.984848484848485,0.96969696969697,1,0.96969696969697,1,0.954545454545455,0.96969696969697,1,1,0.96969696969697,1,1,1,1,1,1,1,1,1,1,1,1,1,1,1,1,1,1
0.96969696969697,0.878787878787879,0.878787878787879,0.96969696969697,0.954545454545455,1,0.924242424242424,0.954545454545455,1,1,1,1,1,1,1,1,1,1,1,1,1,1,1,1,1,1,1,1,1,1
0.939393939393939,0.939393939393939,0.96969696969697,0.939393939393939,1,0.939393939393939,1,1,1,1,1,1,1,1,1,1,1,1,1,1,1,1,1,1,1,1,1,1,1,1
0.878787878787879,0.924242424242424,0.909090909090909,1,1,1,0.96969696969697,1,1,1,1,1,0.954545454545455,1,1,1,1,1,1,1,1,1,1,1,1,1,1,1,1,1
0.924242424242424,0.878787878787879,0.924242424242424,1,0.96969696969697,0.939393939393939,1,1,1,1,1,1,1,1,1,1,1,1,1,1,1,1,1,1,1,1,1,1,1,1
0.863636363636364,0.96969696969697,0.96969696969697,0.96969696969697,1,0.954545454545455,1,1,1,0.984848484848485,1,1,1,1,1,1,1,1,1,1,1,1,1,1,1,1,1,1,1,1
0.96969696969697,1,0.909090909090909,1,0.909090909090909,0.939393939393939,1,1,1,1,1,1,1,1,1,1,1,0.96969696969697,1,1,1,1,1,1,1,1,1,1,1,1
0.924242424242424,0.96969696969697,0.924242424242424,1,1,0.96969696969697,1,0.96969696969697,1,1,1,1,1,1,1,1,1,1,1,1,1,1,1,1,1,1,1,1,1,1
0.878787878787879,0.96969696969697,0.984848484848485,0.96969696969697,0.924242424242424,1,0.96969696969697,1,1,1,1,1,1,1,1,1,1,1,1,1,1,1,1,1,1,1,1,1,1,1
0.909090909090909,0.954545454545455,0.909090909090909,0.96969696969697,1,1,1,1,1,1,1,1,1,1,1,1,1,1,1,1,1,1,1,1,1,1,1,1,1,1
0.96969696969697,1,0.96969696969697,0.984848484848485,0.96969696969697,1,0.939393939393939,1,1,1,1,1,1,1,1,1,1,1,1,1,1,1,1,1,1,1,1,1,1,1
0.954545454545455,0.954545454545455,0.96969696969697,1,1,1,0.954545454545455,1,1,1,1,1,1,1,1,1,1,1,1,1,1,1,1,1,1,1,1,1,1,1
0.954545454545455,0.924242424242424,0.909090909090909,0.96969696969697,0.96969696969697,0.96969696969697,1,1,1,1,1,1,1,1,1,1,1,1,1,1,1,1,1,1,1,1,1,1,1,1
0.96969696969697,0.893939393939394,1,1,0.954545454545455,1,1,1,1,1,1,1,1,1,1,1,1,1,1,1,1,1,1,1,1,1,1,1,1,1
0.878787878787879,1,0.96969696969697,0.939393939393939,0.909090909090909,1,1,1,1,1,0.954545454545455,1,1,1,1,1,1,1,1,1,1,1,1,1,1,1,1,1,1,1
0.848484848484849,1,1,1,1,0.984848484848485,1,1,1,1,1,1,1,1,1,1,1,1,1,1,1,1,1,1,1,1,1,1,1,1
0.863636363636364,0.96969696969697,1,0.96969696969697,0.939393939393939,0.96969696969697,1,1,1,1,1,1,1,1,1,1,1,1,1,1,1,1,1,1,1,1,1,1,1,1
0.848484848484849,0.96969696969697,0.893939393939394,1,1,1,1,1,1,0.924242424242424,0.939393939393939,1,1,1,0.984848484848485,1,1,1,1,1,1,1,1,1,1,1,1,1,1,1
0.863636363636364,0.954545454545455,0.96969696969697,0.96969696969697,1,0.984848484848485,0.984848484848485,1,0.96969696969697,1,1,1,1,1,1,1,1,1,1,1,1,1,1,1,1,1,1,1,1,1
0.878787878787879,0.909090909090909,0.909090909090909,0.893939393939394,1,0.96969696969697,1,1,1,1,1,1,1,1,1,1,1,1,1,1,1,1,1,1,1,1,1,1,1,1
0.96969696969697,0.863636363636364,0.939393939393939,0.893939393939394,0.96969696969697,1,1,0.96969696969697,1,1,1,1,1,1,1,1,1,1,1,1,1,1,1,1,1,1,1,1,1,1
0.924242424242424,0.924242424242424,0.939393939393939,0.984848484848485,0.939393939393939,0.96969696969697,0.954545454545455,1,1,1,1,1,1,1,1,1,1,1,1,1,1,1,1,1,1,1,1,1,1,1
0.96969696969697,0.96969696969697,1,0.96969696969697,1,1,1,0.96969696969697,1,1,1,1,1,1,1,1,1,1,1,1,1,1,1,1,1,1,1,1,1,1
0.96969696969697,0.954545454545455,0.96969696969697,0.96969696969697,0.984848484848485,1,1,1,1,1,1,1,1,1,1,1,1,1,1,1,1,1,1,1,1,1,1,1,1,1
0.863636363636364,0.848484848484849,1,1,0.96969696969697,1,1,1,1,1,1,1,1,1,1,1,1,1,1,1,1,1,1,1,1,1,1,1,1,1
1,0.96969696969697,0.954545454545455,0.954545454545455,0.96969696969697,0.96969696969697,0.984848484848485,1,1,1,1,1,1,1,1,1,1,1,1,1,1,1,1,1,1,1,1,1,1,1
0.924242424242424,1,0.96969696969697,0.924242424242424,0.954545454545455,1,1,1,1,1,1,1,1,1,1,1,1,1,1,1,1,1,1,1,1,1,1,1,1,1
0.96969696969697,1,1,1,1,0.939393939393939,1,1,0.984848484848485,1,1,1,1,0.96969696969697,1,1,1,1,1,1,1,1,1,1,1,1,1,1,1,1
0.96969696969697,0.909090909090909,0.954545454545455,0.96969696969697,1,0.96969696969697,1,0.954545454545455,1,1,1,1,1,1,1,1,1,1,1,1,1,1,1,1,1,1,1,1,1,1
0.909090909090909,0.863636363636364,0.96969696969697,1,1,1,0.96969696969697,1,1,0.96969696969697,1,1,1,1,1,0.96969696969697,1,1,1,1,1,1,1,1,1,1,1,1,1,1
0.924242424242424,1,0.893939393939394,1,0.96969696969697,0.939393939393939,1,1,1,1,0.954545454545455,1,1,1,1,1,1,1,1,1,1,1,1,1,1,1,1,1,1,1
1,0.909090909090909,0.924242424242424,1,0.939393939393939,1,1,0.96969696969697,1,1,1,1,1,1,1,1,1,1,1,1,1,1,1,1,1,1,1,1,1,1
0.96969696969697,0.893939393939394,0.924242424242424,1,1,0.96969696969697,1,1,1,0.96969696969697,1,1,1,1,1,1,1,1,1,1,1,1,1,1,1,1,1,1,1,1
0.924242424242424,0.924242424242424,1,1,0.924242424242424,1,1,0.96969696969697,1,1,1,1,1,1,1,1,1,1,1,1,1,1,1,1,1,1,1,1,1,1
0.96969696969697,0.96969696969697,0.893939393939394,0.984848484848485,1,1,1,1,1,1,1,1,1,1,1,1,1,1,1,1,1,1,1,1,1,1,1,1,1,1
1,1,0.96969696969697,1,0.96969696969697,0.954545454545455,1,0.939393939393939,1,1,1,1,1,1,1,1,1,1,1,1,1,1,1,1,1,1,1,1,1,1
0.96969696969697,0.924242424242424,1,0.893939393939394,0.984848484848485,1,0.954545454545455,1,1,1,1,1,1,1,0.96969696969697,1,1,1,1,1,1,1,1,1,1,1,1,1,1,1
0.878787878787879,0.893939393939394,0.909090909090909,0.96969696969697,0.924242424242424,0.984848484848485,1,0.96969696969697,0.939393939393939,1,1,1,1,1,1,1,1,1,1,1,1,1,1,1,1,1,1,1,1,1
0.863636363636364,0.939393939393939,0.939393939393939,0.924242424242424,0.954545454545455,0.924242424242424,0.954545454545455,0.96969696969697,0.939393939393939,0.954545454545455,1,1,0.984848484848485,1,1,1,1,1,1,1,1,1,1,1,1,1,1,1,1,1
1,0.893939393939394,0.954545454545455,1,0.96969696969697,1,1,0.96969696969697,1,0.96969696969697,1,1,0.984848484848485,1,1,1,1,1,1,1,1,1,1,1,1,1,1,1,1,1
0.772727272727273,0.909090909090909,0.939393939393939,0.909090909090909,0.96969696969697,0.984848484848485,0.96969696969697,1,1,1,1,1,1,1,1,1,1,1,1,1,1,1,1,1,1,1,1,1,1,1
0.96969696969697,1,0.893939393939394,1,1,1,1,1,1,1,1,1,1,1,1,1,1,1,1,1,1,1,1,1,1,1,1,1,1,1
0.893939393939394,0.96969696969697,1,1,0.924242424242424,0.96969696969697,1,1,0.96969696969697,1,0.984848484848485,1,1,1,1,1,1,1,1,1,1,1,1,1,1,1,1,1,1,1
0.96969696969697,1,0.909090909090909,0.96969696969697,1,0.96969696969697,1,1,1,1,1,1,1,1,1,1,1,1,1,1,1,1,1,1,1,1,1,1,1,1
0.96969696969697,0.96969696969697,0.96969696969697,1,1,1,1,0.984848484848485,1,1,1,1,1,1,1,1,1,1,1,1,1,1,1,1,1,1,1,1,1,1
0.924242424242424,1,0.924242424242424,0.939393939393939,0.909090909090909,1,1,1,1,0.96969696969697,1,1,1,1,1,1,1,1,1,1,1,1,1,1,1,1,1,1,1,1
0.878787878787879,1,0.96969696969697,0.939393939393939,1,1,1,0.96969696969697,1,1,1,1,1,1,1,1,1,1,1,1,1,1,1,1,1,1,1,1,1,1
0.909090909090909,0.984848484848485,0.96969696969697,0.924242424242424,0.96969696969697,0.96969696969697,1,0.939393939393939,1,1,1,1,1,1,1,1,1,1,1,1,1,1,1,1,1,1,1,1,1,1
0.848484848484849,0.96969696969697,0.96969696969697,0.984848484848485,1,1,0.893939393939394,1,1,1,1,1,1,1,1,1,1,1,1,1,1,1,1,1,1,1,1,1,1,1
0.863636363636364,0.909090909090909,0.893939393939394,0.954545454545455,0.96969696969697,1,1,0.954545454545455,0.96969696969697,1,1,1,1,1,1,1,1,1,1,1,1,1,1,1,1,1,1,1,1,1
0.96969696969697,0.924242424242424,1,0.96969696969697,0.96969696969697,1,1,1,1,1,1,1,1,1,1,1,1,1,1,1,1,1,1,1,1,1,1,1,1,1
0.924242424242424,0.878787878787879,0.893939393939394,1,0.984848484848485,0.984848484848485,0.96969696969697,1,1,1,1,1,1,1,1,1,1,1,1,1,1,1,1,1,1,1,1,1,1,1
0.96969696969697,0.878787878787879,0.96969696969697,0.893939393939394,1,0.939393939393939,1,1,1,1,1,1,1,1,1,1,1,1,1,1,1,1,1,1,1,1,1,1,1,1
0.96969696969697,0.954545454545455,0.924242424242424,1,1,1,0.954545454545455,1,1,0.954545454545455,1,1,1,1,1,1,1,1,1,1,1,1,1,1,1,1,1,1,1,1
0.96969696969697,1,0.96969696969697,0.924242424242424,0.954545454545455,1,1,0.96969696969697,1,1,1,1,1,0.96969696969697,1,1,1,1,1,1,1,1,1,1,1,1,1,1,1,1
0.848484848484849,0.863636363636364,0.984848484848485,0.96969696969697,1,1,0.954545454545455,1,1,1,1,1,1,1,1,1,1,1,1,1,1,1,1,1,1,1,1,1,1,1
0.893939393939394,0.96969696969697,0.893939393939394,1,1,1,1,1,1,1,1,1,1,1,1,1,1,1,1,1,1,1,1,1,1,1,1,1,1,1
0.96969696969697,0.924242424242424,0.909090909090909,0.939393939393939,1,0.984848484848485,1,1,1,1,1,1,1,0.96969696969697,1,1,1,1,1,1,1,1,1,1,1,1,1,1,1,1
0.848484848484849,0.863636363636364,0.954545454545455,0.954545454545455,1,0.939393939393939,1,0.984848484848485,1,1,1,1,1,1,1,1,1,1,1,1,1,1,1,1,1,1,1,1,1,1
0.954545454545455,0.863636363636364,1,0.96969696969697,1,0.96969696969697,1,1,1,0.96969696969697,1,1,0.96969696969697,1,1,1,1,1,1,1,1,1,1,1,1,1,1,1,1,1
0.893939393939394,0.96969696969697,0.893939393939394,1,1,0.954545454545455,1,0.96969696969697,1,1,1,1,1,1,1,1,1,1,1,1,1,1,1,1,1,1,1,1,1,1
0.939393939393939,0.924242424242424,0.96969696969697,0.939393939393939,0.984848484848485,1,0.96969696969697,0.96969696969697,1,1,0.984848484848485,1,1,1,1,1,1,1,1,1,1,1,1,1,1,1,1,1,1,1
0.96969696969697,0.96969696969697,0.96969696969697,0.909090909090909,1,0.924242424242424,1,1,1,1,1,1,1,1,1,1,1,1,1,1,1,1,1,1,1,1,1,1,1,1
0.96969696969697,0.909090909090909,0.909090909090909,1,1,1,1,1,0.96969696969697,1,1,1,1,1,1,1,1,1,1,1,1,1,1,1,1,1,1,1,1,1
0.96969696969697,0.96969696969697,0.893939393939394,0.96969696969697,1,1,1,1,1,1,1,1,1,1,1,1,1,1,1,1,1,1,1,1,1,1,1,1,1,1
0.954545454545455,0.96969696969697,0.96969696969697,0.954545454545455,1,0.984848484848485,1,0.96969696969697,1,1,1,1,1,1,1,1,1,1,1,1,1,1,1,1,1,1,1,1,1,1
0.893939393939394,0.939393939393939,0.924242424242424,0.96969696969697,1,0.96969696969697,1,0.96969696969697,1,1,1,1,1,1,1,1,1,1,1,1,1,1,1,1,1,1,1,1,1,1
0.893939393939394,0.848484848484849,1,1,1,1,0.939393939393939,1,1,1,1,1,1,1,1,1,1,1,1,1,1,1,1,1,1,1,1,1,1,1
0.96969696969697,1,0.96969696969697,0.96969696969697,1,0.96969696969697,1,1,1,1,0.96969696969697,1,1,1,1,1,1,1,1,1,1,1,1,1,1,1,1,1,1,1
0.939393939393939,0.878787878787879,0.96969696969697,1,1,1,1,1,1,1,1,1,1,1,1,1,1,1,1,1,1,1,1,1,1,1,1,1,1,1
0.954545454545455,0.96969696969697,1,1,1,1,1,1,1,1,1,1,1,1,1,1,1,1,1,1,1,1,1,1,1,1,1,1,1,1
0.96969696969697,1,0.96969696969697,0.954545454545455,1,0.96969696969697,1,1,1,1,1,1,1,1,1,1,1,1,1,1,1,1,1,1,1,1,1,1,1,1
0.954545454545455,0.893939393939394,0.96969696969697,0.893939393939394,1,1,1,1,1,1,0.984848484848485,1,1,1,1,1,1,1,1,1,1,1,1,1,1,1,1,1,1,1
1,0.96969696969697,1,1,0.954545454545455,1,0.96969696969697,0.96969696969697,1,1,1,1,1,0.96969696969697,1,1,1,1,1,1,1,1,1,1,1,1,1,1,1,1
0.893939393939394,1,1,1,0.954545454545455,1,0.96969696969697,0.96969696969697,1,1,1,1,1,1,1,1,1,1,1,1,1,1,1,1,1,1,1,1,1,1
1,1,0.939393939393939,1,0.924242424242424,0.954545454545455,0.954545454545455,1,1,1,1,1,1,1,1,1,1,1,1,1,1,1,1,1,1,1,1,1,1,1
0.924242424242424,0.96969696969697,1,1,0.954545454545455,1,0.984848484848485,0.96969696969697,1,0.96969696969697,1,0.96969696969697,0.984848484848485,1,1,1,1,1,1,1,1,1,1,1,1,1,1,1,1,1
0.863636363636364,0.96969696969697,0.924242424242424,0.878787878787879,0.909090909090909,1,0.954545454545455,1,1,1,1,1,1,1,1,1,1,1,1,1,1,1,1,1,1,1,1,1,1,1
0.96969696969697,0.848484848484849,1,1,0.96969696969697,1,1,1,0.96969696969697,1,1,0.96969696969697,1,1,1,1,1,1,1,1,1,1,1,1,1,1,1,1,1,1
0.909090909090909,0.96969696969697,0.96969696969697,1,0.96969696969697,1,1,1,1,1,1,1,1,1,1,1,1,1,1,1,1,1,1,1,1,1,1,1,1,1
0.878787878787879,0.939393939393939,0.96969696969697,0.96969696969697,1,0.954545454545455,1,1,1,1,1,1,1,1,1,1,1,1,1,1,1,1,1,1,1,1,1,1,1,1
0.878787878787879,0.96969696969697,0.863636363636364,0.96969696969697,1,1,1,1,1,1,1,1,1,1,1,1,1,1,1,1,1,1,1,1,1,1,1,1,1,1
0.954545454545455,0.878787878787879,0.909090909090909,0.96969696969697,0.96969696969697,1,0.954545454545455,1,0.96969696969697,1,1,0.954545454545455,1,1,1,1,1,1,1,1,1,1,1,1,1,1,1,1,1,1
0.863636363636364,1,1,0.909090909090909,1,1,0.96969696969697,1,1,1,1,1,1,1,1,1,1,1,1,1,1,1,1,1,1,1,1,1,1,1
0.96969696969697,0.96969696969697,1,0.954545454545455,0.954545454545455,0.96969696969697,1,1,0.924242424242424,1,1,1,1,1,1,1,1,1,1,1,1,1,1,1,1,1,1,1,1,1
0.954545454545455,0.984848484848485,1,1,0.984848484848485,0.909090909090909,0.954545454545455,1,1,1,1,1,1,1,1,1,1,1,1,1,1,1,1,1,1,1,1,1,1,1
0.96969696969697,0.96969696969697,0.954545454545455,1,0.96969696969697,0.954545454545455,1,1,1,1,1,1,1,1,1,1,1,1,1,1,1,1,1,1,1,1,1,1,1,1
1,0.96969696969697,0.909090909090909,1,1,1,0.984848484848485,1,1,1,1,1,1,1,1,1,1,1,1,1,1,1,1,1,1,1,1,1,1,1
0.954545454545455,0.878787878787879,0.954545454545455,1,1,1,1,1,1,1,1,1,1,1,1,1,1,1,1,1,1,1,1,1,1,1,1,1,1,1
0.848484848484849,0.939393939393939,0.96969696969697,0.924242424242424,0.893939393939394,1,1,1,1,1,1,1,1,1,1,1,1,1,1,1,1,1,1,1,1,1,1,1,1,1
1,0.96969696969697,0.96969696969697,1,1,0.954545454545455,1,0.96969696969697,0.984848484848485,1,1,1,1,1,1,1,1,1,1,1,1,1,1,1,1,1,1,1,1,1
0.924242424242424,0.96969696969697,0.924242424242424,0.96969696969697,0.954545454545455,1,0.96969696969697,1,0.939393939393939,1,1,1,1,1,1,1,1,1,1,1,1,1,1,1,1,1,1,1,1,1
1,1,1,0.96969696969697,1,1,1,1,1,0.984848484848485,0.96969696969697,1,0.96969696969697,1,1,1,1,1,1,1,1,1,1,1,1,1,1,1,1,1
0.878787878787879,0.909090909090909,0.909090909090909,1,1,1,1,1,1,1,1,1,1,1,1,1,1,1,1,1,1,1,1,1,1,1,1,1,1,1
0.863636363636364,0.96969696969697,0.96969696969697,1,1,1,0.939393939393939,0.96969696969697,1,1,0.984848484848485,1,1,1,1,1,1,1,1,1,1,1,1,1,1,1,1,1,1,1
0.96969696969697,0.954545454545455,0.924242424242424,0.909090909090909,0.984848484848485,0.984848484848485,0.939393939393939,1,0.924242424242424,1,1,1,1,1,1,1,1,1,1,1,1,1,1,1,1,1,1,1,1,1
0.96969696969697,1,0.954545454545455,0.96969696969697,1,0.96969696969697,1,1,1,1,1,1,1,1,1,1,1,1,1,1,1,1,1,1,1,1,1,1,1,1
0.878787878787879,1,0.96969696969697,0.96969696969697,1,0.96969696969697,1,1,1,1,1,1,1,1,1,1,1,1,1,1,1,1,1,1,1,1,1,1,1,1
0.924242424242424,0.954545454545455,1,1,1,0.984848484848485,1,0.984848484848485,1,1,1,1,1,1,1,1,1,1,1,1,1,1,1,1,1,1,1,1,1,1
0.96969696969697,0.954545454545455,0.96969696969697,0.939393939393939,0.909090909090909,1,1,1,1,1,0.96969696969697,1,1,1,1,1,1,1,1,1,1,1,1,1,1,1,1,1,1,1
0.893939393939394,0.893939393939394,0.939393939393939,0.893939393939394,1,0.954545454545455,0.954545454545455,1,1,1,1,1,1,1,1,1,1,1,1,1,1,1,1,1,1,1,1,1,1,1
0.909090909090909,0.878787878787879,0.893939393939394,1,0.96969696969697,1,0.984848484848485,1,1,1,1,1,0.96969696969697,1,1,1,1,1,1,1,1,1,1,1,1,1,1,1,1,1
0.939393939393939,0.924242424242424,0.909090909090909,0.984848484848485,1,1,1,1,1,1,1,1,1,1,1,1,1,1,1,1,1,1,1,1,1,1,1,1,1,1
0.96969696969697,0.848484848484849,0.96969696969697,1,1,1,1,1,1,1,1,1,1,1,1,1,1,1,1,1,1,1,1,1,1,1,1,1,1,1
0.772727272727273,0.96969696969697,1,1,1,1,0.96969696969697,1,1,1,1,1,1,1,1,1,1,1,1,1,1,1,1,1,1,1,1,1,1,1
1,0.96969696969697,0.96969696969697,0.909090909090909,1,0.954545454545455,1,1,1,1,1,1,1,1,1,1,0.984848484848485,1,1,1,1,1,1,1,1,1,1,1,1,1
0.96969696969697,0.96969696969697,0.939393939393939,1,0.96969696969697,1,1,0.96969696969697,0.96969696969697,0.909090909090909,1,1,1,1,1,1,1,1,1,1,1,1,1,1,1,1,1,1,1,1
0.909090909090909,0.893939393939394,0.939393939393939,1,0.96969696969697,0.96969696969697,1,0.984848484848485,1,1,1,0.939393939393939,1,1,1,1,1,1,1,1,1,1,1,1,1,1,1,1,1,1
0.924242424242424,1,0.984848484848485,1,1,1,1,1,1,1,1,1,1,1,1,1,0.96969696969697,1,1,1,1,1,1,1,1,1,1,1,1,1
0.96969696969697,0.893939393939394,0.939393939393939,0.96969696969697,0.96969696969697,0.954545454545455,1,1,1,1,1,1,1,1,1,1,1,1,1,1,1,1,1,1,1,1,1,1,1,1
0.96969696969697,0.96969696969697,0.96969696969697,0.954545454545455,1,0.939393939393939,1,1,1,1,1,1,1,1,1,1,1,1,1,1,1,1,1,1,1,1,1,1,1,1
0.96969696969697,0.863636363636364,0.909090909090909,1,0.878787878787879,1,1,0.96969696969697,1,1,1,1,1,1,1,1,1,1,1,1,1,1,1,1,1,1,1,1,1,1
0.878787878787879,0.984848484848485,0.909090909090909,1,1,1,0.954545454545455,1,1,1,1,1,1,1,1,1,1,1,1,1,1,1,1,1,1,1,1,1,1,1
0.954545454545455,0.924242424242424,0.96969696969697,1,0.96969696969697,1,1,0.909090909090909,1,1,1,1,1,1,1,1,1,1,1,1,1,1,1,1,1,1,1,1,1,1
0.96969696969697,0.96969696969697,1,0.939393939393939,1,1,0.939393939393939,1,1,1,1,1,1,1,1,1,1,1,1,1,1,1,1,1,1,1,1,1,1,1
0.96969696969697,0.924242424242424,0.96969696969697,0.954545454545455,0.939393939393939,1,0.984848484848485,1,0.984848484848485,0.96969696969697,1,1,1,1,1,1,1,1,1,1,1,1,1,1,1,1,1,1,1,1
0.878787878787879,0.924242424242424,1,0.939393939393939,0.909090909090909,0.96969696969697,0.96969696969697,1,1,1,1,1,1,1,1,1,1,1,1,1,1,1,1,1,1,1,1,1,1,1
0.893939393939394,0.96969696969697,0.96969696969697,0.984848484848485,1,1,0.96969696969697,1,1,1,1,1,1,1,1,1,1,1,1,1,1,1,1,1,1,1,1,1,1,1
0.848484848484849,0.848484848484849,0.954545454545455,1,0.939393939393939,1,1,1,1,1,1,1,1,1,1,1,1,1,1,1,1,1,1,1,1,1,1,1,1,1
0.848484848484849,0.924242424242424,0.909090909090909,1,0.984848484848485,1,0.954545454545455,1,1,1,1,1,1,1,1,1,1,1,1,1,1,1,1,1,1,1,1,1,1,1
0.909090909090909,0.863636363636364,0.909090909090909,0.96969696969697,1,1,1,0.954545454545455,1,1,1,1,1,1,1,1,1,1,1,1,1,1,1,1,1,1,1,1,1,1
0.96969696969697,1,0.96969696969697,1,1,1,1,0.954545454545455,1,1,1,1,1,1,1,1,1,1,1,1,1,1,1,1,1,1,1,1,1,1
0.909090909090909,0.893939393939394,0.984848484848485,0.96969696969697,1,1,1,0.96969696969697,1,0.96969696969697,1,1,0.96969696969697,1,1,1,1,1,1,1,1,1,1,1,1,1,1,1,1,1
0.893939393939394,0.924242424242424,0.939393939393939,0.909090909090909,1,1,1,0.984848484848485,0.984848484848485,1,1,1,1,1,1,1,1,1,1,1,1,1,1,1,1,1,1,1,1,1
0.878787878787879,0.893939393939394,0.939393939393939,0.954545454545455,1,1,1,1,1,0.96969696969697,1,1,1,1,1,1,1,1,1,1,1,1,1,1,1,1,1,1,1,1
0.909090909090909,0.878787878787879,0.96969696969697,0.924242424242424,0.939393939393939,1,0.96969696969697,1,1,1,1,1,1,1,1,1,1,1,1,1,1,1,1,1,1,1,1,1,1,1
